component_id,lot_id,wafer_id,val_0h,val_24h,val_96h,val_168h,iddq_0h,iddq_24h,tpd_0h,tpd_24h,static_limit,static_pass_0h,static_pass_24h,defect_type,is_defective
IC_5876,LOT_D,W09,10.1952,11.7396,13.3572,13.6193,2.4977,2.6081,12.4922,12.7501,50.0,1,1,normal,0
IC_5646,LOT_F,W07,9.3679,10.7063,11.6482,12.8579,1.872,1.9618,13.2219,13.3167,50.0,1,1,normal,0
IC_3607,LOT_F,W20,9.2422,10.6252,12.4591,13.6104,1.8477,1.8959,12.8541,13.1291,50.0,1,1,normal,0
IC_6640,LOT_F,W08,9.6573,11.2832,12.8622,13.2381,2.1951,2.2945,13.2892,13.5198,50.0,1,1,normal,0
IC_6763,LOT_D,W24,10.8577,11.95,12.8083,13.3377,2.4195,2.5603,13.1723,13.3176,50.0,1,1,normal,0
IC_5834,LOT_F,W21,11.6923,13.3274,14.93,15.3519,2.1498,2.2334,13.5168,13.7349,50.0,1,1,normal,0
IC_4606,LOT_A,W01,8.8018,10.2283,11.2952,11.4105,2.221,2.2912,11.9959,12.0161,50.0,1,1,normal,0
IC_5232,LOT_F,W01,10.2272,11.2681,12.4546,13.7219,2.2814,2.3186,12.8651,12.851,50.0,1,1,normal,0
IC_5172,LOT_A,W04,42.3142,43.2021,44.9246,45.4678,5.431,5.4582,16.1118,16.1497,50.0,1,1,latent_distribution_outlier,1
IC_3672,LOT_E,W07,11.4566,12.0535,13.0217,13.7195,2.4829,2.5185,13.669,13.87,50.0,1,1,normal,0
IC_2865,LOT_B,W02,9.7894,10.88,12.2826,12.5515,2.2526,2.3284,11.5168,11.6796,50.0,1,1,normal,0
IC_4975,LOT_A,W19,7.0502,12.6167,42.4894,83.599,2.1479,2.4985,11.4547,12.3789,50.0,1,1,early_drifter,1
IC_5084,LOT_A,W03,41.0189,42.6222,44.7503,45.7071,5.05,5.1634,17.051,17.4283,50.0,1,1,latent_distribution_outlier,1
IC_6803,LOT_F,W01,10.5295,11.6777,12.8702,13.5601,2.5852,2.6762,12.8251,12.9321,50.0,1,1,normal,0
IC_3178,LOT_A,W05,10.0353,10.7507,11.9734,12.6271,2.7819,2.8334,12.5253,12.452,50.0,1,1,normal,0
IC_5998,LOT_D,W09,10.6133,11.6235,12.6734,14.128,2.2226,2.2823,12.3019,12.4868,50.0,1,1,normal,0
IC_5563,LOT_F,W22,10.0898,11.8829,13.0144,14.3762,2.2923,2.3741,14.4586,14.7234,50.0,1,1,normal,0
IC_5072,LOT_A,W18,8.1735,9.5253,10.8126,11.7615,2.7026,2.812,12.2871,12.4934,50.0,1,1,normal,0
IC_2707,LOT_A,W12,10.8917,12.0941,12.8494,13.2114,2.7668,2.8038,11.8282,11.9623,50.0,1,1,normal,0
IC_1212,LOT_E,W17,9.58,10.8178,12.4988,13.88,1.9991,2.0731,11.9889,12.2048,50.0,1,1,normal,0
IC_2923,LOT_D,W14,9.8907,13.5794,35.1832,67.6277,2.6965,2.9409,11.711,12.2851,50.0,1,1,early_drifter,1
IC_1782,LOT_F,W08,11.8348,12.7013,13.5701,14.1218,2.1857,2.2702,13.7206,13.8612,50.0,1,1,normal,0
IC_1893,LOT_A,W12,6.0423,7.184,8.5014,9.3527,2.2061,2.2778,11.6524,11.7856,50.0,1,1,normal,0
IC_3019,LOT_E,W13,9.9207,10.9766,12.3589,13.1478,2.5181,2.567,11.9824,11.9708,50.0,1,1,normal,0
IC_4517,LOT_A,W16,10.3767,11.9809,13.654,14.4269,2.4545,2.5493,10.3048,10.4448,50.0,1,1,normal,0
IC_4960,LOT_F,W15,9.6205,10.4795,11.4127,12.5985,2.3302,2.3031,13.3901,13.4363,50.0,1,1,normal,0
IC_4657,LOT_B,W08,7.1843,8.2791,9.3833,10.4988,1.9615,1.9799,9.4964,9.7238,50.0,1,1,normal,0
IC_3979,LOT_E,W05,10.2473,13.5223,31.4042,55.1339,2.0752,2.2356,12.8261,13.2263,50.0,1,1,early_drifter,1
IC_5197,LOT_F,W10,11.1916,12.2921,13.3827,14.3262,1.8696,1.9113,13.7058,13.725,50.0,1,1,normal,0
IC_3411,LOT_A,W08,11.8369,15.6303,38.2996,68.521,2.8038,3.0082,11.9763,12.6603,50.0,1,1,early_drifter,1
IC_1326,LOT_A,W16,9.1385,10.6187,11.797,12.593,2.629,2.7119,10.3105,10.6278,50.0,1,1,normal,0
IC_3734,LOT_D,W21,10.2663,10.8669,11.9215,12.3054,2.2619,2.2723,11.0497,10.9666,50.0,1,1,normal,0
IC_1442,LOT_E,W18,9.7955,13.1328,30.912,52.1199,1.9802,2.2009,12.9844,13.3978,50.0,1,1,early_drifter,1
IC_2366,LOT_C,W22,9.9064,10.8029,12.4504,13.3377,1.9824,2.0335,11.5177,11.6971,50.0,1,1,normal,0
IC_6754,LOT_E,W14,10.6516,11.8202,14.0449,14.9681,2.248,2.2579,11.4752,11.5346,50.0,1,1,normal,0
IC_2391,LOT_B,W05,8.6372,9.5774,11.0635,11.6778,2.3187,2.3748,11.2727,11.1196,50.0,1,1,normal,0
IC_1769,LOT_F,W23,11.8449,12.5969,13.3207,14.1772,2.3754,2.3617,13.356,13.3177,50.0,1,1,normal,0
IC_2887,LOT_E,W18,10.4877,11.9932,13.2381,14.6202,2.0645,2.222,13.4781,13.7417,50.0,1,1,normal,0
IC_4185,LOT_C,W05,9.4118,11.0824,12.929,14.1593,2.1575,2.2772,9.9265,10.0623,50.0,1,1,normal,0
IC_5769,LOT_D,W14,7.4721,9.0176,10.2716,11.9446,2.5806,2.674,10.7539,10.9635,50.0,1,1,normal,0
IC_4829,LOT_F,W04,9.4217,10.3314,11.6235,12.1386,2.1816,2.2108,13.2417,13.3989,50.0,1,1,normal,0
IC_1190,LOT_C,W08,13.9411,15.3996,16.0619,17.3858,1.9954,2.1089,11.1615,11.3656,50.0,1,1,normal,0
IC_5047,LOT_D,W22,13.1319,14.2372,15.6918,15.8341,2.623,2.7647,12.7295,12.8919,50.0,1,1,normal,0
IC_6517,LOT_E,W16,8.1799,9.4858,10.8888,12.045,2.34,2.4644,12.656,12.6743,50.0,1,1,normal,0
IC_1723,LOT_B,W14,8.5706,10.0558,11.6234,12.6219,2.4541,2.549,10.5128,10.714,50.0,1,1,normal,0
IC_6087,LOT_A,W04,10.7971,11.3046,12.2282,12.9661,2.0477,2.0334,11.1139,11.231,50.0,1,1,normal,0
IC_4933,LOT_C,W12,11.4396,12.3622,13.3199,14.1209,2.3851,2.449,11.6745,11.8203,50.0,1,1,normal,0
IC_2935,LOT_A,W04,7.2897,8.0708,9.2639,10.2714,2.5792,2.6534,11.2607,11.2811,50.0,1,1,normal,0
IC_1284,LOT_D,W12,10.1134,11.2651,11.7125,12.8596,2.5835,2.7083,10.465,10.364,50.0,1,1,normal,0
IC_1918,LOT_C,W13,11.725,13.1869,15.0064,15.7418,2.264,2.3259,11.7671,11.9035,50.0,1,1,normal,0
IC_5934,LOT_B,W24,9.0067,10.3716,11.8079,12.469,2.6049,2.7001,12.6021,12.9119,50.0,1,1,normal,0
IC_6832,LOT_F,W09,9.1023,10.1571,11.1177,11.7497,2.0524,2.1345,11.931,11.9961,50.0,1,1,normal,0
IC_6209,LOT_A,W05,7.6318,9.0375,10.5283,12.124,2.301,2.3939,11.3389,11.5494,50.0,1,1,normal,0
IC_4285,LOT_A,W06,8.3029,9.21,10.3903,11.2414,2.7247,2.8104,11.1182,11.3081,50.0,1,1,normal,0
IC_4575,LOT_A,W05,10.7215,11.498,12.7498,13.1993,2.6511,2.698,11.9094,11.8674,50.0,1,1,normal,0
IC_4036,LOT_E,W18,11.9194,13.3336,15.0859,15.4045,2.4985,2.5616,12.0736,12.3676,50.0,1,1,normal,0
IC_1476,LOT_E,W08,9.3666,10.0656,11.2547,12.3914,2.0656,2.1214,12.0308,12.1159,50.0,1,1,normal,0
IC_3111,LOT_F,W10,9.4248,14.852,46.4768,88.7668,2.3726,2.6696,13.0808,13.721,50.0,1,1,early_drifter,1
IC_5734,LOT_A,W18,10.0431,11.0722,13.1213,13.2086,2.5376,2.5876,11.1255,11.1981,50.0,1,1,normal,0
IC_2180,LOT_E,W03,14.3344,15.4843,16.3721,17.3401,1.829,1.9129,12.7779,12.8473,50.0,1,1,normal,0
IC_5474,LOT_D,W09,10.0415,10.8771,11.8644,12.1072,2.2298,2.3451,11.7688,11.8831,50.0,1,1,normal,0
IC_2481,LOT_D,W17,11.2816,12.4341,13.1271,14.0106,2.7675,2.8238,13.0828,13.1933,50.0,1,1,normal,0
IC_4238,LOT_C,W04,45.4723,47.6328,49.6175,52.2427,4.9343,5.0869,17.7038,17.9164,50.0,1,1,latent_distribution_outlier,1
IC_2200,LOT_E,W05,9.9897,11.1411,12.4405,13.1008,2.5189,2.5928,12.6781,12.8971,50.0,1,1,normal,0
IC_6851,LOT_D,W06,9.1575,10.2131,11.9771,13.0797,2.6429,2.7278,12.8648,12.8976,50.0,1,1,normal,0
IC_3477,LOT_B,W02,11.6531,12.9972,13.821,14.985,2.61,2.6773,12.2376,12.3364,50.0,1,1,normal,0
IC_6016,LOT_A,W13,8.0684,9.4857,10.7632,11.3444,1.9813,2.0522,11.2018,11.4249,50.0,1,1,normal,0
IC_3370,LOT_F,W22,11.0891,12.5981,14.1225,14.7842,1.8741,2.0066,13.9087,14.1217,50.0,1,1,normal,0
IC_4239,LOT_C,W10,10.2884,11.4409,12.5943,13.2907,2.1291,2.1489,12.4688,12.5431,50.0,1,1,normal,0
IC_1800,LOT_F,W04,10.4121,11.5244,13.2473,13.6976,2.1581,2.2211,13.8466,13.9097,50.0,1,1,normal,0
IC_4721,LOT_E,W13,9.143,10.2945,11.5881,12.794,2.1693,2.1912,11.9128,12.273,50.0,1,1,normal,0
IC_3567,LOT_D,W22,10.6332,12.5204,14.0523,15.1413,2.7359,2.8643,11.9842,12.2505,50.0,1,1,normal,0
IC_6616,LOT_A,W23,9.2738,10.7128,11.9227,13.8745,2.4873,2.5802,11.1224,11.2511,50.0,1,1,normal,0
IC_5471,LOT_F,W24,11.0835,12.2347,13.6916,14.3397,2.0315,2.0463,12.8396,12.9781,50.0,1,1,normal,0
IC_1130,LOT_E,W12,10.2389,11.5515,12.4805,13.4128,2.3619,2.462,11.7651,11.9036,50.0,1,1,normal,0
IC_4964,LOT_D,W08,9.7152,10.4484,11.0795,11.794,2.2057,2.2041,11.3417,11.5427,50.0,1,1,normal,0
IC_5709,LOT_A,W10,33.3974,34.4872,35.4038,37.4645,4.4078,4.5122,15.0624,15.4016,50.0,1,1,latent_distribution_outlier,1
IC_3514,LOT_B,W05,9.6249,11.0556,12.2375,13.2107,2.4008,2.518,10.1346,10.1616,50.0,1,1,normal,0
IC_3649,LOT_A,W04,11.9256,13.3516,14.9629,16.1272,2.5637,2.6572,11.7356,11.8854,50.0,1,1,normal,0
IC_5133,LOT_B,W11,11.6307,16.995,46.4152,87.5111,2.9269,3.3116,12.1277,12.6689,50.0,1,1,early_drifter,1
IC_5267,LOT_D,W19,7.9839,9.4866,11.0333,11.3234,2.3548,2.4559,11.9348,12.0544,50.0,1,1,normal,0
IC_6401,LOT_C,W21,10.7089,12.1958,13.5011,14.8988,2.2062,2.2914,11.3259,11.5428,50.0,1,1,normal,0
IC_3070,LOT_D,W20,9.0844,10.3158,12.3348,13.3124,2.273,2.3695,12.3281,12.3736,50.0,1,1,normal,0
IC_1998,LOT_D,W20,9.2808,10.9714,12.4771,13.2331,2.2009,2.3127,11.4152,11.6459,50.0,1,1,normal,0
IC_6399,LOT_B,W07,5.1972,5.9203,7.1611,8.5382,2.2493,2.2618,10.2955,10.3729,50.0,1,1,normal,0
IC_1691,LOT_D,W08,10.3197,11.444,12.8655,13.6122,2.3693,2.444,12.5865,12.5942,50.0,1,1,normal,0
IC_5896,LOT_A,W02,9.1981,10.2638,11.0619,11.7982,2.4935,2.536,10.375,10.5578,50.0,1,1,normal,0
IC_3114,LOT_D,W01,39.919,41.2581,43.4998,45.351,4.5696,4.5773,17.3807,17.577,50.0,1,1,latent_distribution_outlier,1
IC_6446,LOT_E,W06,8.1455,9.4959,10.8249,10.877,2.078,2.1618,11.9741,12.1346,50.0,1,1,normal,0
IC_6014,LOT_A,W23,9.0953,10.4406,11.6333,12.9531,2.7401,2.8376,10.9919,11.1849,50.0,1,1,normal,0
IC_5610,LOT_B,W11,9.444,10.3391,11.1836,11.6588,2.3507,2.4156,10.9664,11.0461,50.0,1,1,normal,0
IC_1475,LOT_D,W16,10.9189,12.4808,14.5771,15.4271,2.597,2.6667,11.4668,11.6377,50.0,1,1,normal,0
IC_6129,LOT_B,W16,7.238,8.3396,9.9002,10.4777,2.4179,2.4752,10.1954,10.3342,50.0,1,1,normal,0
IC_3927,LOT_A,W06,8.1008,9.6453,11.0986,12.4879,2.5744,2.6455,11.8992,12.0945,50.0,1,1,normal,0
IC_1504,LOT_F,W22,11.6155,12.4803,13.3257,13.8402,1.5789,1.6017,11.9612,11.9642,50.0,1,1,normal,0
IC_3618,LOT_C,W18,11.5784,12.718,13.5607,14.4323,1.944,1.9922,12.278,12.3121,50.0,1,1,normal,0
IC_4693,LOT_A,W09,41.9116,42.6956,44.7719,44.5994,5.5223,5.6141,16.0908,16.0576,50.0,1,1,latent_distribution_outlier,1
IC_1881,LOT_E,W21,12.1202,13.8741,15.417,15.9544,2.064,2.1312,13.4586,13.5333,50.0,1,1,normal,0
IC_3591,LOT_B,W18,7.9107,13.8315,47.2789,91.3858,2.6814,3.0765,10.0087,10.6953,50.0,1,1,early_drifter,1
IC_2061,LOT_F,W18,12.0113,13.3717,14.011,15.1457,2.3496,2.4084,12.9581,13.043,50.0,1,1,normal,0
IC_5234,LOT_F,W07,9.5132,11.2332,13.226,13.6535,1.9832,2.14,15.0151,15.2256,50.0,1,1,normal,0
IC_6779,LOT_D,W09,10.0949,11.2608,12.0206,13.1068,2.8524,2.9153,11.4902,11.6123,50.0,1,1,normal,0
IC_1521,LOT_A,W17,8.3741,9.6357,11.0549,12.2649,2.5844,2.6387,10.3753,10.5095,50.0,1,1,normal,0
IC_3050,LOT_B,W09,5.8618,7.1409,7.7541,8.0985,2.0989,2.1724,11.0817,11.4353,50.0,1,1,normal,0
IC_6929,LOT_A,W16,32.4837,34.1379,36.0371,37.8927,4.5768,4.609,14.7341,14.8989,50.0,1,1,latent_distribution_outlier,1
IC_6693,LOT_A,W02,9.3485,10.08,11.0718,11.8644,2.4776,2.5604,10.2273,10.3754,50.0,1,1,normal,0
IC_1644,LOT_D,W17,78.6792,81.9587,91.1252,107.7215,8.2015,8.4201,21.8404,22.3662,50.0,0,0,gross_failure,1
IC_1013,LOT_A,W24,39.4145,41.3026,43.416,44.7201,5.0637,5.1676,15.6774,15.8554,50.0,1,1,latent_distribution_outlier,1
IC_3484,LOT_B,W24,8.4863,9.7227,11.0723,11.6025,2.2553,2.3367,10.5005,10.364,50.0,1,1,normal,0
IC_4286,LOT_E,W20,9.0207,10.1788,11.7034,12.6935,2.3544,2.4545,12.9155,12.9679,50.0,1,1,normal,0
IC_5198,LOT_B,W06,10.5684,12.1104,13.9572,15.1858,2.8442,2.954,10.2416,10.5242,50.0,1,1,normal,0
IC_6101,LOT_F,W10,12.4728,14.1313,16.0252,16.4925,2.1773,2.2725,14.1293,14.3311,50.0,1,1,normal,0
IC_5015,LOT_B,W12,12.3622,13.4265,14.7153,14.9097,3.1444,3.173,12.4035,12.5186,50.0,1,1,normal,0
IC_6881,LOT_B,W15,9.7515,10.765,11.5942,11.6242,2.2095,2.2542,10.8772,10.921,50.0,1,1,normal,0
IC_6135,LOT_B,W19,5.4681,6.4764,7.6734,8.2114,2.2556,2.2668,9.4879,9.5125,50.0,1,1,normal,0
IC_4427,LOT_A,W11,9.9793,11.0632,12.2765,12.6545,2.7573,2.7862,11.6491,11.8009,50.0,1,1,normal,0
IC_5123,LOT_D,W06,7.6284,9.1906,10.3521,11.7545,2.0768,2.1485,12.4066,12.4973,50.0,1,1,normal,0
IC_5640,LOT_A,W04,9.0919,10.6436,12.3336,12.5981,2.7246,2.7862,12.7599,12.9768,50.0,1,1,normal,0
IC_5867,LOT_F,W12,10.295,11.3345,11.9867,13.1645,1.973,2.0059,13.6912,13.83,50.0,1,1,normal,0
IC_3172,LOT_E,W09,73.3897,77.3933,85.9756,97.1297,7.275,7.4875,21.8303,22.1862,50.0,0,0,gross_failure,1
IC_4013,LOT_E,W10,10.1452,11.4914,13.1115,13.9038,1.9252,1.9815,13.2915,13.4832,50.0,1,1,normal,0
IC_3598,LOT_F,W04,39.92,41.4274,42.3735,44.2635,4.3492,4.4707,18.114,18.2977,50.0,1,1,latent_distribution_outlier,1
IC_6897,LOT_C,W02,11.4875,13.308,14.8175,16.2082,2.0891,2.2137,11.4876,11.8737,50.0,1,1,normal,0
IC_6813,LOT_A,W16,7.738,8.9816,10.0888,10.523,2.5637,2.6205,9.6698,9.6865,50.0,1,1,normal,0
IC_1984,LOT_B,W21,11.3747,12.3348,13.2919,13.641,2.4057,2.4874,11.2841,11.3187,50.0,1,1,normal,0
IC_2529,LOT_D,W18,9.1671,10.8446,12.7059,13.7241,2.3423,2.4207,11.6062,11.9121,50.0,1,1,normal,0
IC_2321,LOT_E,W10,13.6419,15.4527,16.7371,17.8717,3.124,3.2347,12.6196,12.858,50.0,1,1,normal,0
IC_5600,LOT_D,W08,8.1567,9.2482,10.5229,10.6967,2.3354,2.368,12.3514,12.4052,50.0,1,1,normal,0
IC_6460,LOT_F,W16,37.9045,40.1052,42.6694,44.0479,4.4852,4.6873,16.7909,16.9451,50.0,1,1,latent_distribution_outlier,1
IC_1827,LOT_D,W06,11.1318,12.3918,13.0174,14.2431,2.3724,2.4512,12.0194,12.1291,50.0,1,1,normal,0
IC_2109,LOT_C,W19,38.4004,39.4814,40.6959,42.3352,4.238,4.3056,17.3083,17.4603,50.0,1,1,latent_distribution_outlier,1
IC_6501,LOT_B,W14,6.4169,7.617,9.4946,10.0533,2.5296,2.5996,10.3954,10.4073,50.0,1,1,normal,0
IC_5946,LOT_F,W18,40.9721,42.2187,43.7592,44.7706,5.0394,5.0547,18.3794,18.5122,50.0,1,1,latent_distribution_outlier,1
IC_5592,LOT_B,W10,6.6772,8.0696,9.5506,10.7127,2.1517,2.2592,10.3558,10.4583,50.0,1,1,normal,0
IC_6544,LOT_B,W09,11.5277,12.4271,13.6094,14.119,2.3076,2.3954,12.6441,12.7167,50.0,1,1,normal,0
IC_4365,LOT_D,W07,10.9803,12.3118,13.3626,14.4174,2.5588,2.6317,11.4042,11.722,50.0,1,1,normal,0
IC_5281,LOT_B,W16,7.6237,14.2659,49.5395,98.5957,2.536,2.9182,11.172,11.957,50.0,1,1,early_drifter,1
IC_3343,LOT_F,W16,10.7885,11.846,12.999,14.0408,2.3509,2.3397,13.4908,13.6866,50.0,1,1,normal,0
IC_5235,LOT_D,W16,9.6436,10.8289,12.2524,12.9621,2.4711,2.5644,12.4418,12.6163,50.0,1,1,normal,0
IC_6138,LOT_F,W21,9.9639,10.7896,11.8415,12.458,2.1844,2.2243,14.1998,14.329,50.0,1,1,normal,0
IC_2578,LOT_D,W02,11.9975,13.4079,15.116,15.7076,2.7437,2.8134,12.2828,12.247,50.0,1,1,normal,0
IC_4982,LOT_B,W10,6.9205,8.1607,9.4273,11.009,2.2334,2.3145,12.5147,12.6406,50.0,1,1,normal,0
IC_2629,LOT_F,W23,11.0845,11.8412,13.162,13.7309,2.2819,2.3297,13.6883,13.5647,50.0,1,1,normal,0
IC_6493,LOT_C,W19,10.3657,11.5828,12.7063,13.1338,2.3949,2.4585,11.5515,11.4432,50.0,1,1,normal,0
IC_5722,LOT_E,W08,7.5782,8.5389,9.4652,9.212,2.0007,2.0616,11.9114,11.9119,50.0,1,1,normal,0
IC_6820,LOT_D,W03,8.3822,9.7102,11.2331,12.6027,2.5265,2.5727,10.4359,10.5835,50.0,1,1,normal,0
IC_2681,LOT_A,W15,6.8417,7.606,8.9603,9.2623,2.6109,2.6222,11.7888,11.9797,50.0,1,1,normal,0
IC_6334,LOT_D,W05,11.1036,14.918,38.0437,66.1361,2.6598,2.8551,11.6462,12.0379,50.0,1,1,early_drifter,1
IC_1258,LOT_F,W04,11.1708,12.2117,13.0962,14.0164,2.7107,2.7773,13.6319,13.6679,50.0,1,1,normal,0
IC_6549,LOT_F,W21,9.4998,10.1906,11.5566,12.9435,2.5898,2.671,13.3338,13.4834,50.0,1,1,normal,0
IC_4854,LOT_A,W21,11.9442,13.1544,14.7306,15.0059,2.4954,2.5668,11.0251,11.305,50.0,1,1,normal,0
IC_5978,LOT_B,W06,7.0,13.3767,48.9656,96.8406,1.9384,2.3245,11.3212,12.2427,50.0,1,1,early_drifter,1
IC_5385,LOT_D,W02,9.5126,11.0068,12.8037,13.5012,2.2123,2.3287,11.7491,11.9194,50.0,1,1,normal,0
IC_3784,LOT_A,W18,9.8127,10.7689,11.6475,12.0279,2.8569,2.8993,11.7007,11.8704,50.0,1,1,normal,0
IC_2870,LOT_E,W18,8.7401,9.8239,11.291,11.4473,2.1478,2.2345,11.9044,12.2175,50.0,1,1,normal,0
IC_1422,LOT_D,W22,9.1802,10.7949,12.3866,13.747,2.1629,2.2346,10.3254,10.6284,50.0,1,1,normal,0
IC_4713,LOT_F,W09,11.8793,13.1555,13.8922,14.2797,2.7044,2.8181,14.0527,14.2136,50.0,1,1,normal,0
IC_3985,LOT_E,W10,10.2587,11.0668,11.7762,12.1439,2.0202,2.0933,13.0606,13.1784,50.0,1,1,normal,0
IC_2550,LOT_D,W16,8.506,9.9288,11.3713,11.929,2.3633,2.428,11.719,11.8668,50.0,1,1,normal,0
IC_5930,LOT_D,W02,11.2343,12.0145,12.6006,13.2208,2.6392,2.7326,10.595,10.7025,50.0,1,1,normal,0
IC_5163,LOT_E,W16,9.3792,10.9714,12.4053,13.9941,2.0692,2.1944,12.4153,12.6238,50.0,1,1,normal,0
IC_2580,LOT_A,W23,9.0915,10.5193,11.8879,11.8229,3.0359,3.0985,11.291,11.3253,50.0,1,1,normal,0
IC_5111,LOT_C,W03,8.9426,13.7955,40.1956,74.2743,2.0921,2.3786,11.2012,11.7671,50.0,1,1,early_drifter,1
IC_2185,LOT_C,W10,9.0413,9.8555,11.4507,11.4453,2.1843,2.2548,11.397,11.4728,50.0,1,1,normal,0
IC_3553,LOT_C,W02,10.0863,11.8585,13.495,14.6763,2.0544,2.1203,11.1484,11.3883,50.0,1,1,normal,0
IC_4461,LOT_A,W17,10.7665,11.907,13.4297,14.4174,2.4646,2.5302,11.7278,11.9413,50.0,1,1,normal,0
IC_5204,LOT_C,W13,12.1131,13.2617,14.107,14.9291,1.9571,2.0116,11.5227,11.7903,50.0,1,1,normal,0
IC_4707,LOT_D,W12,10.4215,12.0305,13.769,14.7581,2.6562,2.77,11.7249,11.7634,50.0,1,1,normal,0
IC_1718,LOT_B,W23,9.448,10.7428,12.0594,13.3592,2.5921,2.7116,10.586,10.899,50.0,1,1,normal,0
IC_3579,LOT_C,W03,10.9086,15.087,39.3337,70.8494,2.2389,2.5052,10.9429,11.5022,50.0,1,1,early_drifter,1
IC_2917,LOT_E,W03,13.5674,14.4182,15.4887,16.121,2.3444,2.4179,13.2223,13.0216,50.0,1,1,normal,0
IC_6104,LOT_D,W09,13.9744,15.6172,17.0161,18.682,2.8822,2.9403,13.0264,13.0884,50.0,1,1,normal,0
IC_2363,LOT_D,W22,10.8547,12.5783,14.1011,15.4843,2.6667,2.7583,11.1066,11.242,50.0,1,1,normal,0
IC_3128,LOT_E,W20,41.6452,43.6042,45.1912,45.7763,5.0344,5.1718,17.0268,17.2889,50.0,1,1,latent_distribution_outlier,1
IC_5362,LOT_A,W20,8.0598,9.2049,10.4191,11.4906,2.3495,2.3735,11.4571,11.6237,50.0,1,1,normal,0
IC_2890,LOT_B,W09,7.7047,8.7046,9.9774,10.4271,2.3319,2.3897,10.7643,10.9747,50.0,1,1,normal,0
IC_5858,LOT_C,W18,11.6638,12.2114,13.518,13.7092,2.341,2.397,12.9449,12.9435,50.0,1,1,normal,0
IC_2410,LOT_F,W12,8.9488,10.3174,11.3334,12.8284,2.2696,2.3491,12.5145,12.663,50.0,1,1,normal,0
IC_1540,LOT_E,W08,8.6407,9.8647,10.4676,10.773,2.0945,2.1361,11.9805,12.1463,50.0,1,1,normal,0
IC_1433,LOT_D,W19,9.3256,10.4562,12.5665,12.5983,2.4745,2.5705,12.7975,12.9107,50.0,1,1,normal,0
IC_5808,LOT_D,W16,13.3649,14.7591,16.35,16.8758,2.2952,2.3422,13.3006,13.3438,50.0,1,1,normal,0
IC_1451,LOT_D,W13,10.5416,11.2146,12.069,12.5561,2.3215,2.3248,13.3218,13.5086,50.0,1,1,normal,0
IC_1414,LOT_D,W06,8.8485,10.5797,12.0174,13.1301,2.2263,2.3365,12.3877,12.7453,50.0,1,1,normal,0
IC_4858,LOT_D,W04,10.1435,11.7634,13.8541,14.3533,2.5933,2.7097,12.7816,12.8787,50.0,1,1,normal,0
IC_5656,LOT_A,W15,11.0703,12.6259,14.4285,15.5692,2.7099,2.7941,11.6513,11.8989,50.0,1,1,normal,0
IC_1010,LOT_C,W17,12.2554,14.0729,15.107,15.3248,2.2742,2.3956,12.8718,12.9556,50.0,1,1,normal,0
IC_4600,LOT_E,W06,7.6131,11.3244,32.6568,61.7017,1.4311,1.6226,12.3638,12.7376,50.0,1,1,early_drifter,1
IC_4418,LOT_F,W08,9.3902,10.4761,11.7676,12.7254,2.0419,2.1408,12.9766,13.0593,50.0,1,1,normal,0
IC_6345,LOT_F,W13,11.4474,12.7697,13.6543,14.7312,1.9369,1.9893,13.818,13.8667,50.0,1,1,normal,0
IC_3032,LOT_A,W08,6.0261,7.5627,9.1776,11.1026,2.4089,2.5306,10.375,10.5192,50.0,1,1,normal,0
IC_3609,LOT_A,W09,10.3284,11.9424,13.1806,14.0794,2.3521,2.4019,10.1756,10.5379,50.0,1,1,normal,0
IC_6343,LOT_F,W23,9.4888,10.8862,12.8531,13.7213,2.5797,2.6767,12.6288,12.8863,50.0,1,1,normal,0
IC_3823,LOT_E,W16,12.2664,14.0555,15.3982,16.1167,2.2024,2.2985,12.3506,12.6159,50.0,1,1,normal,0
IC_6810,LOT_B,W16,9.5234,10.5098,11.2184,11.9667,2.2744,2.3226,11.229,11.4878,50.0,1,1,normal,0
IC_5730,LOT_B,W23,8.7645,14.1732,43.8391,86.3342,2.5824,2.9438,11.65,12.1435,50.0,1,1,early_drifter,1
IC_2103,LOT_A,W19,12.3972,13.6749,13.9555,15.2235,2.5309,2.5973,12.4166,12.5385,50.0,1,1,normal,0
IC_5357,LOT_A,W09,13.0445,14.6583,16.5697,17.6853,2.8641,2.9834,11.74,11.8585,50.0,1,1,normal,0
IC_1942,LOT_C,W08,12.7605,13.5407,15.0729,15.7435,2.596,2.6429,10.5174,10.5358,50.0,1,1,normal,0
IC_1169,LOT_A,W13,7.7828,8.8086,10.1859,10.7398,2.419,2.5701,11.6821,11.8534,50.0,1,1,normal,0
IC_2502,LOT_A,W06,10.6742,11.4443,11.8903,13.262,2.3398,2.3941,11.9578,11.9722,50.0,1,1,normal,0
IC_1495,LOT_F,W16,10.4732,12.1023,13.4799,13.8343,1.9966,2.1826,14.5668,14.7864,50.0,1,1,normal,0
IC_3251,LOT_A,W17,11.9886,12.9566,13.6357,14.3865,2.5152,2.5909,12.3797,12.4088,50.0,1,1,normal,0
IC_4980,LOT_B,W12,10.4758,11.8838,13.1428,13.5061,2.3194,2.4104,9.3624,9.487,50.0,1,1,normal,0
IC_2518,LOT_F,W18,10.3046,11.6202,12.5209,13.5043,1.9727,2.0686,13.5213,13.6857,50.0,1,1,normal,0
IC_5704,LOT_A,W18,7.5717,8.2479,9.2527,9.9619,2.4883,2.5396,10.9178,10.8635,50.0,1,1,normal,0
IC_1631,LOT_F,W23,10.0418,13.7582,36.0804,63.1776,2.2887,2.4885,12.6663,13.3052,50.0,1,1,early_drifter,1
IC_6858,LOT_A,W05,8.8259,9.7989,10.6277,11.1995,2.7253,2.7857,11.9106,11.9603,50.0,1,1,normal,0
IC_2714,LOT_E,W14,9.2793,10.507,11.7621,11.765,2.1424,2.1877,12.2759,12.4132,50.0,1,1,normal,0
IC_2170,LOT_C,W12,10.9837,12.649,13.83,14.7046,2.361,2.4401,12.4437,12.4913,50.0,1,1,normal,0
IC_2203,LOT_C,W01,10.2476,15.8451,44.1347,81.2794,2.0181,2.4045,11.8833,12.5526,50.0,1,1,early_drifter,1
IC_1416,LOT_D,W01,11.786,12.6513,13.0638,13.4273,2.7496,2.815,12.0621,12.0094,50.0,1,1,normal,0
IC_6287,LOT_E,W23,10.6175,11.3048,12.341,13.2979,2.2948,2.348,12.3635,12.4825,50.0,1,1,normal,0
IC_1520,LOT_F,W19,10.4179,11.6555,13.4544,14.4963,2.3015,2.3699,12.5587,12.6343,50.0,1,1,normal,0
IC_5017,LOT_D,W14,11.5341,17.4658,51.0365,94.8515,2.5081,2.9112,12.7833,13.3935,50.0,1,1,early_drifter,1
IC_5912,LOT_B,W01,44.4395,46.4106,48.2643,49.229,4.931,5.0711,15.9198,16.2488,50.0,1,1,latent_distribution_outlier,1
IC_6333,LOT_C,W18,10.8506,12.4963,13.986,14.7748,2.2805,2.3539,10.8623,10.999,50.0,1,1,normal,0
IC_6335,LOT_C,W24,12.0594,13.7482,15.7867,16.4926,2.5771,2.6885,12.7883,12.9686,50.0,1,1,normal,0
IC_1682,LOT_C,W24,9.9479,11.2176,12.4663,12.9739,2.0547,2.1533,12.4436,12.5574,50.0,1,1,normal,0
IC_6352,LOT_B,W18,10.392,11.1366,12.8731,12.7855,2.8749,2.9073,10.4068,10.4115,50.0,1,1,normal,0
IC_1088,LOT_B,W02,12.9422,14.3813,15.9132,16.4098,2.5326,2.6098,11.7378,11.9634,50.0,1,1,normal,0
IC_5771,LOT_F,W19,8.1968,8.7459,10.4869,10.8066,2.2103,2.2421,13.1003,13.1856,50.0,1,1,normal,0
IC_3656,LOT_C,W01,8.2907,9.8926,11.8472,12.6741,1.755,1.8712,9.8804,10.1076,50.0,1,1,normal,0
IC_2689,LOT_D,W09,9.1778,10.1953,11.0246,11.943,2.447,2.4833,10.8157,10.9265,50.0,1,1,normal,0
IC_3078,LOT_F,W05,37.9569,39.5472,40.871,41.16,4.2177,4.3646,16.9325,17.204,50.0,1,1,latent_distribution_outlier,1
IC_2362,LOT_D,W04,11.3912,12.4312,13.1433,14.209,2.6684,2.7262,11.46,11.446,50.0,1,1,normal,0
IC_3826,LOT_A,W21,12.1563,13.8262,14.595,16.3952,2.9013,2.9914,10.7166,11.0089,50.0,1,1,normal,0
IC_1867,LOT_A,W11,46.1496,47.8735,48.87,51.3675,5.0967,5.2614,16.343,16.4869,50.0,1,1,latent_distribution_outlier,1
IC_4287,LOT_A,W12,9.2378,10.0639,10.8132,11.5435,2.6904,2.7125,11.4926,11.7405,50.0,1,1,normal,0
IC_3398,LOT_B,W22,7.8898,8.5528,9.8702,9.5508,2.4734,2.5256,11.9718,12.0946,50.0,1,1,normal,0
IC_6241,LOT_A,W24,9.959,11.5383,13.2756,13.8616,2.4644,2.5545,11.8901,12.1627,50.0,1,1,normal,0
IC_3978,LOT_A,W24,10.9758,12.2398,12.8244,13.4823,2.61,2.6685,11.7612,11.9886,50.0,1,1,normal,0
IC_4175,LOT_E,W08,9.3822,10.1568,11.2313,11.4638,1.7801,1.8016,10.6274,10.5696,50.0,1,1,normal,0
IC_2305,LOT_A,W05,11.8306,13.3346,15.1732,15.9098,3.1062,3.2087,10.1933,10.4183,50.0,1,1,normal,0
IC_6973,LOT_B,W14,8.1909,9.3066,10.482,11.5515,2.7519,2.8689,11.2288,11.3281,50.0,1,1,normal,0
IC_5379,LOT_C,W11,10.6643,11.3775,12.0172,13.0498,2.1542,2.2001,13.0109,13.1065,50.0,1,1,normal,0
IC_4836,LOT_D,W17,10.9557,11.5909,12.06,12.2226,2.5221,2.555,13.3377,13.4292,50.0,1,1,normal,0
IC_3047,LOT_C,W11,12.0155,12.9744,13.6251,13.8417,2.4222,2.4361,12.2962,12.2462,50.0,1,1,normal,0
IC_2351,LOT_F,W07,11.0023,12.2867,13.0325,14.015,1.9141,1.9765,13.6111,13.6833,50.0,1,1,normal,0
IC_1197,LOT_D,W04,12.2939,13.8392,15.047,16.7694,3.0275,3.0958,12.6985,12.8411,50.0,1,1,normal,0
IC_5061,LOT_F,W13,12.1329,13.6743,14.4548,15.4957,2.5719,2.69,15.1139,15.3018,50.0,1,1,normal,0
IC_6743,LOT_A,W14,11.2748,12.3352,13.611,13.5671,2.5365,2.5854,10.7778,11.0227,50.0,1,1,normal,0
IC_5441,LOT_D,W18,10.2374,11.3531,11.8884,12.6668,2.3849,2.4941,13.3791,13.6796,50.0,1,1,normal,0
IC_6251,LOT_E,W03,8.9934,9.8831,10.9217,11.7432,1.9261,1.9639,12.2856,12.5541,50.0,1,1,normal,0
IC_5171,LOT_D,W13,12.5517,14.2947,15.8189,17.1829,2.7364,2.8383,12.7024,13.0026,50.0,1,1,normal,0
IC_1488,LOT_B,W20,14.0648,15.2112,16.1355,16.7304,2.8409,2.9475,11.7529,11.9223,50.0,1,1,normal,0
IC_6456,LOT_F,W20,10.711,12.0295,13.8534,14.2757,1.7782,1.8225,14.1983,14.2319,50.0,1,1,normal,0
IC_2053,LOT_B,W11,9.9752,11.1814,12.3075,13.2725,2.3608,2.4697,10.9616,11.071,50.0,1,1,normal,0
IC_5375,LOT_B,W24,10.6826,11.9315,13.1044,13.5383,2.9241,2.9948,10.5395,10.6966,50.0,1,1,normal,0
IC_5058,LOT_B,W07,9.0565,10.3375,11.4094,12.2602,2.0993,2.2161,11.4536,11.5682,50.0,1,1,normal,0
IC_1707,LOT_E,W05,12.6005,13.4294,13.9105,14.6325,2.5545,2.5854,14.0784,13.9618,50.0,1,1,normal,0
IC_5160,LOT_E,W01,8.5452,9.5112,10.5191,10.8837,2.104,2.1809,12.5462,12.7469,50.0,1,1,normal,0
IC_1970,LOT_A,W08,8.1505,12.4497,37.7325,68.5518,3.1736,3.4443,10.7575,11.2447,50.0,1,1,early_drifter,1
IC_4400,LOT_F,W07,11.2661,12.6065,13.7265,14.8018,2.2323,2.276,12.813,13.145,50.0,1,1,normal,0
IC_2137,LOT_D,W05,71.1924,74.6407,83.8941,106.25,7.4872,7.721,19.6384,20.0412,50.0,0,0,gross_failure,1
IC_6767,LOT_F,W08,10.9662,16.6904,47.227,89.8661,2.0924,2.4818,15.9703,16.443,50.0,1,1,early_drifter,1
IC_4110,LOT_D,W22,10.528,14.544,36.175,64.842,2.3816,2.605,11.2275,11.6853,50.0,1,1,early_drifter,1
IC_4162,LOT_E,W15,9.6889,11.2328,12.7859,13.6463,2.0407,2.1366,12.9437,13.035,50.0,1,1,normal,0
IC_5865,LOT_C,W14,11.1485,12.7428,13.9361,14.9954,2.4689,2.5459,11.213,11.5205,50.0,1,1,normal,0
IC_3778,LOT_B,W10,7.409,8.5945,10.5683,11.2955,2.4887,2.6201,10.4968,10.6303,50.0,1,1,normal,0
IC_4279,LOT_E,W03,10.9047,12.1972,13.2541,13.7173,2.3849,2.4911,12.8296,13.1267,50.0,1,1,normal,0
IC_6282,LOT_C,W19,12.1031,12.8872,13.7765,13.8843,2.1258,2.2133,10.9415,11.1543,50.0,1,1,normal,0
IC_3976,LOT_A,W09,9.914,11.0808,12.552,13.5763,2.2325,2.2969,12.2017,12.4431,50.0,1,1,normal,0
IC_2900,LOT_D,W20,8.6826,10.1044,11.7389,12.2812,2.3666,2.4155,11.461,11.5522,50.0,1,1,normal,0
IC_4316,LOT_F,W12,8.5858,10.1336,11.5092,12.7191,1.9724,2.0809,13.9272,14.0831,50.0,1,1,normal,0
IC_2241,LOT_E,W12,11.2274,17.7436,52.7968,101.8912,2.1935,2.5974,11.8101,12.5616,50.0,1,1,early_drifter,1
IC_6939,LOT_E,W07,9.744,11.121,11.976,12.7085,1.8275,1.9137,11.9931,12.1546,50.0,1,1,normal,0
IC_4389,LOT_C,W05,12.4778,13.7243,14.2894,15.0059,2.2054,2.2677,11.7426,11.9277,50.0,1,1,normal,0
IC_4909,LOT_A,W12,5.0673,6.4118,6.7086,8.1217,1.9685,2.0395,10.8673,10.9803,50.0,1,1,normal,0
IC_3663,LOT_E,W15,39.2253,41.4598,43.4636,44.6716,4.9226,5.0652,16.8137,16.9775,50.0,1,1,latent_distribution_outlier,1
IC_5940,LOT_D,W08,9.4682,14.1913,37.0596,69.8626,2.4605,2.7789,12.0062,12.4968,50.0,1,1,early_drifter,1
IC_4032,LOT_F,W16,10.695,11.5409,12.3066,12.8351,2.5932,2.6483,13.5409,13.5822,50.0,1,1,normal,0
IC_3880,LOT_F,W01,12.3777,13.3464,13.9925,15.0216,2.1971,2.2485,12.6318,12.7908,50.0,1,1,normal,0
IC_2051,LOT_D,W02,11.2206,12.0346,12.8763,12.7946,2.6245,2.6934,12.5422,12.7275,50.0,1,1,normal,0
IC_3159,LOT_F,W10,11.0341,11.8995,12.4785,13.3789,2.159,2.2499,13.407,13.6054,50.0,1,1,normal,0
IC_6316,LOT_A,W23,7.5212,9.3188,10.7397,11.2885,2.443,2.5596,10.1169,10.494,50.0,1,1,normal,0
IC_6967,LOT_D,W01,7.343,8.3774,9.3209,9.816,2.1255,2.1479,10.4441,10.5869,50.0,1,1,normal,0
IC_3363,LOT_D,W04,9.4542,10.3927,10.92,11.4904,2.3727,2.4415,11.629,11.6562,50.0,1,1,normal,0
IC_2776,LOT_C,W19,11.1809,12.1311,12.9172,13.3104,1.8977,1.944,12.1108,11.9021,50.0,1,1,normal,0
IC_1278,LOT_B,W17,8.5341,9.4688,10.1681,10.7348,2.1724,2.202,12.5017,12.5896,50.0,1,1,normal,0
IC_2209,LOT_F,W10,11.543,12.8135,13.8206,14.9621,2.3317,2.4156,12.8424,13.0925,50.0,1,1,normal,0
IC_2886,LOT_E,W19,12.72,17.7809,45.8165,81.6887,2.6365,2.9465,12.8457,13.3674,50.0,1,1,early_drifter,1
IC_5454,LOT_E,W19,11.6665,13.0349,14.079,14.9323,2.0089,2.0912,12.0068,12.1337,50.0,1,1,normal,0
IC_3157,LOT_F,W18,12.3272,13.2765,14.2961,15.0466,2.5622,2.6417,13.1633,13.483,50.0,1,1,normal,0
IC_5007,LOT_C,W21,9.8467,11.0578,12.5463,13.0638,2.1287,2.1616,10.9139,10.951,50.0,1,1,normal,0
IC_4774,LOT_E,W15,9.4533,10.8808,12.0851,13.0483,2.4605,2.5378,11.4811,11.5721,50.0,1,1,normal,0
IC_2456,LOT_B,W18,7.98,9.4638,10.7136,11.9155,2.6006,2.667,12.4501,12.632,50.0,1,1,normal,0
IC_5242,LOT_D,W19,11.1761,12.0668,13.2033,13.6695,2.229,2.2883,11.3968,11.4164,50.0,1,1,normal,0
IC_5226,LOT_C,W17,10.9918,11.9557,12.9291,13.1524,2.3107,2.3081,13.4501,13.6093,50.0,1,1,normal,0
IC_6391,LOT_B,W23,11.4464,12.3222,14.8568,14.8617,2.3684,2.4474,12.9368,12.9797,50.0,1,1,normal,0
IC_2294,LOT_E,W15,6.6459,8.1926,9.8481,10.7077,1.9242,1.9993,11.8288,12.0907,50.0,1,1,normal,0
IC_4724,LOT_C,W06,11.8095,13.2778,15.2108,16.6623,2.1771,2.2863,11.4263,11.6178,50.0,1,1,normal,0
IC_3092,LOT_E,W07,6.9368,8.298,9.9372,11.2409,2.3973,2.4725,11.8582,11.9715,50.0,1,1,normal,0
IC_6560,LOT_E,W24,11.3026,12.9914,13.9304,15.3102,2.7323,2.8415,11.6957,11.853,50.0,1,1,normal,0
IC_4661,LOT_B,W04,5.2966,6.5923,8.9223,9.3769,2.1533,2.1839,11.7538,11.9372,50.0,1,1,normal,0
IC_6328,LOT_A,W02,8.2283,9.3784,10.4736,11.9874,2.8223,2.9087,10.528,10.7267,50.0,1,1,normal,0
IC_1333,LOT_B,W04,11.3422,13.0647,14.3588,15.3579,2.6257,2.7347,11.1884,11.3357,50.0,1,1,normal,0
IC_4148,LOT_E,W16,8.7388,9.7287,10.6465,10.7574,1.9282,1.9591,12.188,12.3071,50.0,1,1,normal,0
IC_4115,LOT_D,W22,8.8368,9.959,11.1436,12.5554,2.4054,2.4747,11.0793,11.0896,50.0,1,1,normal,0
IC_1988,LOT_A,W11,8.9847,12.4636,31.3195,53.8003,2.3726,2.5761,11.001,11.4653,50.0,1,1,early_drifter,1
IC_5055,LOT_A,W13,8.8991,10.4337,12.1206,13.3316,2.4148,2.4646,11.445,11.5451,50.0,1,1,normal,0
IC_5809,LOT_B,W22,34.1261,36.0167,37.4842,37.8784,4.6897,4.8457,14.3497,14.6168,50.0,1,1,latent_distribution_outlier,1
IC_3082,LOT_F,W11,11.1823,12.7151,14.2972,15.7535,2.2375,2.3461,12.8437,13.0907,50.0,1,1,normal,0
IC_5296,LOT_A,W21,41.7653,43.7421,45.5469,47.2743,4.8557,4.9651,15.521,15.9063,50.0,1,1,latent_distribution_outlier,1
IC_4615,LOT_B,W06,6.4354,7.2774,8.5348,8.6802,2.1404,2.2376,12.8759,12.9813,50.0,1,1,normal,0
IC_6002,LOT_B,W17,7.894,9.2548,10.2143,10.7741,1.9533,2.0629,10.0099,10.0605,50.0,1,1,normal,0
IC_3686,LOT_C,W10,11.9774,13.1369,14.3798,15.026,2.3962,2.4661,11.7961,11.8664,50.0,1,1,normal,0
IC_6614,LOT_D,W24,39.8,41.1735,42.2696,44.3603,4.8091,4.952,16.6236,16.7553,50.0,1,1,latent_distribution_outlier,1
IC_5913,LOT_E,W18,6.9337,8.171,9.4745,10.4652,1.7197,1.7852,11.2633,11.5586,50.0,1,1,normal,0
IC_6706,LOT_F,W23,11.2108,12.4479,13.8875,14.4137,1.8366,1.9465,12.4715,12.6603,50.0,1,1,normal,0
IC_1051,LOT_C,W05,11.3147,12.3241,13.4134,13.7807,2.3632,2.4423,11.4021,11.5865,50.0,1,1,normal,0
IC_2877,LOT_B,W05,8.7325,10.1591,11.5889,13.7151,2.4097,2.5765,11.4548,11.4241,50.0,1,1,normal,0
IC_6291,LOT_C,W24,11.5725,12.6813,13.7671,13.9746,2.4168,2.4803,10.4461,10.5173,50.0,1,1,normal,0
IC_4936,LOT_F,W07,11.9373,13.2533,15.2228,16.0105,2.263,2.3572,14.3218,14.4666,50.0,1,1,normal,0
IC_3119,LOT_A,W07,9.24,10.861,11.5822,12.2003,2.7645,2.8718,11.1787,11.3544,50.0,1,1,normal,0
IC_1638,LOT_B,W13,7.1672,8.0232,9.0292,9.304,2.0307,2.0553,10.9171,10.9948,50.0,1,1,normal,0
IC_5367,LOT_B,W06,9.56,10.7151,11.8467,12.4523,2.1852,2.2863,10.354,10.4074,50.0,1,1,normal,0
IC_5984,LOT_B,W22,6.7619,8.4492,9.6938,10.2487,2.6649,2.7736,10.9873,11.1803,50.0,1,1,normal,0
IC_4754,LOT_A,W10,10.2252,11.5733,12.0795,13.1836,2.2819,2.3715,11.432,11.6288,50.0,1,1,normal,0
IC_2273,LOT_A,W15,9.796,10.896,12.6265,13.1209,2.3592,2.4239,10.0452,10.0735,50.0,1,1,normal,0
IC_5550,LOT_C,W17,52.5778,57.8948,76.8474,105.4104,5.6124,5.9764,20.2515,20.7912,50.0,0,0,gross_failure,1
IC_1127,LOT_E,W10,9.3774,10.652,12.0429,12.3835,1.9758,2.0812,12.0095,12.1598,50.0,1,1,normal,0
IC_4051,LOT_C,W03,11.3276,12.8671,14.4681,15.0743,2.2902,2.392,12.3104,12.5103,50.0,1,1,normal,0
IC_4087,LOT_E,W17,12.7618,14.264,15.9961,17.1406,2.2199,2.3472,13.0304,13.4171,50.0,1,1,normal,0
IC_3150,LOT_B,W24,10.5364,11.902,12.8762,13.8067,2.5207,2.5644,10.0057,10.2166,50.0,1,1,normal,0
IC_4725,LOT_E,W24,10.112,11.1276,12.1551,12.8495,1.9798,2.0593,12.9528,13.0053,50.0,1,1,normal,0
IC_4229,LOT_C,W05,12.4585,13.7046,14.6048,15.6094,2.0366,2.1092,12.5014,12.7534,50.0,1,1,normal,0
IC_1734,LOT_E,W14,81.701,91.1095,108.0825,130.3926,8.0199,8.5562,23.2524,24.3161,50.0,0,0,gross_failure,1
IC_1441,LOT_E,W05,10.7175,12.2455,13.2785,14.6193,2.0494,2.162,12.7461,12.6621,50.0,1,1,normal,0
IC_2833,LOT_C,W08,12.8119,14.5433,15.9359,16.1984,2.7306,2.8834,12.7764,13.0496,50.0,1,1,normal,0
IC_5508,LOT_B,W11,11.817,12.6201,13.1186,13.9942,2.3929,2.4346,10.768,10.8152,50.0,1,1,normal,0
IC_5306,LOT_D,W10,11.3033,12.2872,12.982,13.1172,2.6527,2.6923,11.7922,11.8209,50.0,1,1,normal,0
IC_5433,LOT_B,W14,9.746,11.2926,12.9247,13.8892,2.681,2.821,9.9135,10.1166,50.0,1,1,normal,0
IC_3888,LOT_F,W06,11.1829,12.7073,14.4125,15.4101,2.2615,2.419,13.5057,13.5041,50.0,1,1,normal,0
IC_6441,LOT_D,W18,9.7563,15.9801,47.8006,90.4197,2.6593,3.0081,12.6214,13.4239,50.0,1,1,early_drifter,1
IC_4518,LOT_E,W02,44.9515,45.9222,47.0234,47.3184,5.0419,5.0969,17.6394,17.7843,50.0,1,1,latent_distribution_outlier,1
IC_3218,LOT_D,W03,76.482,81.1517,89.692,102.8243,7.8841,8.1418,21.9045,22.4603,50.0,0,0,gross_failure,1
IC_4914,LOT_E,W18,10.8107,12.527,13.9645,14.6399,2.1371,2.195,12.103,12.2697,50.0,1,1,normal,0
IC_4640,LOT_B,W14,7.9454,9.7304,10.7192,11.731,1.91,2.0213,10.2903,10.5382,50.0,1,1,normal,0
IC_4749,LOT_E,W01,11.0581,11.7193,13.359,13.2627,2.602,2.6719,12.3052,12.5542,50.0,1,1,normal,0
IC_2284,LOT_B,W19,6.9484,8.4507,9.6396,10.3458,2.515,2.5691,10.8987,10.8872,50.0,1,1,normal,0
IC_3387,LOT_B,W15,7.8611,8.7564,9.8224,9.9441,2.439,2.4695,11.8863,11.8262,50.0,1,1,normal,0
IC_3012,LOT_A,W06,9.6405,12.4583,28.4116,50.0231,2.7932,2.9835,10.6451,10.9055,50.0,1,1,early_drifter,1
IC_2030,LOT_C,W02,8.4337,9.8971,11.7814,12.5021,2.0704,2.1856,11.5425,11.6841,50.0,1,1,normal,0
IC_4633,LOT_A,W04,9.8856,10.9941,12.5243,13.5432,2.7862,2.8022,11.6297,11.6959,50.0,1,1,normal,0
IC_6979,LOT_E,W14,84.5431,90.1983,98.7954,122.6481,8.0321,8.346,23.8979,24.6401,50.0,0,0,gross_failure,1
IC_2176,LOT_A,W17,11.1667,12.0073,12.8896,12.6294,2.4912,2.547,11.2674,11.4277,50.0,1,1,normal,0
IC_4171,LOT_F,W04,9.7462,10.789,11.5326,12.4793,2.0553,2.1444,13.9346,13.8765,50.0,1,1,normal,0
IC_5467,LOT_E,W10,13.983,15.1999,16.2215,17.4749,2.5016,2.5385,14.3814,14.5043,50.0,1,1,normal,0
IC_4524,LOT_C,W19,9.0054,10.3705,11.2338,11.7798,2.1452,2.1989,11.9157,12.2588,50.0,1,1,normal,0
IC_4842,LOT_E,W07,12.3556,13.7159,15.2348,15.3221,2.3908,2.4451,13.0223,13.2121,50.0,1,1,normal,0
IC_1184,LOT_F,W10,11.6035,12.8337,13.5539,15.4032,2.168,2.2037,13.7656,13.985,50.0,1,1,normal,0
IC_3983,LOT_C,W12,10.2784,11.4203,13.056,13.6581,2.2293,2.3274,12.7009,12.8322,50.0,1,1,normal,0
IC_4576,LOT_E,W14,8.6835,9.8073,11.1306,11.2614,2.3486,2.3982,11.1427,11.3053,50.0,1,1,normal,0
IC_1044,LOT_E,W23,9.4755,13.9244,36.6381,68.3448,2.154,2.4355,12.4063,12.8698,50.0,1,1,early_drifter,1
IC_2773,LOT_C,W10,9.961,16.2462,47.5346,89.2604,1.7228,2.0905,11.0995,11.7462,50.0,1,1,early_drifter,1
IC_4237,LOT_D,W18,10.5108,11.5483,12.9531,14.3369,2.666,2.6523,11.9207,12.0515,50.0,1,1,normal,0
IC_5958,LOT_F,W20,38.6687,39.9479,40.9744,40.8022,4.087,4.1837,18.4563,18.4906,50.0,1,1,latent_distribution_outlier,1
IC_6234,LOT_D,W12,5.933,7.6546,9.1795,10.1122,2.0134,2.138,11.6349,11.8572,50.0,1,1,normal,0
IC_5208,LOT_B,W24,8.3787,9.8694,10.4742,11.0164,1.9743,2.0777,10.5094,10.8416,50.0,1,1,normal,0
IC_5346,LOT_E,W24,6.7393,8.1205,9.6501,10.0367,2.0786,2.1787,12.4736,12.5418,50.0,1,1,normal,0
IC_2000,LOT_D,W21,11.2253,12.6935,14.5514,15.5991,2.519,2.6403,13.14,13.5803,50.0,1,1,normal,0
IC_5313,LOT_D,W15,8.8078,9.819,10.6977,11.5531,2.4896,2.5999,11.7185,11.8905,50.0,1,1,normal,0
IC_1037,LOT_C,W06,14.0658,14.9119,16.4035,16.1123,1.9673,2.061,11.4905,11.6433,50.0,1,1,normal,0
IC_3856,LOT_A,W06,11.9658,16.6564,42.2332,76.7894,2.4546,2.6814,11.3278,11.8878,50.0,1,1,early_drifter,1
IC_4223,LOT_F,W19,10.6966,11.3062,12.1969,12.5786,2.1683,2.1881,12.2477,12.3766,50.0,1,1,normal,0
IC_5845,LOT_C,W10,11.9442,13.6527,15.7126,16.3624,2.3596,2.5062,12.0132,12.2134,50.0,1,1,normal,0
IC_3140,LOT_A,W05,9.4864,10.1489,11.6183,12.1694,2.4515,2.4468,12.1542,12.1306,50.0,1,1,normal,0
IC_1890,LOT_C,W10,11.7352,13.0626,14.5383,15.0862,2.5676,2.7193,11.3932,11.5807,50.0,1,1,normal,0
IC_1103,LOT_A,W23,8.7794,10.2737,12.0127,13.1098,2.2458,2.3193,11.5879,11.6729,50.0,1,1,normal,0
IC_1797,LOT_C,W15,10.5135,11.8032,13.7226,14.312,2.3321,2.3742,11.4422,11.5472,50.0,1,1,normal,0
IC_2427,LOT_E,W09,12.4553,13.2576,14.7071,14.7037,2.8899,2.9408,12.2331,12.11,50.0,1,1,normal,0
IC_2369,LOT_F,W03,12.1542,13.5688,15.0854,16.6954,2.3111,2.4108,13.5423,13.6623,50.0,1,1,normal,0
IC_3141,LOT_C,W17,11.4045,12.3013,13.2015,14.0232,2.4252,2.4928,12.0341,12.1183,50.0,1,1,normal,0
IC_4462,LOT_B,W03,9.21,10.5203,11.873,12.923,2.7337,2.867,10.7291,10.703,50.0,1,1,normal,0
IC_1395,LOT_C,W17,41.9474,43.2585,44.7337,45.1754,4.274,4.396,16.6121,16.6498,50.0,1,1,latent_distribution_outlier,1
IC_5066,LOT_E,W06,9.5175,10.13,11.1478,12.0314,2.2355,2.3082,12.1819,12.2647,50.0,1,1,normal,0
IC_3034,LOT_C,W22,12.0322,13.2118,14.4429,14.9533,2.405,2.4806,12.8759,12.8474,50.0,1,1,normal,0
IC_6103,LOT_B,W16,10.8062,11.5731,13.132,13.3148,2.5912,2.6307,11.0168,11.1501,50.0,1,1,normal,0
IC_4587,LOT_F,W17,9.6127,11.0819,12.6266,14.0449,2.0962,2.1661,13.0654,13.2646,50.0,1,1,normal,0
IC_6275,LOT_C,W09,11.4974,13.1744,14.8527,15.702,1.9885,2.1209,11.9091,12.0382,50.0,1,1,normal,0
IC_5749,LOT_B,W14,7.0026,7.9228,9.3174,9.6999,2.0899,2.1614,10.4426,10.3576,50.0,1,1,normal,0
IC_5323,LOT_D,W09,10.9763,12.5333,14.4066,14.9938,2.6721,2.748,11.1618,11.3633,50.0,1,1,normal,0
IC_2433,LOT_A,W21,11.4803,12.8854,14.3066,14.8701,2.8959,2.9896,11.3693,11.6767,50.0,1,1,normal,0
IC_4220,LOT_A,W15,7.7515,9.1905,11.3851,11.5211,2.1438,2.2167,10.702,10.8564,50.0,1,1,normal,0
IC_2301,LOT_B,W07,7.9904,8.6665,9.7798,10.9884,2.3346,2.378,11.1753,11.3169,50.0,1,1,normal,0
IC_6349,LOT_F,W05,12.5226,13.9659,15.4721,16.1954,2.0481,2.1576,14.5775,14.7933,50.0,1,1,normal,0
IC_6348,LOT_A,W13,7.6133,9.2102,10.6155,11.6336,2.3165,2.4361,11.2134,11.5289,50.0,1,1,normal,0
IC_5222,LOT_F,W22,11.8666,13.5536,15.3706,15.9485,1.5413,1.6323,12.1798,12.3895,50.0,1,1,normal,0
IC_3560,LOT_F,W04,9.637,10.7656,12.394,13.0799,2.094,2.161,12.2477,12.3042,50.0,1,1,normal,0
IC_2348,LOT_A,W06,6.8221,7.6407,8.8872,10.0645,2.318,2.4493,10.3209,10.3741,50.0,1,1,normal,0
IC_4819,LOT_E,W05,8.3111,9.3986,10.3705,11.0932,1.8651,2.0241,11.7869,11.9236,50.0,1,1,normal,0
IC_3202,LOT_A,W18,14.0,17.5397,38.0918,67.051,2.7165,2.9196,11.7483,12.1193,50.0,1,1,early_drifter,1
IC_5249,LOT_D,W12,9.5936,11.2998,12.5267,13.9555,2.5371,2.6951,11.2207,11.5016,50.0,1,1,normal,0
IC_3021,LOT_C,W07,11.2461,12.2546,13.1882,13.7252,2.3806,2.4551,11.4322,11.6986,50.0,1,1,normal,0
IC_2352,LOT_E,W01,12.571,14.0998,15.0793,16.1742,2.0714,2.115,12.5166,12.5563,50.0,1,1,normal,0
IC_3872,LOT_F,W19,13.7174,14.7751,15.9487,16.3725,2.4031,2.4938,12.6258,12.8457,50.0,1,1,normal,0
IC_2716,LOT_F,W15,10.388,11.438,12.6527,13.4038,2.2537,2.3126,13.3447,13.5148,50.0,1,1,normal,0
IC_1872,LOT_E,W19,7.4427,8.4999,8.7409,10.4688,2.3766,2.4096,11.4934,11.4448,50.0,1,1,normal,0
IC_3030,LOT_E,W22,9.8478,11.119,12.7584,14.0148,1.9838,2.121,11.7544,11.9997,50.0,1,1,normal,0
IC_5094,LOT_F,W23,39.9833,41.4679,44.6461,44.009,4.9032,5.0138,17.5873,17.7395,50.0,1,1,latent_distribution_outlier,1
IC_5276,LOT_E,W06,77.1447,81.3074,97.1305,111.6973,7.312,7.5581,22.4931,23.1505,50.0,0,0,gross_failure,1
IC_2859,LOT_F,W03,11.5815,13.323,14.3737,16.3722,2.6357,2.737,14.0639,14.2198,50.0,1,1,normal,0
IC_6690,LOT_D,W09,10.6724,12.1146,13.9808,14.7182,2.7956,2.8697,11.6947,11.8363,50.0,1,1,normal,0
IC_5478,LOT_B,W20,6.8596,7.6451,9.0428,9.4802,2.485,2.5405,10.7275,10.7176,50.0,1,1,normal,0
IC_3984,LOT_F,W01,11.4601,12.6339,13.3712,14.2084,2.2403,2.354,13.0057,13.059,50.0,1,1,normal,0
IC_5735,LOT_F,W17,10.1793,10.9578,11.9293,11.3632,2.0414,2.0838,13.6778,13.8427,50.0,1,1,normal,0
IC_5261,LOT_A,W17,10.4235,11.5679,12.614,13.7586,2.8055,2.8512,12.2897,12.5786,50.0,1,1,normal,0
IC_3806,LOT_A,W08,8.6302,9.8761,10.2835,11.3371,2.5345,2.6229,11.2823,11.5164,50.0,1,1,normal,0
IC_3183,LOT_A,W24,36.4751,38.2549,39.9168,40.915,4.4881,4.5741,16.0772,16.4507,50.0,1,1,latent_distribution_outlier,1
IC_5942,LOT_B,W14,7.8904,9.0094,10.2077,11.5972,1.8804,1.9238,10.1687,10.3141,50.0,1,1,normal,0
IC_2800,LOT_B,W18,9.8777,10.9063,11.5485,12.3864,2.5042,2.5943,12.0693,12.2761,50.0,1,1,normal,0
IC_3653,LOT_F,W19,10.357,11.6564,13.2259,13.9241,2.352,2.4418,13.6622,13.7785,50.0,1,1,normal,0
IC_5336,LOT_E,W08,12.7245,13.6885,14.8377,15.853,2.3071,2.3423,11.914,12.0078,50.0,1,1,normal,0
IC_5210,LOT_D,W14,9.6853,12.9801,29.8876,53.8336,2.2063,2.4104,12.0548,12.5519,50.0,1,1,early_drifter,1
IC_2083,LOT_D,W12,9.1551,10.7443,11.4233,13.3403,2.5113,2.6104,12.2132,12.2595,50.0,1,1,normal,0
IC_3780,LOT_B,W21,8.3419,10.1402,11.7187,12.2036,2.4167,2.4696,11.0598,11.3478,50.0,1,1,normal,0
IC_1658,LOT_A,W18,7.82,8.6728,9.9263,10.5071,2.3018,2.375,10.6553,10.5359,50.0,1,1,normal,0
IC_1601,LOT_A,W08,8.1541,9.3275,11.2429,11.5259,2.4809,2.5724,11.2269,11.2823,50.0,1,1,normal,0
IC_2034,LOT_E,W23,69.8629,74.0339,89.289,118.8765,6.7678,7.0022,21.5449,22.1962,50.0,0,0,gross_failure,1
IC_6602,LOT_D,W04,12.3206,13.1198,13.9377,14.8621,3.1494,3.2313,11.3569,11.6159,50.0,1,1,normal,0
IC_5106,LOT_B,W23,44.0253,45.7012,46.8196,47.3877,5.7021,5.7955,16.3893,16.7273,50.0,1,1,latent_distribution_outlier,1
IC_4969,LOT_F,W02,12.2154,13.7449,15.3302,16.4362,2.0732,2.1849,13.2528,13.4309,50.0,1,1,normal,0
IC_3594,LOT_C,W05,10.0477,11.637,13.2048,14.6526,2.2225,2.3104,12.4949,12.7557,50.0,1,1,normal,0
IC_3203,LOT_D,W06,12.0254,13.3504,14.6262,15.9238,3.0623,3.2177,11.7169,11.8888,50.0,1,1,normal,0
IC_2183,LOT_F,W06,11.9393,13.0606,13.7892,13.9012,2.3228,2.393,14.7793,15.0569,50.0,1,1,normal,0
IC_6589,LOT_E,W10,10.4189,12.0466,13.1808,14.2476,2.2741,2.3331,12.1583,12.5596,50.0,1,1,normal,0
IC_6256,LOT_E,W10,11.1545,12.049,12.5341,12.7058,2.0621,2.1107,11.4235,11.5033,50.0,1,1,normal,0
IC_6036,LOT_D,W13,9.2133,9.8874,10.6981,11.3803,2.4471,2.5378,12.5184,12.7804,50.0,1,1,normal,0
IC_1453,LOT_E,W05,9.4054,10.5802,11.9165,12.8753,2.3335,2.4113,12.5063,12.7933,50.0,1,1,normal,0
IC_4770,LOT_E,W16,7.5584,9.0191,10.3657,11.4648,2.0533,2.1286,12.1086,12.2647,50.0,1,1,normal,0
IC_6132,LOT_D,W23,10.7126,12.0783,14.0059,14.8362,2.4376,2.5104,11.6301,11.6776,50.0,1,1,normal,0
IC_2546,LOT_C,W24,10.979,12.6966,14.0869,14.7294,2.2921,2.4042,10.1886,10.2815,50.0,1,1,normal,0
IC_5256,LOT_D,W06,10.6527,16.161,45.349,82.0847,2.2685,2.5949,11.4696,12.0322,50.0,1,1,early_drifter,1
IC_1066,LOT_A,W09,8.0376,9.2863,10.8667,11.6712,2.279,2.3405,12.296,12.4817,50.0,1,1,normal,0
IC_4245,LOT_B,W02,9.9922,11.7831,13.0375,13.4607,2.8041,2.9605,10.1204,10.3344,50.0,1,1,normal,0
IC_6486,LOT_B,W09,7.3919,8.2307,9.9962,10.6146,2.6884,2.7173,10.2849,10.4203,50.0,1,1,normal,0
IC_3084,LOT_F,W19,9.6055,10.8834,12.1231,12.5014,2.36,2.4635,12.2377,12.3363,50.0,1,1,normal,0
IC_4068,LOT_F,W01,8.8719,10.0422,11.5528,12.3637,2.3593,2.4307,13.4635,13.7533,50.0,1,1,normal,0
IC_3839,LOT_F,W09,12.5892,13.7114,14.8791,15.3421,2.3384,2.3152,12.5317,12.5045,50.0,1,1,normal,0
IC_5548,LOT_A,W09,7.9583,9.6163,11.3049,12.7865,2.7226,2.8615,11.6404,12.0428,50.0,1,1,normal,0
IC_1956,LOT_A,W14,13.1134,14.4182,15.826,16.95,2.9658,3.0738,12.0902,12.0753,50.0,1,1,normal,0
IC_1602,LOT_D,W03,10.9083,12.3125,13.4933,14.5405,2.2796,2.3803,12.2346,12.3624,50.0,1,1,normal,0
IC_5611,LOT_B,W18,8.9028,10.3218,11.9482,12.4206,2.4529,2.5472,11.6323,11.7047,50.0,1,1,normal,0
IC_2395,LOT_B,W02,9.4335,10.4473,12.4701,13.2091,2.3851,2.4519,10.235,10.2432,50.0,1,1,normal,0
IC_3847,LOT_B,W03,9.4673,11.0823,12.7602,13.4667,2.76,2.8346,10.3496,10.6263,50.0,1,1,normal,0
IC_6383,LOT_F,W23,8.7525,11.7587,28.0571,49.8662,1.7488,1.9685,14.5136,14.8995,50.0,1,1,early_drifter,1
IC_2615,LOT_F,W20,9.7162,11.148,13.0651,14.2843,2.219,2.2126,13.2317,13.1953,50.0,1,1,normal,0
IC_6812,LOT_C,W04,10.6886,16.7042,47.9693,91.1155,2.3248,2.7203,10.7709,11.5418,50.0,1,1,early_drifter,1
IC_5964,LOT_D,W20,9.3489,10.2949,12.057,12.3401,2.3933,2.4606,11.7308,11.7669,50.0,1,1,normal,0
IC_3306,LOT_A,W03,9.4024,10.4772,10.781,11.5224,2.2663,2.3215,11.9934,12.0481,50.0,1,1,normal,0
IC_5996,LOT_A,W24,37.2126,39.7753,42.4257,42.7492,4.9794,5.0997,15.6947,16.1495,50.0,1,1,latent_distribution_outlier,1
IC_5968,LOT_E,W15,11.5384,12.6885,13.5159,14.4136,1.998,2.0548,13.7191,13.791,50.0,1,1,normal,0
IC_2516,LOT_E,W04,10.4687,11.5902,12.9714,13.2025,2.3466,2.4038,12.6888,13.0555,50.0,1,1,normal,0
IC_5608,LOT_E,W21,9.6613,11.3264,12.5988,14.2347,2.2177,2.3069,12.2583,12.3554,50.0,1,1,normal,0
IC_5312,LOT_C,W05,10.2939,11.7672,13.3785,14.598,2.0876,2.1622,11.5647,11.6807,50.0,1,1,normal,0
IC_2006,LOT_E,W15,12.1134,13.3846,14.2054,15.7666,2.1047,2.1887,12.5789,12.7977,50.0,1,1,normal,0
IC_3988,LOT_F,W16,11.8579,13.0918,13.9854,14.8662,3.1032,3.2116,13.6892,13.8016,50.0,1,1,normal,0
IC_4357,LOT_B,W09,9.0796,10.7045,12.5701,13.2117,2.2524,2.3827,11.5701,11.8414,50.0,1,1,normal,0
IC_6405,LOT_D,W02,11.415,12.1223,12.926,13.4101,2.7123,2.7259,12.5293,12.888,50.0,1,1,normal,0
IC_5571,LOT_D,W19,11.4851,12.2521,13.061,13.6459,2.607,2.6547,11.9925,11.9265,50.0,1,1,normal,0
IC_5423,LOT_F,W04,11.4171,12.366,12.992,14.2546,2.4521,2.5281,14.5049,14.5583,50.0,1,1,normal,0
IC_1413,LOT_C,W08,12.5246,13.7588,15.5416,15.9754,2.0645,2.1469,11.2142,11.1533,50.0,1,1,normal,0
IC_5848,LOT_A,W06,9.4152,10.9536,13.0493,13.5509,2.7277,2.827,11.1545,11.3074,50.0,1,1,normal,0
IC_3033,LOT_C,W18,9.6397,11.1565,12.4177,13.8089,2.2248,2.3197,12.872,13.1152,50.0,1,1,normal,0
IC_3873,LOT_F,W01,11.7011,13.5184,14.4531,15.2217,2.1737,2.3083,12.6615,12.8777,50.0,1,1,normal,0
IC_4395,LOT_B,W23,10.3693,12.0504,13.2865,13.9865,2.7498,2.8715,11.231,11.4763,50.0,1,1,normal,0
IC_6117,LOT_F,W16,11.0619,12.0592,12.9113,13.3173,2.2402,2.3268,13.2664,13.4916,50.0,1,1,normal,0
IC_6176,LOT_C,W23,11.598,13.1913,14.7803,15.0436,2.1106,2.228,11.3241,11.4969,50.0,1,1,normal,0
IC_1637,LOT_B,W06,9.9333,10.6132,11.4039,11.7478,2.754,2.7627,10.9081,10.8789,50.0,1,1,normal,0
IC_4451,LOT_B,W02,41.5698,43.1567,45.4017,44.1921,4.8766,4.9655,15.3035,15.4904,50.0,1,1,latent_distribution_outlier,1
IC_3238,LOT_A,W18,10.4073,12.2628,13.274,14.7147,2.6174,2.7235,11.0814,11.4108,50.0,1,1,normal,0
IC_3910,LOT_D,W04,7.9642,9.2576,10.0042,10.5046,2.4079,2.4923,12.271,12.322,50.0,1,1,normal,0
IC_1905,LOT_A,W09,11.1703,12.2359,13.1095,13.7942,2.7822,2.8031,10.9149,11.0585,50.0,1,1,normal,0
IC_4059,LOT_A,W17,7.3523,8.4532,9.2332,9.021,2.6561,2.6868,11.2588,11.3352,50.0,1,1,normal,0
IC_1788,LOT_D,W04,8.6204,12.8086,36.6339,68.3122,2.5659,2.799,10.8346,11.3937,50.0,1,1,early_drifter,1
IC_1657,LOT_C,W02,59.0595,64.4023,73.7797,99.0819,5.8661,6.2164,18.8938,19.5642,50.0,0,0,gross_failure,1
IC_4884,LOT_A,W10,9.9914,11.5749,13.1034,13.6293,2.2406,2.3171,11.1146,11.1037,50.0,1,1,normal,0
IC_5513,LOT_B,W15,7.1674,8.1873,8.6587,10.1196,2.0883,2.0737,10.1822,10.3176,50.0,1,1,normal,0
IC_4791,LOT_E,W09,10.5398,14.7266,36.6912,66.7018,2.0851,2.2983,12.4678,13.0699,50.0,1,1,early_drifter,1
IC_5421,LOT_E,W07,11.9111,12.5847,13.4875,14.0697,2.765,2.8265,14.2043,14.3159,50.0,1,1,normal,0
IC_4905,LOT_F,W13,37.9826,39.0117,40.378,40.4271,4.3273,4.3893,15.8323,15.9846,50.0,1,1,latent_distribution_outlier,1
IC_2955,LOT_F,W04,10.958,14.5444,35.3516,60.3564,2.4024,2.5943,12.9704,13.3648,50.0,1,1,early_drifter,1
IC_2145,LOT_A,W03,11.1819,12.1592,12.9307,13.7671,2.9967,3.0948,11.9144,12.1834,50.0,1,1,normal,0
IC_5469,LOT_E,W07,10.6722,11.8794,12.9474,12.8241,2.6879,2.781,11.9513,12.0106,50.0,1,1,normal,0
IC_3682,LOT_B,W09,8.381,9.8237,11.3476,12.6525,2.5492,2.662,11.1776,11.2238,50.0,1,1,normal,0
IC_4723,LOT_F,W05,69.4818,73.1451,87.0536,99.1006,6.982,7.2371,22.9538,23.3997,50.0,0,0,gross_failure,1
IC_3028,LOT_B,W04,9.1287,10.6496,11.9954,13.0823,2.6987,2.7831,10.7283,10.9614,50.0,1,1,normal,0
IC_5108,LOT_A,W12,7.3055,8.7454,9.9043,10.9375,2.3061,2.395,10.873,11.0205,50.0,1,1,normal,0
IC_5453,LOT_C,W06,10.4906,12.1665,13.1658,13.652,1.984,2.0269,12.5526,12.875,50.0,1,1,normal,0
IC_1645,LOT_B,W22,11.8814,13.6766,14.7135,15.9635,2.6134,2.6618,11.434,11.7,50.0,1,1,normal,0
IC_3198,LOT_B,W23,9.1771,12.4373,31.5447,54.9223,2.754,2.9464,11.6511,11.7704,50.0,1,1,early_drifter,1
IC_5877,LOT_C,W09,11.0721,14.8188,34.9186,61.0978,2.2204,2.4645,11.6788,12.1494,50.0,1,1,early_drifter,1
IC_1167,LOT_D,W18,9.3532,9.8435,10.8722,10.6824,2.4117,2.4205,10.7396,10.8797,50.0,1,1,normal,0
IC_3635,LOT_E,W11,11.3662,12.6304,14.423,14.6765,1.887,1.9859,12.0242,12.2987,50.0,1,1,normal,0
IC_1235,LOT_C,W19,59.9421,68.9366,86.3959,100.8891,5.8311,6.325,19.8563,20.8803,50.0,0,0,gross_failure,1
IC_5757,LOT_B,W16,7.934,8.765,9.5044,9.8767,2.1483,2.1982,11.838,11.9951,50.0,1,1,normal,0
IC_2283,LOT_B,W06,8.9462,10.0376,10.9905,11.8408,2.4089,2.4418,9.662,9.9374,50.0,1,1,normal,0
IC_1201,LOT_D,W18,10.995,12.8697,14.2304,15.6897,2.1483,2.2852,11.7015,11.784,50.0,1,1,normal,0
IC_1390,LOT_C,W23,10.9849,12.3864,13.851,14.5376,2.0252,2.0984,12.9462,13.1719,50.0,1,1,normal,0
IC_5270,LOT_C,W22,61.7418,64.3277,77.9523,104.4191,6.4995,6.6187,20.0123,20.2467,50.0,0,0,gross_failure,1
IC_1224,LOT_C,W16,10.4128,11.4891,13.0945,14.2614,2.2233,2.2878,12.2428,12.4633,50.0,1,1,normal,0
IC_4539,LOT_B,W23,8.4757,10.1605,12.3921,12.7649,2.5082,2.6018,11.4581,11.7386,50.0,1,1,normal,0
IC_3252,LOT_F,W17,9.4934,11.1603,12.2119,13.1935,2.2128,2.2697,14.3544,14.5911,50.0,1,1,normal,0
IC_2295,LOT_B,W08,7.8421,9.4258,10.8576,11.6684,2.2347,2.2965,10.6775,10.8785,50.0,1,1,normal,0
IC_6274,LOT_F,W18,9.41,10.4395,11.2832,10.9885,1.978,2.0293,12.1103,12.3271,50.0,1,1,normal,0
IC_6428,LOT_B,W07,7.5245,8.7291,10.3128,11.0741,2.4486,2.4055,12.5583,12.6136,50.0,1,1,normal,0
IC_1608,LOT_F,W19,8.8861,10.0457,11.6143,12.3648,2.3417,2.3642,13.4719,13.5505,50.0,1,1,normal,0
IC_5265,LOT_F,W17,8.3685,14.1044,46.0926,89.0685,1.6882,2.0099,13.2565,13.8946,50.0,1,1,early_drifter,1
IC_4358,LOT_D,W09,10.8493,12.685,14.3606,15.4076,2.4376,2.5958,11.9135,12.0644,50.0,1,1,normal,0
IC_6886,LOT_E,W13,7.7617,9.1991,10.8296,12.295,2.389,2.4972,12.5096,12.7059,50.0,1,1,normal,0
IC_1035,LOT_F,W18,13.2271,14.4572,14.9465,15.7856,2.3274,2.3705,13.3326,13.6307,50.0,1,1,normal,0
IC_6259,LOT_E,W16,7.1594,8.1779,8.9731,10.519,2.1859,2.2225,11.3445,11.449,50.0,1,1,normal,0
IC_1558,LOT_A,W11,10.508,11.8287,13.1327,14.2892,2.3523,2.4642,12.9965,13.0693,50.0,1,1,normal,0
IC_6357,LOT_B,W07,7.6005,8.7299,10.5794,11.1001,2.2126,2.2827,9.5417,9.5909,50.0,1,1,normal,0
IC_3322,LOT_E,W23,7.8033,9.3357,10.2266,11.4112,2.0229,2.0906,13.0082,13.2588,50.0,1,1,normal,0
IC_2808,LOT_A,W06,9.0977,10.3076,11.6368,12.8695,2.1833,2.2611,12.3536,12.3338,50.0,1,1,normal,0
IC_6327,LOT_F,W03,11.4227,12.4028,13.8631,14.7066,2.52,2.6115,14.5334,14.7278,50.0,1,1,normal,0
IC_3885,LOT_A,W16,8.4481,9.5321,10.4719,11.4127,2.53,2.6116,11.9503,11.9607,50.0,1,1,normal,0
IC_3372,LOT_E,W24,8.4406,9.5546,10.387,10.5322,2.0687,2.0845,12.3192,12.6407,50.0,1,1,normal,0
IC_3001,LOT_A,W02,9.4809,11.2406,12.4469,13.0084,2.8315,2.9453,10.667,10.868,50.0,1,1,normal,0
IC_1741,LOT_D,W20,10.6569,12.5134,14.1163,14.552,2.8005,2.9019,10.0083,10.2765,50.0,1,1,normal,0
IC_6932,LOT_A,W18,9.5351,11.2685,12.3425,12.9084,2.6921,2.8028,12.3532,12.613,50.0,1,1,normal,0
IC_6680,LOT_B,W12,10.3636,11.2794,12.5423,12.701,2.2545,2.3388,11.5375,11.5492,50.0,1,1,normal,0
IC_4327,LOT_B,W22,7.3455,8.484,10.0577,10.4628,2.6806,2.7314,10.1834,10.5666,50.0,1,1,normal,0
IC_1647,LOT_A,W11,42.7696,44.2608,46.3689,48.582,5.0637,5.1292,16.1388,16.3506,50.0,1,1,latent_distribution_outlier,1
IC_4375,LOT_A,W06,45.421,46.9793,47.4019,49.2608,5.663,5.7887,16.88,17.1375,50.0,1,1,latent_distribution_outlier,1
IC_2289,LOT_A,W11,10.7388,12.2736,13.6088,14.5981,2.8706,3.0182,11.1106,11.2517,50.0,1,1,normal,0
IC_1155,LOT_E,W16,9.3271,10.7753,12.4148,14.1072,2.5607,2.677,11.8558,12.0819,50.0,1,1,normal,0
IC_3824,LOT_D,W10,9.7733,11.398,13.2219,13.9184,2.4883,2.57,10.9118,11.0461,50.0,1,1,normal,0
IC_2375,LOT_D,W18,10.9851,12.381,14.0573,14.7467,2.9451,3.0032,10.867,11.0695,50.0,1,1,normal,0
IC_1729,LOT_D,W24,38.1377,40.2491,42.3368,43.9283,4.8787,4.9995,15.5815,15.8184,50.0,1,1,latent_distribution_outlier,1
IC_4685,LOT_A,W21,8.5259,9.4062,10.5221,10.7555,2.6309,2.6869,11.7402,11.8015,50.0,1,1,normal,0
IC_1464,LOT_A,W24,11.6356,12.7347,13.461,13.9168,3.0585,3.1063,11.3048,11.3505,50.0,1,1,normal,0
IC_6840,LOT_C,W24,12.7755,14.181,15.2927,16.1008,2.1238,2.2146,11.0936,11.3577,50.0,1,1,normal,0
IC_2602,LOT_C,W10,10.0664,11.2021,12.8949,13.0778,2.2807,2.3511,11.8764,12.1388,50.0,1,1,normal,0
IC_5804,LOT_B,W22,7.8613,9.499,11.3632,12.3976,2.2657,2.3619,11.171,11.4298,50.0,1,1,normal,0
IC_1877,LOT_E,W19,9.1446,10.2435,11.1725,11.8626,2.0805,2.1901,12.8104,12.9527,50.0,1,1,normal,0
IC_1289,LOT_B,W06,11.3332,12.9266,14.3543,16.1704,2.8141,2.8581,11.8403,11.8796,50.0,1,1,normal,0
IC_2616,LOT_A,W01,56.6049,64.2802,75.5396,103.8322,5.9813,6.3775,18.2542,19.1703,50.0,0,0,gross_failure,1
IC_1822,LOT_A,W04,12.4361,13.3853,14.2288,14.4895,2.5335,2.626,11.5329,11.4536,50.0,1,1,normal,0
IC_4170,LOT_C,W18,11.2091,12.4915,14.0103,14.9976,2.33,2.3993,11.7967,11.9077,50.0,1,1,normal,0
IC_3380,LOT_E,W24,11.5829,12.8051,13.5952,15.0972,2.2582,2.2975,13.4742,13.7008,50.0,1,1,normal,0
IC_3052,LOT_C,W03,13.5781,14.5684,15.8425,16.9472,2.3649,2.4043,11.891,12.0417,50.0,1,1,normal,0
IC_1572,LOT_D,W23,8.3499,9.7604,10.9551,12.2795,2.2437,2.3156,9.6349,9.9472,50.0,1,1,normal,0
IC_3719,LOT_F,W13,9.418,10.8983,12.2031,13.812,2.4007,2.4945,12.025,12.0174,50.0,1,1,normal,0
IC_1767,LOT_E,W24,11.8024,13.1049,14.8188,15.7815,2.5358,2.6706,12.1351,12.5049,50.0,1,1,normal,0
IC_2866,LOT_C,W20,12.2407,13.8754,14.9101,15.9985,2.2879,2.3788,12.4797,12.6715,50.0,1,1,normal,0
IC_6425,LOT_B,W08,10.5189,11.9502,12.6091,14.037,2.6835,2.7624,11.07,11.1131,50.0,1,1,normal,0
IC_6174,LOT_A,W09,8.3312,9.4265,10.1219,11.3846,2.5233,2.5862,11.1844,11.4331,50.0,1,1,normal,0
IC_6090,LOT_E,W03,12.6139,14.0189,15.5802,16.4939,2.5078,2.62,13.0431,13.1395,50.0,1,1,normal,0
IC_6713,LOT_A,W08,7.945,8.9564,9.9907,10.0932,2.9229,3.0116,11.9005,11.9365,50.0,1,1,normal,0
IC_6347,LOT_A,W19,12.398,14.1529,15.9071,16.5335,2.8935,3.0155,12.1446,12.4713,50.0,1,1,normal,0
IC_2075,LOT_E,W04,9.2558,10.478,11.4024,12.4865,2.452,2.5381,12.6991,12.7524,50.0,1,1,normal,0
IC_5314,LOT_D,W15,9.542,11.0599,12.5919,13.0662,2.3707,2.4323,12.4681,12.6024,50.0,1,1,normal,0
IC_2557,LOT_B,W06,10.3546,11.6431,12.6543,13.6179,2.2227,2.342,11.4043,11.5399,50.0,1,1,normal,0
IC_4343,LOT_E,W06,10.3976,14.845,38.5499,69.9496,1.947,2.2445,13.5693,14.0994,50.0,1,1,early_drifter,1
IC_4040,LOT_E,W14,7.8585,9.6308,11.4222,11.8372,1.7556,1.8721,11.2643,11.4438,50.0,1,1,normal,0
IC_1628,LOT_A,W01,12.2557,13.818,15.3748,16.6873,2.5735,2.6773,13.02,13.108,50.0,1,1,normal,0
IC_3013,LOT_F,W14,9.9131,10.6305,11.3696,12.4113,2.2675,2.3342,13.5388,13.5863,50.0,1,1,normal,0
IC_6912,LOT_B,W13,8.432,10.0614,11.5357,12.2951,2.1457,2.2061,11.453,11.7287,50.0,1,1,normal,0
IC_3023,LOT_D,W23,11.3901,12.5781,13.3727,13.9065,2.8319,2.924,11.3919,11.4783,50.0,1,1,normal,0
IC_2821,LOT_E,W12,80.5262,86.6899,96.3515,117.745,7.5291,7.9344,23.745,24.484,50.0,0,0,gross_failure,1
IC_6600,LOT_E,W10,11.4048,12.3397,13.4269,14.2169,2.109,2.1684,13.8282,14.0407,50.0,1,1,normal,0
IC_3278,LOT_E,W13,11.5229,12.7475,13.1938,13.5515,2.5119,2.6309,12.8045,12.9205,50.0,1,1,normal,0
IC_4052,LOT_A,W02,11.4475,13.2075,14.5055,15.5058,2.4154,2.5477,11.76,11.8563,50.0,1,1,normal,0
IC_1910,LOT_D,W13,9.7675,10.6714,11.7944,12.5728,2.4731,2.5382,10.2999,10.3508,50.0,1,1,normal,0
IC_2345,LOT_D,W07,12.1677,13.2159,13.7978,14.548,2.7497,2.8369,12.1392,12.1416,50.0,1,1,normal,0
IC_6459,LOT_C,W14,10.9966,14.5383,33.5759,59.1915,2.6041,2.7925,13.3049,13.7034,50.0,1,1,early_drifter,1
IC_2609,LOT_E,W01,43.7027,45.5213,48.0489,49.3615,4.615,4.6856,17.0568,17.3029,50.0,1,1,latent_distribution_outlier,1
IC_1238,LOT_E,W21,8.2958,9.4617,10.9521,11.6356,1.7129,1.7933,12.1912,12.3951,50.0,1,1,normal,0
IC_3775,LOT_C,W06,12.8986,13.9593,15.5567,16.4543,2.0373,2.1102,12.2369,12.4627,50.0,1,1,normal,0
IC_3616,LOT_F,W20,9.6674,10.9027,12.4711,13.106,2.1647,2.2245,13.6496,13.697,50.0,1,1,normal,0
IC_1701,LOT_F,W16,8.6439,9.641,10.2339,10.9117,1.7737,1.7809,13.1835,13.3951,50.0,1,1,normal,0
IC_2460,LOT_C,W18,11.1682,12.3837,12.8392,14.5269,2.1743,2.288,9.5216,9.556,50.0,1,1,normal,0
IC_4143,LOT_A,W22,7.3747,8.4878,9.705,10.6507,1.974,2.037,10.7433,10.8768,50.0,1,1,normal,0
IC_1911,LOT_B,W16,39.3638,41.2117,42.8448,44.2212,4.7131,4.8193,14.4129,14.6112,50.0,1,1,latent_distribution_outlier,1
IC_2425,LOT_D,W13,10.077,11.3505,11.8087,13.4957,2.3234,2.3659,11.6296,11.6964,50.0,1,1,normal,0
IC_2013,LOT_B,W04,60.4593,62.9083,80.1415,102.5461,6.4788,6.6253,18.4879,18.7497,50.0,0,0,gross_failure,1
IC_6498,LOT_D,W05,9.7627,10.5858,11.0364,11.9382,2.586,2.6386,11.6303,11.7999,50.0,1,1,normal,0
IC_1240,LOT_A,W01,11.2959,12.2696,12.9463,13.2745,2.1738,2.2802,11.0886,11.2803,50.0,1,1,normal,0
IC_2136,LOT_D,W03,9.204,10.6684,11.6497,12.8013,2.4805,2.5717,10.558,10.7819,50.0,1,1,normal,0
IC_1460,LOT_D,W13,7.3372,8.9751,10.2028,12.2511,2.4886,2.6074,11.2237,11.3229,50.0,1,1,normal,0
IC_5110,LOT_A,W21,9.0481,10.7507,12.8461,13.15,2.4489,2.4919,10.7531,10.8434,50.0,1,1,normal,0
IC_4194,LOT_E,W04,12.5124,13.5325,14.5802,14.9847,2.3253,2.3703,12.7931,12.8221,50.0,1,1,normal,0
IC_5390,LOT_C,W09,11.364,13.0592,14.7319,16.2488,2.4148,2.5379,12.5658,12.6782,50.0,1,1,normal,0
IC_3330,LOT_A,W20,9.6042,11.2221,13.0096,13.8051,2.4429,2.54,11.9572,12.1576,50.0,1,1,normal,0
IC_1906,LOT_D,W11,11.6642,13.1449,14.2955,15.4075,2.6144,2.712,12.9307,13.2097,50.0,1,1,normal,0
IC_3232,LOT_A,W21,12.5467,13.9153,15.6457,16.661,2.8725,2.9833,11.5105,11.7758,50.0,1,1,normal,0
IC_6093,LOT_C,W17,10.6706,11.5392,12.0645,13.3844,1.9117,2.0252,10.5988,10.724,50.0,1,1,normal,0
IC_3284,LOT_C,W23,10.8499,11.9894,13.3412,13.7196,2.2883,2.3026,11.0209,11.1294,50.0,1,1,normal,0
IC_1270,LOT_A,W18,8.3373,9.1029,10.1733,10.5646,2.0842,2.1005,10.7944,10.8382,50.0,1,1,normal,0
IC_2033,LOT_B,W23,10.1264,11.2381,12.2036,13.0199,2.5828,2.6603,11.9551,12.1191,50.0,1,1,normal,0
IC_3402,LOT_C,W21,32.5879,34.6361,37.2631,38.7747,3.7419,3.8663,15.1768,15.331,50.0,1,1,latent_distribution_outlier,1
IC_6662,LOT_E,W20,10.3639,11.2272,11.9547,12.4224,2.3078,2.3749,12.9997,13.2504,50.0,1,1,normal,0
IC_1156,LOT_C,W10,12.0446,13.3768,14.796,15.2568,2.401,2.5097,11.6474,11.8293,50.0,1,1,normal,0
IC_2582,LOT_E,W13,11.4872,12.7325,14.675,15.4139,2.2307,2.2327,13.6643,13.8879,50.0,1,1,normal,0
IC_5013,LOT_E,W08,9.8071,11.0501,12.6627,13.8027,2.5106,2.5596,11.5679,11.8023,50.0,1,1,normal,0
IC_6561,LOT_A,W15,11.2674,12.6346,13.6283,14.1824,2.9235,2.9756,10.7611,11.0017,50.0,1,1,normal,0
IC_4772,LOT_C,W21,13.0691,14.912,15.9612,16.6084,2.2404,2.3343,12.0847,12.3122,50.0,1,1,normal,0
IC_6303,LOT_A,W12,11.1955,12.8349,13.5955,14.4371,2.5034,2.6215,12.4231,12.6833,50.0,1,1,normal,0
IC_1557,LOT_A,W07,13.3686,14.7704,16.2264,17.7188,3.0338,3.1155,11.3782,11.6308,50.0,1,1,normal,0
IC_1362,LOT_B,W04,9.282,10.3155,10.6491,11.4568,2.4243,2.5366,9.3573,9.4847,50.0,1,1,normal,0
IC_2973,LOT_A,W03,61.9526,71.3968,81.2066,102.0123,6.3369,6.948,18.8385,19.9547,50.0,0,0,gross_failure,1
IC_2016,LOT_A,W16,9.6523,10.9029,12.2659,13.1609,2.216,2.2534,12.3721,12.4343,50.0,1,1,normal,0
IC_2404,LOT_A,W10,7.374,8.3166,9.0641,9.0015,2.4669,2.4873,10.6944,10.7096,50.0,1,1,normal,0
IC_1308,LOT_E,W03,10.284,11.2442,12.0614,13.0702,1.6231,1.6967,13.0475,13.0943,50.0,1,1,normal,0
IC_5626,LOT_F,W18,11.4344,11.8887,12.8149,13.7457,2.4565,2.5066,12.6307,12.8249,50.0,1,1,normal,0
IC_2253,LOT_D,W17,7.4938,8.1857,8.9756,9.4377,2.2445,2.3071,11.3482,11.2945,50.0,1,1,normal,0
IC_4764,LOT_B,W15,10.0754,11.2498,12.6969,13.9899,2.4948,2.5608,10.3337,10.5243,50.0,1,1,normal,0
IC_3464,LOT_A,W21,9.4716,10.2979,11.2649,11.9427,2.5258,2.6514,11.299,11.3645,50.0,1,1,normal,0
IC_1267,LOT_A,W10,9.161,10.3119,12.178,12.9373,2.3919,2.4279,11.5226,11.6799,50.0,1,1,normal,0
IC_5425,LOT_F,W15,8.5048,10.2096,11.6979,12.6824,2.1869,2.3099,13.7592,13.9115,50.0,1,1,normal,0
IC_1489,LOT_E,W04,8.8013,10.2462,11.7864,13.2076,1.9706,2.0538,11.3836,11.5906,50.0,1,1,normal,0
IC_2279,LOT_D,W12,9.089,10.8632,11.923,12.2514,2.3754,2.5109,11.9626,12.1631,50.0,1,1,normal,0
IC_5424,LOT_D,W05,9.7312,11.2056,12.6899,13.4841,2.7242,2.8523,13.2252,13.452,50.0,1,1,normal,0
IC_4490,LOT_C,W20,11.3975,12.9384,14.4414,15.3235,2.3898,2.4822,10.9263,11.1692,50.0,1,1,normal,0
IC_1030,LOT_F,W13,10.5722,11.8459,13.0832,14.3139,2.1837,2.2612,14.0536,14.1284,50.0,1,1,normal,0
IC_3133,LOT_C,W09,11.1187,12.1394,13.4609,13.5237,2.1881,2.243,11.3205,11.445,50.0,1,1,normal,0
IC_2350,LOT_F,W13,9.8338,11.5168,12.7463,13.4358,1.9446,2.0028,11.8045,12.1014,50.0,1,1,normal,0
IC_3041,LOT_F,W17,11.9311,13.5317,14.5694,16.0388,1.8579,1.8738,13.3106,13.5335,50.0,1,1,normal,0
IC_3750,LOT_C,W03,12.1403,13.8085,14.9819,16.3862,2.5096,2.6095,11.7101,12.1503,50.0,1,1,normal,0
IC_6652,LOT_C,W14,11.9172,12.9297,13.8865,15.1826,2.137,2.1752,12.2493,12.3904,50.0,1,1,normal,0
IC_5332,LOT_C,W21,9.682,10.7142,12.3177,13.2663,2.2018,2.2362,10.2648,10.277,50.0,1,1,normal,0
IC_6596,LOT_B,W02,9.5571,10.6472,11.9223,12.7304,2.65,2.718,11.0681,11.1374,50.0,1,1,normal,0
IC_4356,LOT_F,W06,10.9393,12.2613,13.3922,13.9131,2.5872,2.6773,13.2456,13.3979,50.0,1,1,normal,0
IC_6547,LOT_F,W21,11.2603,12.4928,13.8382,14.8102,1.9167,1.9585,13.3861,13.5836,50.0,1,1,normal,0
IC_2624,LOT_E,W19,9.4818,11.0596,12.4454,13.682,2.0247,2.1836,12.1782,12.4876,50.0,1,1,normal,0
IC_1085,LOT_F,W23,12.3377,13.6697,15.093,16.2332,2.6094,2.6936,13.8326,13.9615,50.0,1,1,normal,0
IC_2399,LOT_D,W23,80.0264,87.9014,106.2331,130.9427,8.3855,8.8493,21.3229,22.1558,50.0,0,0,gross_failure,1
IC_1698,LOT_A,W15,11.8707,13.3637,14.9776,16.399,2.5232,2.6245,12.1853,12.5672,50.0,1,1,normal,0
IC_4709,LOT_D,W10,11.4262,12.4546,13.3668,13.6539,2.5565,2.6099,11.3973,11.5273,50.0,1,1,normal,0
IC_4023,LOT_A,W14,10.467,11.7838,13.4018,13.8979,2.8896,2.9476,11.6063,11.786,50.0,1,1,normal,0
IC_3829,LOT_A,W21,9.5677,10.6281,12.1282,12.718,2.741,2.8295,12.0092,12.3003,50.0,1,1,normal,0
IC_3324,LOT_E,W12,12.5431,13.4212,14.0284,14.0343,2.5053,2.596,12.9562,12.9771,50.0,1,1,normal,0
IC_4402,LOT_D,W03,8.9441,10.086,10.6927,12.0773,2.2313,2.3169,12.1095,12.2224,50.0,1,1,normal,0
IC_3714,LOT_D,W18,8.7466,10.0633,11.0774,11.8687,2.1199,2.1952,11.0178,11.3253,50.0,1,1,normal,0
IC_4005,LOT_E,W05,10.7987,12.0507,13.0658,13.8328,2.5505,2.665,12.6172,12.617,50.0,1,1,normal,0
IC_5485,LOT_F,W09,10.289,11.4636,12.3127,12.5967,2.1713,2.2751,13.0404,13.2972,50.0,1,1,normal,0
IC_5439,LOT_A,W18,10.169,11.4571,13.1662,13.9181,2.5406,2.6373,10.6582,10.8998,50.0,1,1,normal,0
IC_5114,LOT_C,W02,8.1972,9.606,10.592,11.4377,1.8459,1.9301,11.0282,11.2171,50.0,1,1,normal,0
IC_3570,LOT_A,W17,10.8262,11.9201,13.2013,14.0253,2.9316,2.9824,12.0065,12.1348,50.0,1,1,normal,0
IC_2996,LOT_B,W18,6.9068,8.2785,9.4712,9.9546,2.0617,2.1022,10.4804,10.6278,50.0,1,1,normal,0
IC_1786,LOT_F,W05,11.8163,13.3004,14.1121,15.6052,2.2094,2.3337,14.021,14.2414,50.0,1,1,normal,0
IC_1036,LOT_A,W08,10.7526,12.3753,13.6785,14.93,2.7713,2.8299,12.6369,12.9141,50.0,1,1,normal,0
IC_2151,LOT_E,W07,40.0862,41.165,42.5384,42.3582,4.4919,4.602,17.604,17.8566,50.0,1,1,latent_distribution_outlier,1
IC_6323,LOT_D,W03,9.9602,11.6494,13.4486,14.3123,2.0598,2.1501,10.9535,11.2648,50.0,1,1,normal,0
IC_2986,LOT_B,W08,7.5629,8.4207,8.8115,9.3258,2.692,2.7116,11.4674,11.5392,50.0,1,1,normal,0
IC_5598,LOT_A,W20,12.8073,17.4616,44.4582,77.9212,3.3145,3.5816,11.5326,12.0269,50.0,1,1,early_drifter,1
IC_4093,LOT_F,W15,9.6932,10.8298,12.4329,12.8256,2.1573,2.2423,14.4762,14.5572,50.0,1,1,normal,0
IC_4274,LOT_A,W13,7.1318,8.2649,9.846,10.0259,2.2746,2.366,9.5337,9.5588,50.0,1,1,normal,0
IC_6066,LOT_B,W02,7.0034,8.5238,10.3987,11.6588,2.3223,2.3934,9.6798,10.0039,50.0,1,1,normal,0
IC_1341,LOT_E,W07,8.6892,9.8493,11.1765,12.0806,1.6272,1.6961,12.7176,12.8919,50.0,1,1,normal,0
IC_3213,LOT_B,W01,8.4138,9.5979,11.0892,11.9337,2.4497,2.5176,9.8336,10.026,50.0,1,1,normal,0
IC_4522,LOT_A,W11,10.6006,12.1958,13.8047,14.8804,2.3191,2.4407,11.7454,11.9557,50.0,1,1,normal,0
IC_1457,LOT_C,W19,12.2645,13.8661,14.9729,15.6993,2.6047,2.7002,13.6327,13.8032,50.0,1,1,normal,0
IC_4882,LOT_F,W03,9.6954,10.9002,12.2038,13.6161,1.9564,2.086,13.9318,13.9936,50.0,1,1,normal,0
IC_1879,LOT_B,W18,10.043,11.7496,12.8838,13.9923,2.7024,2.7964,9.8983,10.0745,50.0,1,1,normal,0
IC_2344,LOT_F,W10,10.8941,12.0448,13.5611,14.2186,2.0871,2.2064,13.4898,13.5875,50.0,1,1,normal,0
IC_2258,LOT_C,W01,10.1721,11.7329,12.8641,14.0691,1.9655,2.062,11.8331,11.8445,50.0,1,1,normal,0
IC_3478,LOT_D,W01,9.6384,13.7883,37.8414,70.3776,2.5064,2.7392,11.0502,11.6311,50.0,1,1,early_drifter,1
IC_2847,LOT_A,W19,9.7183,11.546,13.2625,13.966,2.7387,2.8589,11.9202,12.1245,50.0,1,1,normal,0
IC_3101,LOT_F,W03,10.3131,11.7203,12.3119,13.0994,2.4566,2.5369,14.4776,14.7936,50.0,1,1,normal,0
IC_4571,LOT_D,W16,10.4623,11.7462,12.5823,12.6188,2.5999,2.6703,12.4521,12.5895,50.0,1,1,normal,0
IC_3360,LOT_C,W11,11.9619,13.1076,13.7352,14.6984,2.1045,2.1425,12.8127,12.9524,50.0,1,1,normal,0
IC_3957,LOT_B,W10,8.7847,14.3793,45.9712,86.2809,2.558,2.9042,13.0003,13.7866,50.0,1,1,early_drifter,1
IC_2829,LOT_A,W11,10.5757,11.6248,12.0842,12.5032,2.6675,2.7127,13.2759,13.2654,50.0,1,1,normal,0
IC_4359,LOT_D,W23,10.6136,11.6928,13.0355,13.4264,2.5113,2.5672,11.7809,11.9481,50.0,1,1,normal,0
IC_3500,LOT_A,W19,10.9544,11.8418,13.4451,13.905,2.1987,2.2356,11.6902,11.7271,50.0,1,1,normal,0
IC_3018,LOT_B,W23,10.7905,11.3479,12.7926,12.8373,2.3409,2.3417,12.202,12.2736,50.0,1,1,normal,0
IC_1079,LOT_C,W08,13.4239,14.5419,15.1822,15.9962,2.479,2.517,11.6067,11.7728,50.0,1,1,normal,0
IC_6608,LOT_C,W24,13.9129,15.4774,17.4217,17.8274,2.3026,2.4193,11.6473,11.8549,50.0,1,1,normal,0
IC_1321,LOT_B,W17,7.4009,8.3938,9.6574,10.8324,2.3182,2.3547,9.6257,9.6073,50.0,1,1,normal,0
IC_5664,LOT_A,W05,11.0158,12.4049,13.3161,14.3764,2.9217,3.0325,12.1544,12.386,50.0,1,1,normal,0
IC_6432,LOT_A,W09,7.2105,9.1265,10.9568,12.0029,1.7818,1.8674,9.1421,9.2095,50.0,1,1,normal,0
IC_2172,LOT_A,W17,8.4326,13.1223,40.3877,76.5149,2.447,2.723,10.5538,11.178,50.0,1,1,early_drifter,1
IC_6500,LOT_E,W19,9.8245,10.8191,12.1147,12.3598,2.241,2.2673,13.345,13.613,50.0,1,1,normal,0
IC_1077,LOT_D,W01,8.2341,8.9505,10.2577,10.7215,2.1914,2.302,9.6894,10.0044,50.0,1,1,normal,0
IC_4669,LOT_C,W05,12.5242,13.5489,14.7666,15.3241,2.3793,2.4219,12.2276,12.2024,50.0,1,1,normal,0
IC_1207,LOT_C,W09,8.4188,9.3643,10.3833,11.0915,1.926,1.9801,12.0294,12.1294,50.0,1,1,normal,0
IC_3614,LOT_D,W21,9.845,11.1434,12.7974,13.4813,2.0669,2.1306,10.7691,10.8893,50.0,1,1,normal,0
IC_2090,LOT_F,W20,11.3412,16.4516,45.3165,84.1886,1.796,2.0904,14.3392,14.9012,50.0,1,1,early_drifter,1
IC_5635,LOT_C,W05,12.1094,13.9002,15.4702,16.6009,2.4527,2.5758,11.0673,11.0913,50.0,1,1,normal,0
IC_1000,LOT_A,W21,11.1904,12.3577,13.7634,14.8474,2.3634,2.4211,11.8059,11.8066,50.0,1,1,normal,0
IC_6536,LOT_D,W04,12.247,13.5279,15.3598,16.3705,2.6115,2.6606,12.571,12.7104,50.0,1,1,normal,0
IC_6184,LOT_B,W09,7.7957,8.5625,9.7278,10.444,2.7782,2.8159,9.8126,9.8663,50.0,1,1,normal,0
IC_1314,LOT_B,W13,12.4091,13.2844,14.2072,15.233,2.7308,2.7745,10.3322,10.3819,50.0,1,1,normal,0
IC_6747,LOT_F,W15,12.8025,14.5676,15.7411,15.6511,2.4363,2.5277,13.7297,14.1089,50.0,1,1,normal,0
IC_6927,LOT_D,W13,32.2526,34.3522,35.7568,37.972,4.2976,4.4535,15.0873,15.3327,50.0,1,1,latent_distribution_outlier,1
IC_4871,LOT_A,W21,8.6704,10.016,11.5891,12.2505,2.1639,2.2654,11.2778,11.4481,50.0,1,1,normal,0
IC_3067,LOT_F,W12,11.7865,13.3352,14.6414,15.5466,2.604,2.6924,14.5593,14.7927,50.0,1,1,normal,0
IC_1256,LOT_E,W06,8.5088,9.3578,10.2045,11.3036,2.1971,2.2586,12.2518,12.5917,50.0,1,1,normal,0
IC_2285,LOT_F,W20,11.427,12.6866,14.0915,14.2016,1.7783,1.878,12.7722,12.813,50.0,1,1,normal,0
IC_6019,LOT_C,W03,12.7645,13.8897,14.9154,16.3006,2.3447,2.3772,12.7032,12.9136,50.0,1,1,normal,0
IC_3866,LOT_D,W07,9.9186,11.1388,11.9882,12.176,2.0935,2.1252,13.7088,13.9984,50.0,1,1,normal,0
IC_1505,LOT_D,W10,9.6072,11.0103,13.1029,13.7767,2.7703,2.7872,11.4189,11.5647,50.0,1,1,normal,0
IC_4187,LOT_D,W21,9.1166,10.4899,11.5341,11.8922,2.5241,2.6207,11.5867,11.7749,50.0,1,1,normal,0
IC_3270,LOT_A,W08,11.2938,12.6369,14.3292,14.5363,2.1736,2.2033,11.9337,12.1902,50.0,1,1,normal,0
IC_2063,LOT_A,W09,11.2959,12.9234,13.5263,14.6466,2.8996,2.9592,10.1766,10.4697,50.0,1,1,normal,0
IC_1603,LOT_A,W17,6.7015,7.3951,8.0645,9.2601,2.3533,2.3913,11.3331,11.4973,50.0,1,1,normal,0
IC_1784,LOT_D,W20,9.9391,10.6485,11.611,12.5395,2.6244,2.6617,11.6054,11.5586,50.0,1,1,normal,0
IC_1219,LOT_E,W10,10.6336,12.2308,13.6672,15.0633,2.4252,2.5473,13.6905,13.9664,50.0,1,1,normal,0
IC_3783,LOT_C,W19,11.4263,13.0171,14.8913,15.4207,2.3626,2.4801,10.3691,10.6739,50.0,1,1,normal,0
IC_2749,LOT_C,W06,12.9718,13.8996,14.554,15.1184,2.4237,2.5074,12.5008,12.5949,50.0,1,1,normal,0
IC_5904,LOT_B,W20,8.3292,9.9888,11.4803,12.3999,2.4412,2.5705,10.7365,10.9189,50.0,1,1,normal,0
IC_3039,LOT_B,W20,10.047,10.9839,11.4348,12.518,2.8,2.8277,11.0345,11.147,50.0,1,1,normal,0
IC_4337,LOT_C,W11,9.3764,11.1377,12.6272,14.1886,2.0224,2.1314,11.6686,11.9784,50.0,1,1,normal,0
IC_1091,LOT_F,W03,11.5036,12.7254,13.9746,14.3196,1.497,1.5539,13.7001,13.8452,50.0,1,1,normal,0
IC_3729,LOT_C,W08,10.3333,16.1333,48.4631,91.0541,1.8618,2.2108,12.6578,13.4755,50.0,1,1,early_drifter,1
IC_2182,LOT_E,W19,7.6429,8.9512,9.6125,10.1715,1.7692,1.8915,11.7525,11.8933,50.0,1,1,normal,0
IC_5869,LOT_B,W06,43.5249,45.0037,46.6256,47.7235,5.4582,5.5744,16.0994,16.3721,50.0,1,1,latent_distribution_outlier,1
IC_2983,LOT_F,W16,8.6605,10.2136,11.7449,12.6912,2.497,2.6083,13.832,14.1924,50.0,1,1,normal,0
IC_2850,LOT_A,W03,9.8327,10.37,11.2474,11.7124,2.5906,2.6043,11.2733,11.4158,50.0,1,1,normal,0
IC_5049,LOT_A,W05,7.9913,9.2585,10.7406,11.474,2.2814,2.4079,11.6263,11.756,50.0,1,1,normal,0
IC_4822,LOT_A,W02,8.8,10.6909,12.6217,13.543,2.7313,2.8408,11.7377,11.924,50.0,1,1,normal,0
IC_2312,LOT_B,W06,7.1484,8.1149,9.8155,10.5372,1.9617,2.0587,12.6128,12.6138,50.0,1,1,normal,0
IC_1779,LOT_D,W22,10.6693,11.9404,13.5005,14.9108,2.6438,2.7541,10.9553,11.1677,50.0,1,1,normal,0
IC_5599,LOT_C,W03,11.1856,12.1001,13.2161,13.9657,2.3373,2.3802,11.986,12.1473,50.0,1,1,normal,0
IC_1067,LOT_F,W20,10.7756,12.4537,14.3656,14.5972,2.6282,2.7348,13.1666,13.4104,50.0,1,1,normal,0
IC_3406,LOT_A,W20,44.9807,46.101,48.4616,48.5678,5.3993,5.507,15.6277,15.8776,50.0,1,1,latent_distribution_outlier,1
IC_1860,LOT_B,W08,8.5266,10.339,11.5941,12.2697,2.6596,2.765,10.7329,11.1025,50.0,1,1,normal,0
IC_3999,LOT_A,W21,13.6375,15.0086,16.4371,17.5893,3.029,3.1128,11.7971,12.1627,50.0,1,1,normal,0
IC_3912,LOT_C,W18,11.2163,12.5091,13.1865,14.2758,2.398,2.4934,12.6513,12.9397,50.0,1,1,normal,0
IC_1485,LOT_C,W07,13.4746,14.2283,15.0982,15.5713,2.5003,2.5515,13.3875,13.2798,50.0,1,1,normal,0
IC_1928,LOT_F,W05,11.5815,12.8915,14.5218,15.058,1.9862,2.1091,14.1812,14.2258,50.0,1,1,normal,0
IC_4535,LOT_F,W14,12.0591,17.0221,43.478,78.2883,2.0707,2.3447,13.4379,14.0567,50.0,1,1,early_drifter,1
IC_6017,LOT_E,W10,11.6174,12.6919,14.0737,14.3537,1.6692,1.7623,12.9596,13.3346,50.0,1,1,normal,0
IC_2496,LOT_B,W17,10.8483,12.2987,13.6334,14.1117,2.7677,2.8214,10.9902,11.186,50.0,1,1,normal,0
IC_5784,LOT_D,W17,11.5042,12.9802,13.8302,14.68,2.424,2.508,13.0664,13.335,50.0,1,1,normal,0
IC_6265,LOT_D,W21,11.5324,12.8942,14.2279,14.8016,2.7516,2.8597,11.7155,11.8241,50.0,1,1,normal,0
IC_3169,LOT_D,W16,32.3971,35.0781,37.0945,37.1665,3.9578,4.1325,14.9793,15.2362,50.0,1,1,latent_distribution_outlier,1
IC_5821,LOT_B,W12,9.9347,10.4361,12.0198,12.3007,2.5651,2.6457,12.1523,12.2979,50.0,1,1,normal,0
IC_5668,LOT_C,W17,10.4619,11.84,12.7309,14.0538,2.0255,2.1031,10.6465,10.8106,50.0,1,1,normal,0
IC_2617,LOT_D,W06,8.674,9.6114,10.1867,11.0636,2.2855,2.3128,11.341,11.5514,50.0,1,1,normal,0
IC_4619,LOT_D,W06,11.9435,13.0968,13.8686,14.7055,2.4945,2.6091,10.9069,10.9895,50.0,1,1,normal,0
IC_6373,LOT_C,W02,13.8072,15.5316,17.0349,17.9647,2.1305,2.2119,11.8754,12.0897,50.0,1,1,normal,0
IC_1086,LOT_F,W20,9.6028,10.2238,11.266,12.0221,1.824,1.8132,13.9652,14.0428,50.0,1,1,normal,0
IC_3207,LOT_A,W06,8.6312,10.4692,11.6411,12.8435,2.5415,2.6978,10.9372,11.0641,50.0,1,1,normal,0
IC_2752,LOT_A,W19,9.374,11.0031,12.2763,13.1234,2.6059,2.7358,11.5611,11.516,50.0,1,1,normal,0
IC_6787,LOT_E,W15,12.8682,14.2111,15.8646,16.8714,2.6806,2.7484,12.263,12.4711,50.0,1,1,normal,0
IC_6213,LOT_E,W05,7.9644,9.3223,10.1761,11.181,1.8749,1.9898,11.8744,11.992,50.0,1,1,normal,0
IC_4044,LOT_C,W04,14.0,18.8493,47.7562,88.4283,2.7024,2.9391,11.4384,12.0508,50.0,1,1,early_drifter,1
IC_4224,LOT_E,W23,10.1424,10.7666,11.503,12.0984,2.3026,2.3823,12.5308,12.5716,50.0,1,1,normal,0
IC_2528,LOT_B,W13,8.3406,9.2392,10.1146,10.5963,2.4445,2.4906,10.5987,10.862,50.0,1,1,normal,0
IC_2370,LOT_C,W20,12.7559,14.184,15.4107,15.9065,2.2902,2.3873,12.4404,12.7117,50.0,1,1,normal,0
IC_6110,LOT_B,W04,9.7378,10.8525,11.7002,12.4936,2.288,2.3248,10.5136,10.7542,50.0,1,1,normal,0
IC_6214,LOT_C,W20,12.7664,14.2056,16.0328,16.2903,2.2054,2.221,12.9602,13.1175,50.0,1,1,normal,0
IC_1937,LOT_D,W02,10.9761,12.5505,13.4148,14.7882,2.4343,2.5273,11.0875,11.2526,50.0,1,1,normal,0
IC_6336,LOT_B,W24,14.1586,15.7521,17.0789,17.6827,2.6553,2.741,13.6886,13.6727,50.0,1,1,normal,0
IC_6288,LOT_F,W13,8.9054,10.4055,12.1638,13.3348,2.1074,2.2012,13.5,13.6556,50.0,1,1,normal,0
IC_5402,LOT_C,W08,12.2104,13.7383,15.0254,15.8361,2.3701,2.4799,12.1361,12.2979,50.0,1,1,normal,0
IC_6218,LOT_A,W04,11.0915,12.2899,13.7188,14.069,2.624,2.7151,10.8075,10.8996,50.0,1,1,normal,0
IC_3098,LOT_F,W18,10.7347,11.8881,13.51,13.8355,1.8883,2.0006,12.7561,13.1364,50.0,1,1,normal,0
IC_4962,LOT_A,W15,7.6633,8.6389,9.0293,10.8592,2.2271,2.3142,11.0489,11.3074,50.0,1,1,normal,0
IC_4881,LOT_B,W01,8.039,9.7226,11.2135,12.6152,2.3346,2.4644,11.3375,11.6056,50.0,1,1,normal,0
IC_6609,LOT_E,W23,7.9536,8.8337,9.4208,9.9298,1.7984,1.8556,11.6526,11.6817,50.0,1,1,normal,0
IC_4414,LOT_C,W09,10.9178,14.5915,36.0135,64.0245,1.9229,2.172,12.5112,13.1076,50.0,1,1,early_drifter,1
IC_1525,LOT_A,W22,8.9304,10.5769,12.6918,13.6447,2.6982,2.8144,10.7879,10.9917,50.0,1,1,normal,0
IC_6159,LOT_A,W17,9.6936,10.8972,11.6549,13.0124,2.6231,2.7198,10.6724,10.7143,50.0,1,1,normal,0
IC_5065,LOT_C,W24,12.0152,13.0808,14.2051,15.3819,2.23,2.3029,10.3103,10.3079,50.0,1,1,normal,0
IC_2903,LOT_C,W13,9.7847,11.0323,12.0874,12.7509,1.9799,2.0471,11.1479,11.4411,50.0,1,1,normal,0
IC_2428,LOT_F,W18,8.892,10.1563,11.6367,12.4422,2.2632,2.314,12.6145,12.6761,50.0,1,1,normal,0
IC_2230,LOT_A,W13,10.9179,11.8397,12.5386,13.3123,2.3935,2.4371,12.9225,12.9109,50.0,1,1,normal,0
IC_6843,LOT_A,W21,74.3545,83.4119,90.3049,106.2283,7.5181,8.0421,22.6472,23.7762,50.0,0,0,gross_failure,1
IC_6039,LOT_C,W18,9.9087,10.6669,11.6652,11.9447,2.0931,2.1865,11.6612,11.6835,50.0,1,1,normal,0
IC_2744,LOT_E,W07,10.8222,11.9379,12.8239,14.1315,2.0797,2.067,12.44,12.6296,50.0,1,1,normal,0
IC_1626,LOT_B,W16,10.1564,10.8304,12.283,12.4879,2.7026,2.7231,9.8076,9.9315,50.0,1,1,normal,0
IC_1681,LOT_C,W14,10.695,11.6061,13.2795,13.1628,2.1617,2.2275,11.2663,11.318,50.0,1,1,normal,0
IC_3903,LOT_A,W15,8.3304,9.1957,10.0958,10.9077,2.8114,2.8335,11.4692,11.432,50.0,1,1,normal,0
IC_6837,LOT_B,W07,9.8047,10.4521,11.6671,13.0729,2.2369,2.3144,9.7366,9.8513,50.0,1,1,normal,0
IC_3385,LOT_E,W12,12.7708,14.1489,15.7087,17.287,2.6734,2.7622,13.1574,13.266,50.0,1,1,normal,0
IC_1606,LOT_D,W15,9.5123,10.4,11.2328,11.8235,2.7041,2.7717,10.7073,10.7469,50.0,1,1,normal,0
IC_3612,LOT_E,W14,10.4931,12.0241,13.4607,14.1316,2.5826,2.73,12.2592,12.361,50.0,1,1,normal,0
IC_5381,LOT_C,W04,11.8994,12.8805,13.7256,14.544,2.1285,2.1508,13.3786,13.4637,50.0,1,1,normal,0
IC_5195,LOT_E,W07,10.6901,16.9049,49.2287,91.5237,2.2582,2.6058,12.1839,12.8294,50.0,1,1,early_drifter,1
IC_6120,LOT_C,W01,61.7001,71.5026,87.9424,114.1925,6.1923,6.8239,21.1442,22.3491,50.0,0,0,gross_failure,1
IC_6086,LOT_B,W01,9.6458,10.9449,12.3373,12.9164,2.2828,2.3505,10.9407,11.1298,50.0,1,1,normal,0
IC_1334,LOT_A,W15,13.7156,15.2699,16.2795,16.8848,2.7591,2.8654,12.4867,12.7701,50.0,1,1,normal,0
IC_3509,LOT_C,W11,12.7499,13.599,14.7386,15.5503,2.1194,2.1694,11.6551,11.6279,50.0,1,1,normal,0
IC_6339,LOT_F,W20,9.4485,10.8324,12.5104,13.4929,2.0247,2.0887,11.4506,11.4928,50.0,1,1,normal,0
IC_1078,LOT_E,W15,12.4095,14.0255,15.4092,16.5985,2.3612,2.4747,12.2936,12.389,50.0,1,1,normal,0
IC_6106,LOT_E,W16,11.4442,12.3022,13.3312,13.8397,2.324,2.3939,12.1634,12.4388,50.0,1,1,normal,0
IC_1560,LOT_D,W06,10.4327,12.1093,13.1859,14.4982,2.7828,2.8689,12.3838,12.6648,50.0,1,1,normal,0
IC_5798,LOT_E,W11,7.6941,8.6251,9.6258,9.9969,2.0489,2.1443,12.8919,12.9587,50.0,1,1,normal,0
IC_3146,LOT_A,W14,13.5237,15.3055,16.9763,17.9614,3.1837,3.1945,10.7596,11.0663,50.0,1,1,normal,0
IC_2762,LOT_C,W02,10.1664,11.1838,11.9535,12.4529,2.0184,2.0983,11.0087,11.1381,50.0,1,1,normal,0
IC_2331,LOT_F,W08,10.1762,11.0772,11.9656,12.6482,2.0938,2.1053,13.3113,13.4629,50.0,1,1,normal,0
IC_1117,LOT_F,W20,10.5438,11.7498,12.6652,13.8757,2.2685,2.3421,14.1956,14.5603,50.0,1,1,normal,0
IC_3274,LOT_F,W14,11.836,13.2621,14.6477,15.8729,2.2824,2.3771,12.2744,12.4286,50.0,1,1,normal,0
IC_3831,LOT_B,W15,9.5395,10.2196,11.2068,11.6855,2.3396,2.4052,10.4593,10.4379,50.0,1,1,normal,0
IC_6847,LOT_F,W11,10.4855,11.4715,12.4061,12.6475,1.9776,2.0172,14.1127,14.1977,50.0,1,1,normal,0
IC_6130,LOT_F,W03,10.5074,11.3013,12.6117,13.8339,2.1844,2.2076,14.2303,14.4789,50.0,1,1,normal,0
IC_5237,LOT_B,W19,9.7759,11.0203,12.2224,13.1785,2.4666,2.4997,12.7692,12.8501,50.0,1,1,normal,0
IC_1573,LOT_A,W21,13.1972,14.2798,15.5171,16.736,2.5495,2.6295,11.8332,11.9678,50.0,1,1,normal,0
IC_2388,LOT_C,W01,13.3281,14.5573,15.6671,16.9179,2.4635,2.5679,11.8723,11.9365,50.0,1,1,normal,0
IC_4700,LOT_B,W13,8.1463,9.8022,11.5611,12.6879,2.7755,2.8942,12.2328,12.1709,50.0,1,1,normal,0
IC_3578,LOT_F,W04,8.9652,9.6803,11.4693,11.4134,2.306,2.3563,12.4922,12.4003,50.0,1,1,normal,0
IC_3754,LOT_C,W24,11.8734,12.5025,13.9423,13.8751,2.2932,2.3609,11.8374,12.0087,50.0,1,1,normal,0
IC_4582,LOT_F,W22,8.679,10.1733,12.0116,12.7299,2.3069,2.3956,13.117,13.3838,50.0,1,1,normal,0
IC_1419,LOT_B,W24,7.7536,8.6745,9.9465,10.9663,2.9001,2.9728,12.8333,12.7576,50.0,1,1,normal,0
IC_3841,LOT_C,W19,12.6475,13.4892,14.7196,15.2832,2.4653,2.4964,12.9438,12.9459,50.0,1,1,normal,0
IC_5887,LOT_E,W11,9.2235,9.9203,10.8309,11.7074,1.9035,1.9232,10.7963,10.8104,50.0,1,1,normal,0
IC_6454,LOT_B,W04,10.7453,11.4339,12.2353,12.8321,2.8333,2.8699,11.6163,11.6772,50.0,1,1,normal,0
IC_6660,LOT_C,W11,11.0244,16.1665,46.5042,87.6027,1.9311,2.2263,11.8499,12.5257,50.0,1,1,early_drifter,1
IC_1793,LOT_D,W04,11.1653,17.341,53.8819,100.161,2.3694,2.8188,10.5683,11.2375,50.0,1,1,early_drifter,1
IC_4026,LOT_B,W05,6.3668,7.4493,8.2978,9.1863,2.219,2.2317,10.9563,11.1513,50.0,1,1,normal,0
IC_3223,LOT_D,W14,9.7483,11.2219,12.6296,13.9089,2.5197,2.6128,12.6706,12.8893,50.0,1,1,normal,0
IC_6627,LOT_A,W04,7.0476,8.954,10.4068,11.6551,2.0989,2.2318,11.8188,12.0061,50.0,1,1,normal,0
IC_3481,LOT_E,W17,12.1716,13.0677,13.9965,14.4911,2.2467,2.3323,11.9578,12.0868,50.0,1,1,normal,0
IC_1192,LOT_A,W09,14.2005,15.8524,16.9918,18.1494,2.751,2.8541,12.2979,12.3296,50.0,1,1,normal,0
IC_5277,LOT_C,W13,8.7151,9.8056,10.9027,11.3023,2.4126,2.5483,11.3552,11.6112,50.0,1,1,normal,0
IC_5521,LOT_C,W20,8.8808,10.3793,11.7729,12.9864,1.9741,2.0711,11.4375,11.6429,50.0,1,1,normal,0
IC_3648,LOT_F,W15,11.5539,12.6605,13.9841,15.5411,2.4051,2.4874,12.1968,12.3509,50.0,1,1,normal,0
IC_1780,LOT_F,W16,11.7914,13.154,13.989,14.365,2.3795,2.4864,13.7688,13.9367,50.0,1,1,normal,0
IC_2323,LOT_D,W08,10.205,11.1984,12.0783,12.8792,2.4605,2.5548,10.9825,11.1452,50.0,1,1,normal,0
IC_1250,LOT_D,W16,10.0408,11.5045,12.6123,13.5097,2.2861,2.3195,12.2336,12.4687,50.0,1,1,normal,0
IC_6524,LOT_C,W09,11.4312,12.5687,13.4744,13.9809,2.3219,2.41,10.9994,11.0605,50.0,1,1,normal,0
IC_1618,LOT_C,W22,10.9982,12.1981,13.6576,14.4528,2.1941,2.3077,10.3651,10.5741,50.0,1,1,normal,0
IC_6808,LOT_E,W22,8.8859,9.7359,10.911,10.8269,1.9975,1.992,13.1157,13.1472,50.0,1,1,normal,0
IC_5843,LOT_D,W20,8.4819,9.2532,10.5272,11.1067,2.0532,2.0855,9.9284,10.1908,50.0,1,1,normal,0
IC_5481,LOT_C,W07,11.9023,13.0917,14.8217,16.1183,2.3081,2.3608,11.9439,12.173,50.0,1,1,normal,0
IC_5693,LOT_B,W23,8.14,9.3131,10.0996,10.9474,2.4923,2.5413,10.2693,10.3945,50.0,1,1,normal,0
IC_2646,LOT_B,W21,9.4737,10.1909,10.931,12.1365,2.9899,3.0051,11.6424,11.7961,50.0,1,1,normal,0
IC_1840,LOT_C,W21,12.0399,12.9137,13.3792,14.3319,2.079,2.1131,11.1582,11.2604,50.0,1,1,normal,0
IC_4265,LOT_F,W16,10.6113,11.9716,13.8956,15.1794,2.1075,2.1722,13.4223,13.6506,50.0,1,1,normal,0
IC_6654,LOT_B,W12,10.1787,11.3532,11.6871,12.0207,2.4462,2.5229,11.2852,11.4933,50.0,1,1,normal,0
IC_5134,LOT_D,W17,12.4292,13.8473,15.0674,15.896,2.6996,2.7304,11.631,11.9855,50.0,1,1,normal,0
IC_5321,LOT_A,W17,8.699,9.4606,10.4422,10.5007,2.2736,2.3088,11.704,11.849,50.0,1,1,normal,0
IC_6707,LOT_C,W16,8.6657,10.0929,12.4467,13.0099,2.008,2.027,12.237,12.2691,50.0,1,1,normal,0
IC_1842,LOT_E,W03,11.3973,12.4088,13.8137,13.8616,2.2196,2.3156,13.5815,13.5122,50.0,1,1,normal,0
IC_5231,LOT_D,W04,10.4091,11.5105,12.7012,13.6388,3.0114,3.0701,11.7274,11.8853,50.0,1,1,normal,0
IC_3126,LOT_F,W15,11.403,12.1302,13.32,13.8757,1.8015,1.8479,12.6547,12.8752,50.0,1,1,normal,0
IC_6203,LOT_C,W12,12.943,14.6071,15.8494,17.3055,2.1565,2.2384,11.5068,11.7269,50.0,1,1,normal,0
IC_2817,LOT_D,W03,8.9275,9.8353,11.1462,11.504,2.4722,2.5419,12.2201,12.3307,50.0,1,1,normal,0
IC_5690,LOT_F,W02,9.2932,10.4807,10.8275,11.5997,1.7979,1.8469,13.8232,13.899,50.0,1,1,normal,0
IC_4869,LOT_B,W04,84.7825,94.2145,112.6371,128.6672,8.8365,9.3839,24.1644,25.3981,50.0,0,0,gross_failure,1
IC_6081,LOT_A,W23,11.7421,13.4092,15.2165,16.132,2.9586,3.0417,12.5368,12.6375,50.0,1,1,normal,0
IC_2249,LOT_D,W12,10.9517,12.0681,13.0964,13.9809,2.5022,2.5863,11.9805,12.154,50.0,1,1,normal,0
IC_4586,LOT_E,W21,13.5037,14.5338,16.0287,16.2419,2.504,2.5753,13.1734,13.3059,50.0,1,1,normal,0
IC_5028,LOT_C,W21,9.6059,10.2095,10.974,11.6842,1.857,1.8564,11.6724,11.7515,50.0,1,1,normal,0
IC_5303,LOT_D,W10,8.3319,9.2919,10.336,10.1971,2.6396,2.6672,11.0861,11.2504,50.0,1,1,normal,0
IC_3644,LOT_C,W17,10.9915,11.7977,12.9654,13.4527,2.3853,2.4082,10.7932,11.0355,50.0,1,1,normal,0
IC_2743,LOT_D,W17,9.5026,10.9819,12.9365,14.3427,2.7191,2.8252,11.0028,11.1735,50.0,1,1,normal,0
IC_4154,LOT_E,W09,13.9091,15.4195,17.3563,18.3709,2.1283,2.1939,12.0574,12.2856,50.0,1,1,normal,0
IC_3658,LOT_E,W19,9.2908,10.4558,10.7252,11.5105,2.0032,2.0506,11.7422,12.0165,50.0,1,1,normal,0
IC_5060,LOT_E,W02,11.8538,12.6164,14.2519,14.5244,2.2415,2.2642,13.3051,13.4378,50.0,1,1,normal,0
IC_2645,LOT_D,W01,9.6801,10.6604,11.7967,12.1031,2.3891,2.4668,12.2858,12.4768,50.0,1,1,normal,0
IC_1411,LOT_E,W10,8.4042,9.6251,11.0051,11.1933,2.5031,2.5931,12.2216,12.346,50.0,1,1,normal,0
IC_4028,LOT_A,W14,12.6956,13.4737,14.2047,15.3331,2.6088,2.629,11.9825,12.1222,50.0,1,1,normal,0
IC_2674,LOT_F,W11,11.6949,13.1944,14.9547,15.7192,2.3266,2.4158,14.4979,14.6957,50.0,1,1,normal,0
IC_6896,LOT_F,W18,9.287,10.2661,10.8318,11.7395,1.8032,1.8895,14.2067,14.2151,50.0,1,1,normal,0
IC_6181,LOT_E,W07,10.6491,12.0089,13.6224,14.0853,2.2095,2.2677,11.3877,11.5151,50.0,1,1,normal,0
IC_1629,LOT_B,W05,8.0648,8.8511,10.226,10.9306,2.4747,2.5082,10.5883,10.5371,50.0,1,1,normal,0
IC_6247,LOT_C,W05,12.1169,13.0833,14.1011,14.5953,2.5701,2.6201,11.0258,11.0617,50.0,1,1,normal,0
IC_4374,LOT_A,W13,9.5188,10.553,11.3004,11.4752,2.5566,2.6061,11.4883,11.5099,50.0,1,1,normal,0
IC_3491,LOT_A,W05,6.8457,7.5639,8.6297,8.1131,2.2822,2.3664,12.5154,12.5469,50.0,1,1,normal,0
IC_1622,LOT_C,W06,13.3482,14.4655,15.4181,16.7487,2.6939,2.7467,11.2018,11.1654,50.0,1,1,normal,0
IC_3391,LOT_E,W11,8.1013,9.2565,10.8875,12.4512,2.0804,2.1524,12.4478,12.62,50.0,1,1,normal,0
IC_3991,LOT_A,W10,6.2729,7.2681,8.6756,8.9124,2.4092,2.455,10.9702,11.111,50.0,1,1,normal,0
IC_1447,LOT_F,W07,7.8589,9.6183,11.466,12.6558,1.665,1.7556,14.8976,15.0623,50.0,1,1,normal,0
IC_2021,LOT_A,W06,8.0375,9.7526,11.388,12.5424,3.0445,3.1567,10.954,11.2893,50.0,1,1,normal,0
IC_4067,LOT_D,W13,10.1088,11.1091,11.9854,11.6899,2.6682,2.74,11.6372,11.6271,50.0,1,1,normal,0
IC_3911,LOT_C,W22,11.757,12.7431,13.3311,14.1527,2.4475,2.524,11.3482,11.5006,50.0,1,1,normal,0
IC_6185,LOT_A,W12,6.2965,8.2285,9.2772,9.962,2.3941,2.5112,10.0628,10.5308,50.0,1,1,normal,0
IC_5408,LOT_B,W06,9.2044,13.4098,36.8442,66.0923,2.6411,2.8211,10.1619,10.6235,50.0,1,1,early_drifter,1
IC_3949,LOT_B,W07,11.9117,12.8364,13.2788,13.6558,2.9338,3.0362,12.5712,12.7647,50.0,1,1,normal,0
IC_6461,LOT_D,W12,6.9334,8.0709,9.4424,10.3231,1.9692,2.0402,11.6643,11.8666,50.0,1,1,normal,0
IC_5707,LOT_F,W03,7.1595,8.22,9.8013,10.4773,2.0369,2.0975,13.6614,13.8915,50.0,1,1,normal,0
IC_2478,LOT_E,W17,41.2165,43.2372,45.3053,46.2007,4.951,5.0831,16.3135,16.6062,50.0,1,1,latent_distribution_outlier,1
IC_5653,LOT_B,W02,8.3483,9.3157,10.211,10.7733,2.5921,2.6401,11.7313,11.893,50.0,1,1,normal,0
IC_5528,LOT_A,W11,11.2973,14.9212,34.2833,59.654,2.6082,2.7844,11.4941,11.8972,50.0,1,1,early_drifter,1
IC_5852,LOT_C,W10,10.6524,12.1011,13.1107,15.124,2.0295,2.1389,11.2475,11.2577,50.0,1,1,normal,0
IC_4250,LOT_F,W01,12.3502,14.153,15.4915,17.0971,2.0499,2.1631,12.9262,13.1644,50.0,1,1,normal,0
IC_4824,LOT_F,W01,8.5014,9.7663,11.0357,12.2114,1.9826,2.0669,12.3591,12.3802,50.0,1,1,normal,0
IC_5044,LOT_A,W18,7.5334,8.7319,9.5581,10.4095,2.4576,2.5,11.102,11.2884,50.0,1,1,normal,0
IC_6505,LOT_A,W24,8.2675,10.0005,11.5309,12.5713,2.3166,2.4071,11.7585,12.0342,50.0,1,1,normal,0
IC_6133,LOT_E,W14,11.1335,11.9378,12.8032,13.0127,2.4463,2.4954,13.4601,13.5967,50.0,1,1,normal,0
IC_6833,LOT_E,W03,13.1415,14.1229,14.4402,15.6732,2.3494,2.4498,12.9642,12.8989,50.0,1,1,normal,0
IC_6268,LOT_F,W01,10.6919,12.7352,14.3299,14.3672,1.9352,2.0532,12.3814,12.6135,50.0,1,1,normal,0
IC_4712,LOT_C,W01,11.2139,12.6004,13.9251,14.638,2.1784,2.2322,12.3276,12.6738,50.0,1,1,normal,0
IC_4354,LOT_F,W05,11.188,12.2068,12.9,13.5533,2.2235,2.2273,13.5889,13.8463,50.0,1,1,normal,0
IC_3660,LOT_A,W15,8.4549,10.0869,11.9705,13.3221,2.1479,2.2959,11.4184,11.6771,50.0,1,1,normal,0
IC_4091,LOT_B,W09,8.8621,10.4405,11.5816,13.1531,2.4409,2.4848,11.3351,11.6067,50.0,1,1,normal,0
IC_5872,LOT_F,W16,10.8368,12.3573,13.4524,14.5371,2.5055,2.5805,12.5269,12.6817,50.0,1,1,normal,0
IC_2193,LOT_F,W14,10.1877,11.0904,12.133,12.9137,1.9702,2.0443,13.4185,13.5586,50.0,1,1,normal,0
IC_4061,LOT_E,W09,12.6752,14.0622,15.3986,16.5813,2.661,2.7619,13.2895,13.6083,50.0,1,1,normal,0
IC_6666,LOT_F,W10,77.1752,81.6609,88.4928,109.3833,7.4351,7.6738,24.1309,24.6224,50.0,0,0,gross_failure,1
IC_5299,LOT_E,W07,7.7229,9.1384,10.9761,12.0881,1.9835,2.0793,11.2444,11.4916,50.0,1,1,normal,0
IC_1666,LOT_E,W23,10.5798,11.7424,13.3165,14.2083,2.3335,2.3432,12.304,12.5642,50.0,1,1,normal,0
IC_2931,LOT_C,W06,11.265,12.0357,12.79,13.9047,2.189,2.178,10.7833,10.852,50.0,1,1,normal,0
IC_1062,LOT_E,W11,10.5037,11.7952,13.2003,13.7431,2.2259,2.3224,13.0934,13.2277,50.0,1,1,normal,0
IC_6622,LOT_B,W14,8.1196,9.6447,11.5308,12.3421,2.221,2.3278,11.0275,11.4317,50.0,1,1,normal,0
IC_3179,LOT_B,W19,10.2284,13.0317,31.0421,50.5112,2.6113,2.7692,13.2084,13.6262,50.0,1,1,early_drifter,1
IC_6353,LOT_D,W13,10.7364,15.642,41.6483,76.9378,2.4898,2.7704,12.1808,12.7323,50.0,1,1,early_drifter,1
IC_1276,LOT_D,W21,9.7724,11.2832,12.4679,13.4871,2.462,2.5076,12.3236,12.4986,50.0,1,1,normal,0
IC_2335,LOT_E,W07,8.7564,10.0981,11.6075,12.7299,2.405,2.4881,11.3516,11.5681,50.0,1,1,normal,0
IC_2274,LOT_C,W04,11.4052,12.437,13.7908,14.7642,2.1931,2.2493,11.6307,11.8082,50.0,1,1,normal,0
IC_5929,LOT_E,W22,8.5848,9.5674,10.8425,11.8824,2.0533,2.1033,12.3685,12.3978,50.0,1,1,normal,0
IC_6799,LOT_D,W05,11.3122,13.0247,14.02,15.1211,2.5212,2.6367,11.9448,12.1506,50.0,1,1,normal,0
IC_5676,LOT_E,W23,10.0698,11.3052,11.8581,13.6638,2.2153,2.2692,12.5908,12.6943,50.0,1,1,normal,0
IC_4654,LOT_A,W20,9.6813,10.9057,12.1014,12.9298,2.4105,2.5617,10.8414,10.9888,50.0,1,1,normal,0
IC_5963,LOT_E,W18,12.2308,13.4259,14.3146,15.2083,2.5129,2.5615,11.9275,12.0726,50.0,1,1,normal,0
IC_1735,LOT_B,W24,6.6176,7.7467,9.2594,10.5251,2.2951,2.3639,10.2469,10.4895,50.0,1,1,normal,0
IC_3310,LOT_E,W03,9.1647,10.5252,12.7662,12.5518,1.9482,2.0368,11.687,11.9052,50.0,1,1,normal,0
IC_2463,LOT_F,W17,65.5039,72.9614,80.8662,98.8604,6.4525,6.855,22.0715,22.8967,50.0,0,0,gross_failure,1
IC_6471,LOT_D,W04,11.1403,12.2285,12.9583,13.3555,2.4455,2.5534,11.815,11.8939,50.0,1,1,normal,0
IC_5363,LOT_F,W04,11.3467,12.3953,13.0092,13.814,1.9287,2.0067,12.4204,12.4,50.0,1,1,normal,0
IC_1770,LOT_F,W11,10.1909,11.7902,12.841,14.0757,2.0916,2.2035,12.6663,12.8102,50.0,1,1,normal,0
IC_4987,LOT_F,W11,10.9776,11.9204,12.8663,13.357,1.7357,1.7395,13.1551,13.3663,50.0,1,1,normal,0
IC_4480,LOT_F,W03,11.7635,13.1816,15.356,15.2333,2.3987,2.4652,13.408,13.9011,50.0,1,1,normal,0
IC_3897,LOT_A,W13,8.3225,9.4527,10.4751,10.9646,2.5728,2.5809,10.9097,11.1067,50.0,1,1,normal,0
IC_3608,LOT_B,W04,7.5765,8.3522,9.0467,9.0796,2.2106,2.2381,9.4997,9.5541,50.0,1,1,normal,0
IC_4236,LOT_F,W03,9.611,10.6318,11.3668,12.1389,2.072,2.1048,12.5994,12.6256,50.0,1,1,normal,0
IC_3721,LOT_C,W09,83.6859,91.2162,107.5111,120.3209,7.9721,8.3905,21.6971,22.529,50.0,0,0,gross_failure,1
IC_3654,LOT_A,W05,11.5885,12.7033,14.2234,15.1212,2.6804,2.8266,12.3673,12.4959,50.0,1,1,normal,0
IC_2041,LOT_B,W07,8.5744,11.3863,27.9163,49.1696,2.3872,2.564,11.5881,11.9266,50.0,1,1,early_drifter,1
IC_1661,LOT_B,W09,7.7558,9.0223,10.6521,11.535,2.3273,2.3677,12.0568,12.0877,50.0,1,1,normal,0
IC_4747,LOT_A,W18,6.207,7.5222,9.1002,9.8332,1.9809,2.0423,11.0535,11.3558,50.0,1,1,normal,0
IC_2556,LOT_B,W13,11.0119,11.5165,12.4967,13.7548,2.4937,2.5359,9.5977,9.6935,50.0,1,1,normal,0
IC_2902,LOT_A,W23,10.4383,11.6805,12.9424,13.5724,2.3612,2.464,11.9277,12.1113,50.0,1,1,normal,0
IC_4125,LOT_E,W02,11.5315,12.4285,13.5539,14.0337,2.3206,2.377,12.081,12.3325,50.0,1,1,normal,0
IC_3469,LOT_B,W13,42.1331,42.8681,44.9742,45.3199,5.1807,5.2553,16.2458,16.3721,50.0,1,1,latent_distribution_outlier,1
IC_2873,LOT_E,W07,9.2563,10.5585,11.5713,12.0536,1.9814,2.1152,12.6484,12.7652,50.0,1,1,normal,0
IC_6800,LOT_A,W12,10.3616,11.3898,12.2233,12.749,2.4475,2.464,9.8344,9.9463,50.0,1,1,normal,0
IC_5392,LOT_D,W06,10.1431,11.9068,13.2222,14.4965,2.2326,2.3308,13.548,13.8898,50.0,1,1,normal,0
IC_4263,LOT_D,W09,10.4942,10.9921,11.8387,13.1371,2.2152,2.2254,12.2798,12.5112,50.0,1,1,normal,0
IC_4416,LOT_A,W15,65.6036,67.9572,85.8617,104.5594,7.4201,7.5916,20.1905,20.398,50.0,0,0,gross_failure,1
IC_5634,LOT_B,W10,7.0529,8.8514,9.6892,11.1778,2.497,2.6247,10.7616,11.0351,50.0,1,1,normal,0
IC_6966,LOT_F,W10,10.8401,12.3305,14.4152,15.5168,2.0633,2.1583,13.3225,13.4379,50.0,1,1,normal,0
IC_4855,LOT_A,W01,32.0494,34.347,36.0647,36.956,4.1411,4.2617,14.984,15.2723,50.0,1,1,latent_distribution_outlier,1
IC_1835,LOT_A,W23,7.0121,8.2201,9.6266,10.0557,2.3796,2.4603,10.6657,10.8762,50.0,1,1,normal,0
IC_1875,LOT_E,W22,72.5455,74.8317,80.0911,96.4983,7.3381,7.4598,21.155,21.3547,50.0,0,0,gross_failure,1
IC_1484,LOT_C,W01,12.2883,13.8934,15.2847,16.0002,2.2593,2.3622,11.8139,12.015,50.0,1,1,normal,0
IC_1945,LOT_D,W09,11.4239,12.6626,13.252,14.6954,2.8632,2.937,12.4175,12.6822,50.0,1,1,normal,0
IC_2522,LOT_A,W16,11.161,12.4123,14.0252,14.4995,2.6496,2.7042,12.1004,12.2463,50.0,1,1,normal,0
IC_5351,LOT_E,W08,9.4486,10.8638,12.1313,12.9446,2.4884,2.5623,12.1046,12.316,50.0,1,1,normal,0
IC_1688,LOT_B,W23,10.9536,13.9284,32.7241,53.8419,2.7119,2.8949,8.9957,9.3938,50.0,1,1,early_drifter,1
IC_1976,LOT_F,W24,11.3707,15.9017,39.2884,69.2531,2.1953,2.4726,11.8868,12.2829,50.0,1,1,early_drifter,1
IC_5921,LOT_D,W05,10.1717,11.8342,13.4805,14.6177,2.3819,2.4711,12.6793,12.7155,50.0,1,1,normal,0
IC_1490,LOT_C,W13,12.6969,14.4319,16.1362,17.1996,2.2291,2.3357,12.029,12.4478,50.0,1,1,normal,0
IC_3546,LOT_F,W01,7.8665,9.185,10.1379,10.1573,1.9653,2.0427,12.3369,12.4595,50.0,1,1,normal,0
IC_4497,LOT_D,W07,8.992,9.6904,10.5349,11.5142,2.3628,2.3415,11.213,11.3324,50.0,1,1,normal,0
IC_6308,LOT_F,W22,11.8579,12.8091,13.7655,14.5705,2.5918,2.6573,13.4841,13.6906,50.0,1,1,normal,0
IC_4778,LOT_F,W01,9.4449,10.2572,11.1359,12.1582,2.1534,2.1457,13.9785,14.0892,50.0,1,1,normal,0
IC_3315,LOT_A,W24,9.189,10.4692,11.1206,12.3101,2.8725,2.9219,10.608,10.7971,50.0,1,1,normal,0
IC_6853,LOT_A,W18,8.9203,10.377,11.6291,12.4504,2.3982,2.4836,11.2243,11.5001,50.0,1,1,normal,0
IC_2864,LOT_B,W20,7.7269,8.2112,9.6725,10.2029,2.4202,2.4429,11.0586,11.4159,50.0,1,1,normal,0
IC_5894,LOT_C,W16,11.1276,12.3785,13.9738,14.439,2.2116,2.2953,10.9437,11.214,50.0,1,1,normal,0
IC_6648,LOT_B,W22,7.4769,8.5534,9.778,10.5152,2.5955,2.6637,10.5768,10.6086,50.0,1,1,normal,0
IC_2747,LOT_F,W17,10.6911,11.2587,12.0731,13.842,1.8433,1.915,13.5288,13.5907,50.0,1,1,normal,0
IC_3970,LOT_D,W19,9.5558,10.4496,11.2224,12.3929,2.8007,2.8994,12.7418,12.7997,50.0,1,1,normal,0
IC_5842,LOT_D,W10,9.3985,10.5372,11.0583,11.9104,2.4063,2.4444,11.394,11.4754,50.0,1,1,normal,0
IC_2928,LOT_F,W18,10.9982,12.6017,13.8184,15.0333,2.4068,2.5265,13.5975,13.5504,50.0,1,1,normal,0
IC_3621,LOT_E,W10,10.4771,11.4513,12.4233,12.756,1.9092,1.9749,12.4824,12.7334,50.0,1,1,normal,0
IC_2605,LOT_C,W06,11.4217,12.3128,13.5912,13.9737,2.0448,2.1016,12.6875,12.8034,50.0,1,1,normal,0
IC_4338,LOT_F,W04,11.2192,11.9796,12.8969,13.2999,2.2347,2.2338,12.6222,12.7045,50.0,1,1,normal,0
IC_4202,LOT_F,W12,9.2561,10.7936,11.7352,12.3102,2.3624,2.5109,13.0601,13.1311,50.0,1,1,normal,0
IC_5681,LOT_A,W22,11.2844,12.6254,13.8329,14.1978,3.0974,3.1537,11.3652,11.3373,50.0,1,1,normal,0
IC_5823,LOT_D,W24,9.4774,10.8129,12.0919,13.5328,2.7026,2.8134,12.527,12.8181,50.0,1,1,normal,0
IC_5252,LOT_A,W09,9.9537,11.3051,12.6196,14.3676,2.5521,2.6759,11.5617,11.6047,50.0,1,1,normal,0
IC_2665,LOT_C,W02,11.6806,13.3691,14.5177,15.5551,2.3542,2.4586,12.575,12.9109,50.0,1,1,normal,0
IC_2832,LOT_D,W07,7.9175,9.4454,10.8837,12.5295,2.2918,2.3887,12.2076,12.1498,50.0,1,1,normal,0
IC_5422,LOT_E,W12,7.5127,8.78,9.8856,10.6263,2.1837,2.2678,11.7878,11.7784,50.0,1,1,normal,0
IC_6489,LOT_A,W02,11.0445,12.2553,13.0471,13.4163,2.3898,2.4581,10.1184,10.1378,50.0,1,1,normal,0
IC_5815,LOT_F,W23,39.0548,40.7215,41.4249,42.7835,4.662,4.7448,16.562,16.6273,50.0,1,1,latent_distribution_outlier,1
IC_2583,LOT_A,W01,9.9451,13.0388,30.1779,54.3591,2.8674,3.0377,11.6887,12.1345,50.0,1,1,early_drifter,1
IC_3319,LOT_B,W05,4.8399,5.7946,7.0,6.9253,2.1791,2.2527,12.1729,12.1433,50.0,1,1,normal,0
IC_4498,LOT_C,W13,12.0156,13.3223,14.7479,15.968,2.6053,2.6727,12.2098,12.2036,50.0,1,1,normal,0
IC_5762,LOT_D,W06,9.9704,11.6973,13.1341,13.9804,2.2973,2.4066,11.0069,11.1911,50.0,1,1,normal,0
IC_4610,LOT_D,W21,11.7203,12.971,14.365,15.8377,2.3824,2.4802,11.7166,11.8423,50.0,1,1,normal,0
IC_2811,LOT_B,W13,36.897,38.2994,39.8379,40.1862,4.4921,4.5995,17.0486,17.1547,50.0,1,1,latent_distribution_outlier,1
IC_2620,LOT_A,W01,8.7808,9.7212,11.0623,11.5287,2.3591,2.4029,10.8653,11.1835,50.0,1,1,normal,0
IC_2121,LOT_D,W07,7.727,9.4565,10.6387,11.8693,2.5597,2.67,11.1611,11.3907,50.0,1,1,normal,0
IC_3622,LOT_A,W21,12.4438,17.1346,43.4879,78.1243,2.8259,3.1272,12.0918,12.6415,50.0,1,1,early_drifter,1
IC_3254,LOT_A,W23,9.0193,9.9694,11.5207,11.8713,2.5971,2.6685,10.9335,11.1144,50.0,1,1,normal,0
IC_5786,LOT_F,W02,9.6552,16.2137,52.0461,99.9259,2.2372,2.6615,13.7815,14.3587,50.0,1,1,early_drifter,1
IC_4740,LOT_E,W05,12.978,14.4947,15.7292,16.8065,2.8719,2.9585,12.4801,12.7804,50.0,1,1,normal,0
IC_4835,LOT_A,W09,11.828,13.2653,13.7441,14.5416,2.8754,2.9823,12.2438,12.6191,50.0,1,1,normal,0
IC_5394,LOT_F,W14,10.8119,12.507,14.138,14.613,2.3771,2.497,13.7001,13.8112,50.0,1,1,normal,0
IC_3397,LOT_B,W15,10.2155,11.7613,13.1434,14.5857,2.775,2.894,11.5621,11.8048,50.0,1,1,normal,0
IC_2339,LOT_C,W10,12.7207,14.0455,15.5166,16.9215,2.2206,2.3596,13.38,13.5022,50.0,1,1,normal,0
IC_4927,LOT_A,W11,12.0491,12.9336,13.8393,14.5757,2.7425,2.8218,11.4047,11.4368,50.0,1,1,normal,0
IC_6867,LOT_A,W15,7.7635,9.1209,10.3763,11.8487,2.0534,2.1364,11.4356,11.6629,50.0,1,1,normal,0
IC_1259,LOT_D,W18,36.9725,38.2678,40.7595,42.1029,4.3533,4.4487,15.4536,15.5301,50.0,1,1,latent_distribution_outlier,1
IC_5799,LOT_A,W12,13.0931,13.8935,14.4708,15.5245,2.8295,2.9317,11.1512,11.2424,50.0,1,1,normal,0
IC_1695,LOT_E,W13,11.5794,12.8222,13.7682,15.2663,2.7212,2.7241,12.0426,12.2174,50.0,1,1,normal,0
IC_4152,LOT_F,W11,9.4825,10.3854,11.8798,12.542,2.3568,2.3921,12.8924,12.9456,50.0,1,1,normal,0
IC_2228,LOT_C,W21,11.4123,17.0764,49.3534,89.9107,2.1949,2.5572,9.8984,10.5041,50.0,1,1,early_drifter,1
IC_1461,LOT_B,W16,9.4975,12.4443,28.905,49.2701,2.5413,2.6723,11.1696,11.3941,50.0,1,1,early_drifter,1
IC_6311,LOT_F,W01,11.6399,12.6266,13.8433,14.1348,2.5122,2.6053,13.2156,13.2198,50.0,1,1,normal,0
IC_3265,LOT_C,W18,11.3312,11.9146,12.9101,14.474,2.1108,2.1431,12.5384,12.8005,50.0,1,1,normal,0
IC_3641,LOT_C,W13,11.8714,13.0821,14.0828,15.3025,2.148,2.242,11.7592,11.861,50.0,1,1,normal,0
IC_5307,LOT_D,W05,10.5172,12.0344,13.0563,14.2457,2.3643,2.4657,12.2232,12.4358,50.0,1,1,normal,0
IC_4865,LOT_D,W13,41.0166,43.0824,45.5682,47.2535,4.7238,4.8238,15.2487,15.5712,50.0,1,1,latent_distribution_outlier,1
IC_4918,LOT_C,W09,12.2938,13.8078,15.1989,16.1256,2.0762,2.189,11.5,11.6422,50.0,1,1,normal,0
IC_5755,LOT_A,W24,10.315,11.3245,12.7762,13.6611,2.2883,2.3177,11.0716,11.1159,50.0,1,1,normal,0
IC_4231,LOT_A,W02,7.8858,9.1504,10.8558,11.2792,2.2928,2.3455,11.0383,11.2259,50.0,1,1,normal,0
IC_3259,LOT_E,W10,10.0599,11.5658,13.1456,14.1129,1.895,2.0064,12.6345,12.7147,50.0,1,1,normal,0
IC_1982,LOT_F,W23,10.3683,11.1011,11.7854,12.6441,2.1142,2.1621,12.6927,12.9009,50.0,1,1,normal,0
IC_1027,LOT_C,W18,14.149,16.0061,17.0815,18.2716,2.7233,2.861,10.8599,11.2272,50.0,1,1,normal,0
IC_6189,LOT_B,W16,5.6361,7.1131,8.2838,9.6259,1.816,1.9425,10.7304,10.8918,50.0,1,1,normal,0
IC_2700,LOT_E,W02,11.869,13.1031,14.4773,14.8993,2.4422,2.5113,12.3465,12.4936,50.0,1,1,normal,0
IC_3475,LOT_C,W12,10.2508,11.1719,11.892,12.7826,2.0154,2.0694,10.9231,10.8579,50.0,1,1,normal,0
IC_6906,LOT_E,W01,12.3194,13.7663,14.626,15.7884,2.301,2.3537,11.8191,11.9824,50.0,1,1,normal,0
IC_4212,LOT_C,W01,11.0759,12.3343,13.6673,14.3427,2.2436,2.3219,11.2629,11.3424,50.0,1,1,normal,0
IC_1255,LOT_D,W10,9.6805,10.4425,11.8007,11.5435,2.747,2.842,10.7141,10.8534,50.0,1,1,normal,0
IC_4114,LOT_D,W15,9.1282,10.7517,12.0108,12.066,2.47,2.5884,12.4701,12.6689,50.0,1,1,normal,0
IC_4627,LOT_A,W06,6.6768,7.7441,8.7803,10.0629,2.7372,2.8245,11.1547,11.2067,50.0,1,1,normal,0
IC_6697,LOT_A,W12,11.7072,12.6429,13.8031,14.4391,2.7897,2.8284,10.7938,11.0293,50.0,1,1,normal,0
IC_1958,LOT_E,W03,10.6215,11.9206,13.8028,14.116,2.351,2.3665,12.5682,12.7347,50.0,1,1,normal,0
IC_5926,LOT_E,W11,9.4146,10.5386,11.3563,12.7201,2.6656,2.6979,12.1211,12.2792,50.0,1,1,normal,0
IC_6612,LOT_B,W09,8.9325,10.576,12.041,14.0195,2.4819,2.5651,13.548,13.4855,50.0,1,1,normal,0
IC_6467,LOT_A,W08,9.0508,9.8224,10.2272,11.2732,2.6658,2.7011,10.852,11.1228,50.0,1,1,normal,0
IC_5526,LOT_F,W20,10.6842,12.0354,12.4641,13.5882,2.3352,2.4259,12.6519,12.7795,50.0,1,1,normal,0
IC_1386,LOT_E,W09,6.9355,8.3463,9.6572,10.2177,1.7405,1.8142,12.999,13.2509,50.0,1,1,normal,0
IC_4696,LOT_E,W07,7.5702,8.6942,10.0476,10.7558,2.107,2.1707,13.4935,13.6112,50.0,1,1,normal,0
IC_3358,LOT_B,W09,8.2407,9.2402,10.2268,10.4753,2.8154,2.8685,11.4752,11.553,50.0,1,1,normal,0
IC_3929,LOT_E,W07,9.3363,11.0413,12.6389,13.6368,1.489,1.5613,12.3492,12.5627,50.0,1,1,normal,0
IC_4825,LOT_B,W04,7.3301,8.66,9.6601,10.3062,2.3234,2.3918,9.938,10.1019,50.0,1,1,normal,0
IC_4651,LOT_E,W13,14.8264,16.4655,18.2185,18.6045,2.5212,2.5952,12.8714,12.9623,50.0,1,1,normal,0
IC_3659,LOT_F,W05,10.7382,11.5089,12.9367,13.0189,2.3228,2.3515,15.4088,15.5556,50.0,1,1,normal,0
IC_1177,LOT_C,W05,10.3503,11.9602,12.8309,13.4485,2.0272,2.1031,12.0025,12.2369,50.0,1,1,normal,0
IC_5665,LOT_D,W06,13.6336,14.8012,15.4743,16.7351,2.5564,2.6093,12.5699,12.8623,50.0,1,1,normal,0
IC_2043,LOT_B,W23,9.8791,10.9455,12.3408,13.1363,2.7119,2.7731,11.0226,10.9098,50.0,1,1,normal,0
IC_3828,LOT_B,W09,9.8542,10.9226,12.0007,12.6016,2.9698,3.0151,12.8432,12.7651,50.0,1,1,normal,0
IC_4118,LOT_C,W07,11.8091,12.7161,13.2754,14.2767,2.0945,2.1242,11.9425,11.9953,50.0,1,1,normal,0
IC_1376,LOT_C,W09,9.3589,11.2252,12.4713,14.09,2.0376,2.1727,9.0888,9.3338,50.0,1,1,normal,0
IC_3308,LOT_E,W12,11.2569,11.9588,13.4911,13.7822,2.1931,2.2485,12.4105,12.4365,50.0,1,1,normal,0
IC_5692,LOT_E,W10,9.8727,11.3147,12.7817,13.1134,1.9062,1.9522,12.9548,13.0678,50.0,1,1,normal,0
IC_5813,LOT_E,W21,11.2314,12.4133,13.9317,15.1897,2.159,2.2182,13.2425,13.4429,50.0,1,1,normal,0
IC_5457,LOT_B,W21,9.2406,10.523,12.0573,13.3612,2.1768,2.2277,11.5696,11.7988,50.0,1,1,normal,0
IC_6552,LOT_C,W04,12.4409,13.7896,15.3624,15.5118,2.3142,2.4613,12.0921,12.1543,50.0,1,1,normal,0
IC_4678,LOT_F,W10,9.1702,10.3654,12.1706,12.9721,1.5499,1.6582,11.9136,12.1091,50.0,1,1,normal,0
IC_4866,LOT_E,W06,8.9018,9.8704,11.9916,12.1776,2.3438,2.3727,12.5626,12.6214,50.0,1,1,normal,0
IC_6430,LOT_F,W17,9.6032,10.4435,11.4084,11.9383,2.0312,2.1677,12.5991,12.7799,50.0,1,1,normal,0
IC_4972,LOT_F,W11,10.9689,12.1871,13.0089,13.6884,1.9664,2.076,14.1482,14.4607,50.0,1,1,normal,0
IC_2929,LOT_B,W10,8.5471,9.6169,10.6809,11.277,2.3265,2.3528,12.0457,12.1946,50.0,1,1,normal,0
IC_6301,LOT_A,W24,10.2215,11.3966,12.3295,13.6965,2.6631,2.7337,12.1069,12.3482,50.0,1,1,normal,0
IC_6437,LOT_B,W24,7.7885,8.4496,9.0621,9.9317,2.4546,2.505,11.3604,11.4622,50.0,1,1,normal,0
IC_3451,LOT_F,W09,13.0702,14.0662,14.2127,14.5816,2.5983,2.6304,14.7289,14.9294,50.0,1,1,normal,0
IC_3701,LOT_C,W07,39.664,41.8169,42.4854,44.2825,4.1755,4.288,16.8444,16.9211,50.0,1,1,latent_distribution_outlier,1
IC_5162,LOT_F,W21,10.9552,11.881,12.5647,13.634,2.1086,2.142,12.9294,12.9468,50.0,1,1,normal,0
IC_2146,LOT_B,W08,11.7166,12.6334,13.7902,14.1256,2.5469,2.5834,12.4726,12.616,50.0,1,1,normal,0
IC_3620,LOT_C,W13,12.1263,13.0707,13.9035,14.6029,2.4455,2.5095,10.4337,10.5213,50.0,1,1,normal,0
IC_2554,LOT_D,W09,10.1045,11.1797,12.084,12.6223,2.6019,2.6085,11.5283,11.6085,50.0,1,1,normal,0
IC_6350,LOT_C,W18,34.8278,35.9921,37.005,39.1259,4.0312,4.1297,14.7261,14.9272,50.0,1,1,latent_distribution_outlier,1
IC_3011,LOT_B,W06,10.6343,12.3948,14.0301,15.1654,3.0645,3.1858,10.3443,10.6573,50.0,1,1,normal,0
IC_6645,LOT_A,W17,6.9076,8.1667,9.0138,9.7324,2.3357,2.4341,10.9798,11.1135,50.0,1,1,normal,0
IC_5846,LOT_D,W13,8.2789,9.5955,11.5508,12.59,2.2546,2.3169,10.6936,10.8288,50.0,1,1,normal,0
IC_6752,LOT_E,W02,9.1116,9.9924,11.4745,12.3091,2.0979,2.1745,12.5888,12.6668,50.0,1,1,normal,0
IC_5517,LOT_A,W09,10.1872,11.1516,11.7395,12.1354,2.5088,2.626,10.3645,10.418,50.0,1,1,normal,0
IC_2561,LOT_E,W09,9.6933,11.3644,12.8353,13.4632,2.3571,2.4964,11.3621,11.6003,50.0,1,1,normal,0
IC_4888,LOT_F,W02,12.0698,13.3721,13.7337,15.0432,2.1527,2.2473,13.4434,13.7448,50.0,1,1,normal,0
IC_3917,LOT_A,W05,9.6188,11.1268,12.6996,14.2475,2.7211,2.8041,12.4886,12.7817,50.0,1,1,normal,0
IC_6504,LOT_E,W19,13.7197,14.7475,16.2352,15.5992,2.615,2.5972,13.3109,13.473,50.0,1,1,normal,0
IC_2535,LOT_B,W19,4.6647,5.8143,7.4136,8.2967,2.4271,2.5377,12.0181,12.1496,50.0,1,1,normal,0
IC_5591,LOT_E,W08,12.3184,13.1367,14.2162,14.2296,2.6106,2.7003,13.637,13.5726,50.0,1,1,normal,0
IC_2165,LOT_F,W03,12.1469,13.5327,15.2285,15.0521,2.6782,2.8003,14.178,14.2353,50.0,1,1,normal,0
IC_2947,LOT_B,W05,7.0,12.9419,47.3683,91.5755,2.1473,2.5304,9.87,10.5792,50.0,1,1,early_drifter,1
IC_2023,LOT_C,W20,12.537,13.3043,14.068,14.3764,2.1185,2.2017,11.8126,11.8904,50.0,1,1,normal,0
IC_5974,LOT_D,W02,9.6872,10.4501,11.1676,12.3769,2.4893,2.5354,11.425,11.5596,50.0,1,1,normal,0
IC_4706,LOT_C,W02,11.8977,12.5479,13.5178,13.8774,1.8846,1.947,11.3689,11.4677,50.0,1,1,normal,0
IC_6240,LOT_B,W12,10.5036,11.4481,12.2869,13.1289,2.6259,2.6585,11.0183,11.1018,50.0,1,1,normal,0
IC_1378,LOT_E,W02,7.57,8.5008,9.4608,9.3682,1.9589,1.9922,11.0322,11.1848,50.0,1,1,normal,0
IC_2788,LOT_C,W10,38.2824,40.277,42.0869,43.8208,4.2749,4.43,16.0652,16.3654,50.0,1,1,latent_distribution_outlier,1
IC_1673,LOT_D,W14,10.4104,11.8735,13.1373,14.2128,2.5081,2.6032,11.7272,11.6785,50.0,1,1,normal,0
IC_1849,LOT_D,W17,8.328,9.8732,11.1366,11.8081,2.2037,2.3388,11.8273,12.1595,50.0,1,1,normal,0
IC_5420,LOT_C,W12,43.657,45.2228,46.7677,47.1579,4.8278,4.9199,15.1616,15.1823,50.0,1,1,latent_distribution_outlier,1
IC_5211,LOT_E,W19,8.6729,9.7784,10.7986,12.1842,1.7141,1.8087,11.4102,11.5853,50.0,1,1,normal,0
IC_2586,LOT_C,W21,9.7598,10.5373,11.5546,12.9278,1.9794,1.9912,12.0182,12.0843,50.0,1,1,normal,0
IC_1429,LOT_D,W01,10.942,11.6492,13.0569,12.664,2.2926,2.3197,11.6106,11.6609,50.0,1,1,normal,0
IC_4411,LOT_C,W07,10.39,11.5856,12.484,13.791,2.3127,2.3618,11.6593,11.7291,50.0,1,1,normal,0
IC_6692,LOT_C,W12,10.9961,11.7752,12.7915,12.6775,2.4697,2.503,11.0326,10.9348,50.0,1,1,normal,0
IC_1288,LOT_D,W15,9.4197,10.4864,11.0836,11.928,2.306,2.3304,11.6741,11.88,50.0,1,1,normal,0
IC_2655,LOT_B,W11,8.5709,10.1536,11.7379,12.3847,2.4713,2.6109,11.8072,12.0615,50.0,1,1,normal,0
IC_2999,LOT_A,W07,11.1601,12.0403,13.4835,14.0379,2.664,2.6723,11.0512,11.135,50.0,1,1,normal,0
IC_5783,LOT_E,W19,9.3415,10.5003,11.2532,12.3839,2.2549,2.3554,13.0057,13.0066,50.0,1,1,normal,0
IC_4166,LOT_F,W10,11.6115,13.2637,14.4561,15.8948,2.5269,2.6115,12.5028,12.8034,50.0,1,1,normal,0
IC_4089,LOT_D,W22,9.2385,10.4979,12.1892,12.5715,2.0499,2.1347,10.9755,11.0703,50.0,1,1,normal,0
IC_1043,LOT_C,W24,34.9745,36.2247,37.2229,37.738,4.1151,4.1824,16.1215,16.3961,50.0,1,1,latent_distribution_outlier,1
IC_4428,LOT_A,W18,12.2684,13.7338,15.1194,16.168,2.7214,2.7673,12.9009,13.1007,50.0,1,1,normal,0
IC_3835,LOT_F,W04,44.1339,47.0279,49.8454,51.0515,4.7549,4.9413,19.4475,19.7786,50.0,1,1,latent_distribution_outlier,1
IC_1690,LOT_D,W08,10.519,11.6945,12.5664,13.1505,2.5768,2.6275,12.1966,12.4885,50.0,1,1,normal,0
IC_4455,LOT_C,W02,10.4035,11.5592,12.2374,12.9724,2.1879,2.2492,12.702,12.9172,50.0,1,1,normal,0
IC_1295,LOT_D,W21,9.6868,10.9421,12.8788,13.1043,2.5495,2.6524,10.9833,11.1802,50.0,1,1,normal,0
IC_1659,LOT_B,W05,44.9628,47.1861,49.8585,51.7574,4.9557,5.1193,15.6577,15.8919,50.0,1,1,latent_distribution_outlier,1
IC_5418,LOT_B,W02,7.2817,8.8898,10.3534,11.992,1.8549,1.9997,10.9244,11.2614,50.0,1,1,normal,0
IC_3137,LOT_F,W21,10.5185,11.7807,13.1485,13.5691,2.2014,2.2899,13.3649,13.4663,50.0,1,1,normal,0
IC_3732,LOT_C,W05,11.6409,12.6736,13.6234,14.8429,2.0791,2.1623,11.0262,11.1477,50.0,1,1,normal,0
IC_1552,LOT_D,W01,9.665,10.9469,12.1673,13.1953,2.584,2.6415,11.4838,11.6626,50.0,1,1,normal,0
IC_4267,LOT_C,W22,13.6679,15.1172,16.1111,17.9078,2.4292,2.526,11.3055,11.4871,50.0,1,1,normal,0
IC_1206,LOT_C,W18,9.9942,11.1231,12.6493,13.7619,1.8571,1.913,11.477,11.5595,50.0,1,1,normal,0
IC_6634,LOT_C,W11,11.3179,12.8862,14.6014,15.704,1.977,2.0824,11.4563,11.6989,50.0,1,1,normal,0
IC_6895,LOT_C,W09,14.485,16.0872,17.9354,18.041,2.9133,2.9973,12.731,13.0678,50.0,1,1,normal,0
IC_2559,LOT_B,W14,6.6002,7.5319,9.1068,9.2199,2.0987,2.2138,10.3264,10.4142,50.0,1,1,normal,0
IC_3704,LOT_F,W19,12.1773,13.5418,15.133,16.2101,2.013,2.0476,14.215,14.3638,50.0,1,1,normal,0
IC_4873,LOT_E,W20,10.0306,12.0332,13.3347,14.3906,2.2192,2.3262,11.804,12.0054,50.0,1,1,normal,0
IC_5938,LOT_F,W22,10.4438,11.203,12.2641,12.8604,2.2847,2.3402,12.7999,13.0508,50.0,1,1,normal,0
IC_2569,LOT_C,W12,10.0777,11.0121,12.5778,13.7271,2.0836,2.1474,11.0989,10.9881,50.0,1,1,normal,0
IC_1621,LOT_C,W22,11.1863,12.8105,14.4946,15.1195,2.1409,2.2344,12.2743,12.4554,50.0,1,1,normal,0
IC_5324,LOT_D,W20,9.9992,14.5243,37.8635,69.3943,2.1134,2.3955,10.7352,11.1803,50.0,1,1,early_drifter,1
IC_5627,LOT_E,W23,7.6715,8.9525,10.4947,11.002,2.2598,2.369,12.1024,12.3827,50.0,1,1,normal,0
IC_5221,LOT_C,W22,13.3986,14.4032,15.8938,16.4633,1.9428,2.0191,11.2079,11.4442,50.0,1,1,normal,0
IC_4415,LOT_F,W11,10.068,11.4676,12.8395,14.2386,2.3666,2.423,12.1303,12.2028,50.0,1,1,normal,0
IC_6591,LOT_C,W23,10.5256,11.5132,13.0917,13.5159,2.2708,2.3054,11.3441,11.2375,50.0,1,1,normal,0
IC_5836,LOT_A,W24,8.2405,9.4474,10.9231,11.2944,2.1563,2.2545,11.1464,11.2547,50.0,1,1,normal,0
IC_4119,LOT_E,W06,9.2846,10.8408,12.0305,13.1382,2.2289,2.3463,12.7549,12.7735,50.0,1,1,normal,0
IC_3148,LOT_C,W04,58.1846,64.3707,81.3213,91.3343,6.1156,6.4553,18.1858,18.8943,50.0,0,0,gross_failure,1
IC_1053,LOT_C,W12,11.7084,12.7045,13.7789,14.5809,2.3145,2.3164,12.4621,12.6099,50.0,1,1,normal,0
IC_1818,LOT_F,W07,10.5803,12.2278,13.4722,14.1258,2.1571,2.2769,12.9612,13.2975,50.0,1,1,normal,0
IC_5552,LOT_C,W12,11.0601,12.0968,13.1945,13.3903,2.3446,2.3568,13.2455,13.4914,50.0,1,1,normal,0
IC_4958,LOT_B,W12,9.316,10.1836,11.5702,11.8829,2.541,2.5759,12.5152,12.5235,50.0,1,1,normal,0
IC_4363,LOT_E,W01,9.6176,10.3743,11.4603,11.0579,1.9034,1.9191,12.0195,12.1513,50.0,1,1,normal,0
IC_4728,LOT_D,W18,11.104,12.0604,13.0894,13.3896,2.9465,2.9925,11.8268,11.9122,50.0,1,1,normal,0
IC_5972,LOT_A,W23,9.5941,10.4817,11.5498,12.6014,2.4661,2.542,12.1557,12.2595,50.0,1,1,normal,0
IC_1583,LOT_B,W01,6.588,8.0009,9.2447,10.4406,2.6715,2.7907,11.8699,11.9259,50.0,1,1,normal,0
IC_2261,LOT_E,W01,10.5208,11.6867,12.3316,12.633,2.0606,2.1281,13.1638,13.3069,50.0,1,1,normal,0
IC_1547,LOT_A,W13,7.0,10.9159,32.2444,62.1319,2.4,2.6334,10.6779,11.2541,50.0,1,1,early_drifter,1
IC_4479,LOT_E,W06,10.6902,11.9336,12.6509,13.8456,2.2857,2.367,13.0713,13.2857,50.0,1,1,normal,0
IC_2677,LOT_F,W20,10.7473,12.1458,13.6613,14.7947,2.4271,2.4706,13.2543,13.2578,50.0,1,1,normal,0
IC_1740,LOT_B,W10,4.6948,5.5389,6.3276,7.3748,1.9789,2.0085,9.7743,10.0025,50.0,1,1,normal,0
IC_3071,LOT_F,W02,9.8164,11.3546,12.9968,13.5844,1.8182,1.9035,14.0837,14.2411,50.0,1,1,normal,0
IC_5849,LOT_D,W14,10.912,12.2138,13.5227,14.7246,2.4477,2.5057,12.7213,13.0106,50.0,1,1,normal,0
IC_2246,LOT_C,W20,11.3874,12.7916,14.1295,15.206,2.4122,2.5379,11.6797,11.9925,50.0,1,1,normal,0
IC_4430,LOT_D,W06,10.9208,12.3383,14.3474,14.922,2.4598,2.5485,12.2734,12.5322,50.0,1,1,normal,0
IC_2563,LOT_E,W23,8.0702,9.4993,11.2195,11.7015,1.637,1.7747,12.4568,12.5837,50.0,1,1,normal,0
IC_6749,LOT_C,W14,11.1262,12.7883,14.2354,15.69,2.0873,2.1412,11.9543,12.1517,50.0,1,1,normal,0
IC_3295,LOT_B,W07,8.1711,9.3674,10.6656,11.4943,2.393,2.4614,9.3993,9.4908,50.0,1,1,normal,0
IC_1813,LOT_E,W06,9.1467,10.7221,11.7055,11.7988,2.0523,2.1036,11.7911,11.8995,50.0,1,1,normal,0
IC_4732,LOT_D,W01,8.6585,9.8599,11.5696,12.7604,2.1126,2.2355,11.0734,11.269,50.0,1,1,normal,0
IC_2085,LOT_D,W05,13.2086,14.9516,16.3829,17.228,2.9002,3.0039,12.2416,12.4727,50.0,1,1,normal,0
IC_1391,LOT_C,W12,13.0361,13.6542,14.996,15.8355,2.0861,2.1436,11.3562,11.712,50.0,1,1,normal,0
IC_6919,LOT_C,W24,11.328,12.1793,13.4685,14.5697,2.3198,2.3757,12.1344,12.2366,50.0,1,1,normal,0
IC_2657,LOT_A,W06,8.6643,10.0111,11.1762,12.1393,2.6997,2.7814,11.121,11.2975,50.0,1,1,normal,0
IC_3639,LOT_C,W19,9.8446,11.3024,11.9414,13.3206,1.988,2.065,11.9184,12.0242,50.0,1,1,normal,0
IC_5889,LOT_C,W21,11.4137,12.4364,13.9194,14.6033,2.4364,2.5284,10.4403,10.6002,50.0,1,1,normal,0
IC_1189,LOT_D,W08,10.251,11.5796,12.5842,14.8742,2.6311,2.7695,11.912,12.0452,50.0,1,1,normal,0
IC_1829,LOT_B,W04,7.7036,9.3055,10.6224,11.877,2.5766,2.6704,11.0897,11.3125,50.0,1,1,normal,0
IC_1159,LOT_B,W24,7.3584,8.4002,9.448,10.1493,2.1868,2.2345,11.4523,11.5636,50.0,1,1,normal,0
IC_1883,LOT_C,W11,12.6153,13.8309,14.9973,16.4033,2.0809,2.1752,12.0789,12.1547,50.0,1,1,normal,0
IC_4000,LOT_E,W11,12.5822,13.7598,15.1907,15.8143,1.8468,1.8959,13.2567,13.4778,50.0,1,1,normal,0
IC_4503,LOT_A,W12,10.4695,12.1243,13.8013,14.6722,2.5638,2.6565,11.4248,11.5357,50.0,1,1,normal,0
IC_3940,LOT_B,W23,8.7831,9.9154,10.6801,11.8634,2.8016,2.864,11.1836,11.2021,50.0,1,1,normal,0
IC_6599,LOT_B,W16,59.6998,63.7168,81.4376,94.2497,6.34,6.5393,19.0211,19.4372,50.0,0,0,gross_failure,1
IC_2189,LOT_D,W21,9.2227,10.2963,11.3254,12.153,2.3215,2.3746,10.0909,10.1764,50.0,1,1,normal,0
IC_4814,LOT_D,W04,10.4488,11.9299,13.213,15.1906,2.1245,2.2168,11.8151,11.9048,50.0,1,1,normal,0
IC_6177,LOT_D,W20,9.2457,10.2915,11.8669,12.3953,2.0196,2.1167,11.4597,11.4857,50.0,1,1,normal,0
IC_3846,LOT_B,W02,9.0303,10.1429,11.5427,11.5424,2.1499,2.2028,11.5262,11.6831,50.0,1,1,normal,0
IC_4144,LOT_A,W05,9.1503,11.0098,12.3442,13.7123,1.9001,1.9339,11.74,11.9151,50.0,1,1,normal,0
IC_5715,LOT_F,W05,9.3707,11.0353,12.1781,13.2649,1.6392,1.769,15.0131,15.2677,50.0,1,1,normal,0
IC_5901,LOT_B,W01,7.4987,8.2535,9.1203,9.7515,2.1875,2.2433,11.3587,11.4484,50.0,1,1,normal,0
IC_4550,LOT_D,W11,10.4726,11.4271,12.4247,13.0161,2.6101,2.7198,11.8628,11.8304,50.0,1,1,normal,0
IC_5919,LOT_B,W16,10.4531,11.9602,13.7199,14.4356,1.6705,1.7445,10.386,10.4828,50.0,1,1,normal,0
IC_4563,LOT_E,W13,12.442,14.0221,14.8489,16.2462,2.2809,2.4312,12.9471,13.1313,50.0,1,1,normal,0
IC_1913,LOT_B,W12,9.0262,10.3684,11.5046,12.8305,2.9104,2.9462,10.1561,10.3746,50.0,1,1,normal,0
IC_2911,LOT_E,W22,11.3588,12.9128,14.1409,15.3767,2.6557,2.7576,12.3955,12.6528,50.0,1,1,normal,0
IC_6465,LOT_C,W20,13.0922,14.2997,16.0965,16.9617,2.1877,2.2651,13.165,13.3192,50.0,1,1,normal,0
IC_4856,LOT_D,W16,11.086,12.6068,13.9018,15.3622,2.6007,2.6723,11.921,12.0281,50.0,1,1,normal,0
IC_3666,LOT_B,W15,5.3506,6.6423,8.345,9.4777,2.2068,2.2721,10.2638,10.4558,50.0,1,1,normal,0
IC_2779,LOT_F,W03,13.084,14.2827,15.439,16.1927,2.0921,2.2064,13.2538,13.3521,50.0,1,1,normal,0
IC_5810,LOT_B,W08,8.0051,9.181,9.8812,10.6979,2.0079,2.0747,11.0161,11.1855,50.0,1,1,normal,0
IC_1546,LOT_A,W07,9.586,10.4099,11.7893,12.1727,2.2692,2.3441,11.3834,11.7459,50.0,1,1,normal,0
IC_4360,LOT_F,W17,11.1743,12.3296,14.3061,14.7786,1.9683,2.0405,12.2117,12.5307,50.0,1,1,normal,0
IC_6978,LOT_D,W18,40.137,41.6921,43.4582,44.1577,4.7399,4.8479,15.8382,16.0682,50.0,1,1,latent_distribution_outlier,1
IC_1965,LOT_F,W22,10.4052,14.2798,34.7774,64.7517,2.3544,2.5879,12.6491,12.9973,50.0,1,1,early_drifter,1
IC_6056,LOT_C,W07,12.3885,13.7856,14.389,15.7515,2.1283,2.2303,11.9625,12.2593,50.0,1,1,normal,0
IC_5350,LOT_F,W21,10.6756,12.4916,13.9815,15.9379,2.4207,2.5504,13.0269,13.3844,50.0,1,1,normal,0
IC_6789,LOT_E,W06,10.315,11.5818,13.0336,14.3923,2.238,2.3237,12.6558,12.6796,50.0,1,1,normal,0
IC_2920,LOT_B,W01,7.3402,11.6005,36.2321,67.7839,2.4965,2.732,11.3425,11.951,50.0,1,1,early_drifter,1
IC_4570,LOT_E,W15,9.9422,10.9034,11.5224,11.9726,2.0473,2.1346,12.4918,12.6417,50.0,1,1,normal,0
IC_3807,LOT_E,W16,10.9773,12.5939,13.7398,14.8462,2.1637,2.2779,11.2372,11.431,50.0,1,1,normal,0
IC_6714,LOT_F,W18,10.1216,11.7687,13.2609,14.5149,2.0674,2.2196,11.8214,12.1381,50.0,1,1,normal,0
IC_2709,LOT_F,W16,10.8055,11.9523,13.0612,13.9606,2.3973,2.4701,14.2572,14.4285,50.0,1,1,normal,0
IC_1231,LOT_E,W23,7.5725,9.1115,10.4456,11.7572,1.9404,2.0477,11.7904,11.7575,50.0,1,1,normal,0
IC_6224,LOT_A,W17,11.1066,12.2383,13.0897,14.1067,2.8636,2.9641,12.6998,12.7289,50.0,1,1,normal,0
IC_6413,LOT_B,W01,9.0861,9.834,10.91,11.6904,2.9075,2.9693,11.5049,11.6351,50.0,1,1,normal,0
IC_2367,LOT_C,W22,11.2497,12.8804,14.575,15.1552,2.0212,2.0889,11.1734,11.2658,50.0,1,1,normal,0
IC_5817,LOT_A,W16,12.4299,13.7505,15.8419,16.6264,2.5913,2.6729,11.6065,11.6066,50.0,1,1,normal,0
IC_6172,LOT_F,W15,10.9988,11.774,12.1804,12.9107,2.4561,2.492,13.7881,14.0408,50.0,1,1,normal,0
IC_6362,LOT_A,W23,7.441,8.7269,9.2701,9.9394,2.3581,2.3772,11.0613,11.2513,50.0,1,1,normal,0
IC_6107,LOT_A,W21,8.1293,9.2986,10.0816,11.0338,2.3203,2.404,10.9298,11.2024,50.0,1,1,normal,0
IC_5663,LOT_F,W11,12.6003,14.3991,16.0346,16.8732,2.3195,2.3832,12.3318,12.4164,50.0,1,1,normal,0
IC_4961,LOT_A,W17,4.7901,6.0482,7.1974,8.2493,2.2686,2.3518,11.0671,11.0983,50.0,1,1,normal,0
IC_4053,LOT_F,W20,8.7652,10.1836,11.0544,11.8241,1.8525,1.9939,13.2565,13.6066,50.0,1,1,normal,0
IC_3409,LOT_A,W19,45.4668,47.276,48.7847,48.3329,5.1938,5.3369,16.3871,16.5428,50.0,1,1,latent_distribution_outlier,1
IC_2757,LOT_B,W14,8.0026,9.3436,10.7749,11.7899,2.2409,2.3041,12.3772,12.4579,50.0,1,1,normal,0
IC_5298,LOT_E,W14,8.9209,10.5093,12.5544,13.9156,1.9531,1.9838,12.1581,12.2876,50.0,1,1,normal,0
IC_6857,LOT_E,W17,12.4372,13.3998,13.8923,14.3886,2.3006,2.3752,12.8311,13.0356,50.0,1,1,normal,0
IC_3124,LOT_E,W11,12.9829,14.0238,15.1536,15.2278,2.3011,2.3675,12.7591,12.8734,50.0,1,1,normal,0
IC_3933,LOT_F,W03,10.4227,12.1394,13.5501,14.8543,2.4698,2.5883,13.3292,13.4634,50.0,1,1,normal,0
IC_3812,LOT_A,W04,7.3001,8.7699,9.9717,10.7345,2.3648,2.4665,10.5875,10.5341,50.0,1,1,normal,0
IC_2579,LOT_F,W07,11.9596,12.5262,13.4042,13.6695,2.2204,2.2479,13.363,13.4176,50.0,1,1,normal,0
IC_4463,LOT_F,W01,11.6869,13.1131,14.2324,15.6176,1.8839,2.0272,13.5211,13.8243,50.0,1,1,normal,0
IC_4886,LOT_D,W20,8.7456,9.2742,10.0171,11.3895,2.1396,2.1623,12.3418,12.416,50.0,1,1,normal,0
IC_6487,LOT_D,W09,12.4055,13.9993,15.5634,16.648,2.6296,2.7454,10.7406,10.8244,50.0,1,1,normal,0
IC_1141,LOT_D,W09,8.3336,10.0058,11.2274,12.1288,2.4264,2.5157,11.7378,12.0356,50.0,1,1,normal,0
IC_6367,LOT_C,W17,10.7266,11.783,12.5521,12.666,2.2361,2.2564,10.5415,10.6361,50.0,1,1,normal,0
IC_5862,LOT_C,W06,14.3031,15.7954,17.4645,17.7934,2.2947,2.4437,13.2517,13.3665,50.0,1,1,normal,0
IC_1477,LOT_B,W22,6.7203,7.9847,9.5522,9.2689,2.5775,2.6542,12.2948,12.4951,50.0,1,1,normal,0
IC_6250,LOT_F,W10,10.7034,12.0334,12.8539,14.5331,1.7376,1.7942,13.0391,13.422,50.0,1,1,normal,0
IC_3024,LOT_F,W04,9.0019,10.5857,12.6291,13.3886,1.7,1.8057,13.2764,13.472,50.0,1,1,normal,0
IC_5025,LOT_E,W15,10.2714,11.133,11.9494,12.6794,2.0354,2.0766,13.0901,13.2148,50.0,1,1,normal,0
IC_6485,LOT_F,W21,10.7252,12.0453,12.644,13.0828,2.0523,2.0997,13.6888,13.9697,50.0,1,1,normal,0
IC_5806,LOT_F,W01,12.4445,14.0224,15.7951,16.6002,2.1258,2.1961,13.3114,13.5656,50.0,1,1,normal,0
IC_4326,LOT_E,W08,12.2147,13.5316,14.6602,15.0726,2.0766,2.1557,13.0895,13.2525,50.0,1,1,normal,0
IC_1139,LOT_A,W02,10.0757,11.5596,13.3277,13.9859,2.7417,2.8288,10.5708,10.8011,50.0,1,1,normal,0
IC_4007,LOT_E,W20,12.0524,12.9516,13.648,14.4823,2.2138,2.2403,11.3129,11.3462,50.0,1,1,normal,0
IC_6941,LOT_C,W05,11.7534,12.9216,14.6176,15.8805,2.1633,2.2467,10.9129,11.1047,50.0,1,1,normal,0
IC_5490,LOT_D,W14,11.7516,13.1382,15.0363,15.6605,2.8493,2.9118,12.1169,12.3784,50.0,1,1,normal,0
IC_2171,LOT_F,W24,10.176,11.3318,12.4282,13.2417,2.4708,2.5628,13.3639,13.5159,50.0,1,1,normal,0
IC_6782,LOT_C,W08,13.4319,14.2982,14.9704,15.0374,2.521,2.6287,11.7611,11.8067,50.0,1,1,normal,0
IC_3396,LOT_C,W12,10.8424,11.9935,12.3417,13.5724,2.4806,2.5239,13.2377,13.3303,50.0,1,1,normal,0
IC_2728,LOT_A,W07,13.6895,15.4035,16.5832,18.1888,2.8125,2.9491,12.3909,12.587,50.0,1,1,normal,0
IC_3369,LOT_C,W10,12.6616,13.8881,15.573,16.9418,2.1237,2.1737,11.7599,11.928,50.0,1,1,normal,0
IC_3589,LOT_E,W21,9.7755,11.1343,12.6541,13.0679,2.3529,2.4045,12.8777,12.9179,50.0,1,1,normal,0
IC_2235,LOT_B,W13,10.4418,11.2932,12.0953,13.3702,2.6805,2.7081,11.9801,12.0548,50.0,1,1,normal,0
IC_2327,LOT_E,W03,10.1179,11.4924,12.5644,13.2987,2.4416,2.5541,12.5015,12.5353,50.0,1,1,normal,0
IC_4910,LOT_E,W16,11.4272,12.4068,13.3757,13.1659,2.2868,2.3851,13.039,13.2729,50.0,1,1,normal,0
IC_5554,LOT_E,W14,53.6046,55.7309,69.1936,80.4462,5.8127,5.9544,18.6304,18.9261,50.0,0,0,gross_failure,1
IC_2060,LOT_A,W01,9.3225,10.9629,12.3705,12.8614,2.2334,2.3201,10.9811,11.0888,50.0,1,1,normal,0
IC_1237,LOT_F,W13,13.3195,14.6028,15.6073,17.4893,2.7928,2.8901,13.6829,13.87,50.0,1,1,normal,0
IC_1947,LOT_B,W10,7.324,8.7831,10.791,11.8421,2.3936,2.5026,10.9131,11.0512,50.0,1,1,normal,0
IC_3381,LOT_F,W16,11.03,12.1975,13.5652,13.6931,1.6218,1.6369,13.4892,13.6617,50.0,1,1,normal,0
IC_1158,LOT_D,W24,10.2774,12.1577,13.6439,14.4974,2.6239,2.7493,10.2415,10.5769,50.0,1,1,normal,0
IC_3260,LOT_C,W22,12.1565,15.325,33.3132,55.699,2.2612,2.4029,11.3877,11.751,50.0,1,1,early_drifter,1
IC_4098,LOT_D,W06,9.3795,11.099,12.798,14.641,2.5637,2.684,10.7807,10.9955,50.0,1,1,normal,0
IC_3115,LOT_F,W14,74.3723,83.8181,99.1695,126.2714,7.3626,7.9495,23.0869,24.2055,50.0,0,0,gross_failure,1
IC_2614,LOT_D,W01,8.1713,9.6706,11.066,12.7197,2.3919,2.418,10.2418,10.3397,50.0,1,1,normal,0
IC_2266,LOT_C,W24,11.0176,12.3537,13.9808,14.3811,2.2583,2.3628,10.8696,10.99,50.0,1,1,normal,0
IC_5654,LOT_A,W21,10.0523,11.4153,12.3191,12.5056,2.436,2.5466,10.8067,11.0359,50.0,1,1,normal,0
IC_2611,LOT_E,W24,11.0326,11.8932,12.706,13.0976,2.0033,2.0469,13.4736,13.5846,50.0,1,1,normal,0
IC_3528,LOT_E,W14,11.6661,13.2845,14.768,15.8935,2.1685,2.2082,13.1235,13.3914,50.0,1,1,normal,0
IC_2080,LOT_D,W19,9.0218,10.03,11.3358,11.6948,2.1829,2.2169,12.485,12.6861,50.0,1,1,normal,0
IC_6861,LOT_E,W07,9.3609,10.5335,11.127,11.8405,1.7966,1.8643,13.4786,13.6461,50.0,1,1,normal,0
IC_1263,LOT_B,W08,10.9826,11.6891,12.8919,13.9776,2.4789,2.4934,10.6056,10.4315,50.0,1,1,normal,0
IC_1029,LOT_A,W23,7.8612,9.0079,9.9926,11.0358,2.1468,2.2307,11.0284,11.0624,50.0,1,1,normal,0
IC_1569,LOT_F,W23,11.7585,12.4259,13.5535,13.6104,2.7129,2.7368,13.4165,13.5006,50.0,1,1,normal,0
IC_6169,LOT_B,W09,8.0251,9.1151,10.3764,11.106,2.6426,2.7064,9.7031,9.6732,50.0,1,1,normal,0
IC_4424,LOT_A,W15,9.6949,10.8673,12.6137,13.2783,2.556,2.6606,10.2733,10.4565,50.0,1,1,normal,0
IC_1811,LOT_D,W14,8.9511,10.7471,12.1672,13.1702,2.2459,2.3434,10.8817,10.9762,50.0,1,1,normal,0
IC_2156,LOT_D,W21,9.5118,10.3476,11.4163,11.9518,2.5129,2.5629,12.0956,12.2277,50.0,1,1,normal,0
IC_2244,LOT_F,W20,11.9234,12.6478,13.7184,13.9763,1.9953,2.028,13.897,14.0739,50.0,1,1,normal,0
IC_6894,LOT_B,W09,7.0,11.0763,36.9458,69.7786,1.767,1.9937,10.1972,10.6065,50.0,1,1,early_drifter,1
IC_1634,LOT_C,W04,12.6611,14.2564,15.1643,15.5477,2.2069,2.3015,11.6931,11.9422,50.0,1,1,normal,0
IC_3562,LOT_C,W04,11.7889,12.6421,13.8362,14.6948,2.0745,2.1174,12.5099,12.6883,50.0,1,1,normal,0
IC_3450,LOT_A,W02,8.3354,9.6541,11.6284,12.4352,2.3213,2.3542,11.2698,11.2696,50.0,1,1,normal,0
IC_1449,LOT_A,W14,62.221,66.1567,75.3337,103.2632,7.0583,7.3186,18.9875,19.5071,50.0,0,0,gross_failure,1
IC_4579,LOT_C,W15,10.4266,11.8743,12.7786,13.708,2.287,2.3392,13.0608,13.2379,50.0,1,1,normal,0
IC_4959,LOT_C,W23,11.0106,12.5979,14.1868,15.9888,2.1969,2.3384,11.1263,11.1628,50.0,1,1,normal,0
IC_2568,LOT_D,W17,8.3628,9.339,9.8642,10.1087,2.1124,2.186,11.1751,11.257,50.0,1,1,normal,0
IC_2219,LOT_E,W11,10.895,11.7291,12.3609,13.5379,2.4052,2.4501,12.6059,12.6288,50.0,1,1,normal,0
IC_1858,LOT_E,W22,62.55,70.5034,83.4832,105.6534,6.6001,7.0901,20.4177,21.3741,50.0,0,0,gross_failure,1
IC_6762,LOT_F,W23,10.7907,11.9649,12.7993,13.6673,1.8173,1.8405,11.0713,11.2024,50.0,1,1,normal,0
IC_5480,LOT_B,W14,8.4083,9.6267,10.8471,11.1326,2.5633,2.6354,11.1629,11.3997,50.0,1,1,normal,0
IC_6116,LOT_E,W02,9.2039,10.222,11.4599,12.1361,2.1035,2.2151,12.1506,12.0901,50.0,1,1,normal,0
IC_1257,LOT_C,W15,8.2571,9.8454,10.3473,12.0948,2.0641,2.1736,12.259,12.5036,50.0,1,1,normal,0
IC_2819,LOT_B,W04,8.4253,9.8198,11.1686,12.0119,1.9393,1.9964,11.4991,11.686,50.0,1,1,normal,0
IC_4716,LOT_B,W23,8.4507,9.0107,10.4633,10.8627,2.4031,2.4157,11.0945,11.1926,50.0,1,1,normal,0
IC_4476,LOT_D,W07,6.793,8.0665,9.3706,10.3579,2.3147,2.3577,10.8896,11.0588,50.0,1,1,normal,0
IC_2124,LOT_C,W19,10.8404,11.7032,13.2686,13.3977,2.0654,2.1199,11.8079,11.7608,50.0,1,1,normal,0
IC_6975,LOT_A,W18,32.9266,34.2157,35.7868,36.6442,4.4891,4.5613,14.7464,14.8717,50.0,1,1,latent_distribution_outlier,1
IC_1407,LOT_E,W13,8.1285,9.5739,11.4962,11.931,2.0283,2.1439,13.7159,13.8619,50.0,1,1,normal,0
IC_1375,LOT_C,W20,11.2675,12.8483,14.0805,14.8536,2.5173,2.6175,10.7238,11.0241,50.0,1,1,normal,0
IC_6811,LOT_F,W11,11.7431,13.1066,14.1106,14.805,2.4432,2.5992,11.1075,11.3323,50.0,1,1,normal,0
IC_3060,LOT_F,W18,10.622,11.9661,13.4746,13.864,2.6045,2.6654,13.6501,13.8663,50.0,1,1,normal,0
IC_1170,LOT_A,W22,5.7006,6.9829,8.5294,8.673,2.5929,2.6559,10.3361,10.5863,50.0,1,1,normal,0
IC_6724,LOT_B,W23,9.5224,11.101,12.1466,13.1991,2.2894,2.3957,9.8445,10.2099,50.0,1,1,normal,0
IC_6686,LOT_D,W17,8.869,10.5824,11.904,12.721,2.6085,2.7212,11.4199,11.7751,50.0,1,1,normal,0
IC_5641,LOT_E,W24,10.6606,11.604,12.7097,13.0271,2.2519,2.3179,12.7154,12.6955,50.0,1,1,normal,0
IC_1069,LOT_D,W12,14.2802,15.5708,16.6547,17.5837,3.1128,3.144,11.7401,11.7586,50.0,1,1,normal,0
IC_2802,LOT_D,W10,9.978,10.9006,11.678,11.5784,2.4347,2.4653,11.9583,11.999,50.0,1,1,normal,0
IC_6312,LOT_C,W22,13.0206,13.8662,14.968,16.2422,2.3826,2.4167,11.2055,11.281,50.0,1,1,normal,0
IC_3273,LOT_E,W04,8.8429,9.512,10.2661,10.9616,2.3948,2.4594,12.613,12.8734,50.0,1,1,normal,0
IC_5243,LOT_F,W17,11.9075,13.2936,15.1675,15.8799,2.2452,2.3464,12.4817,12.6652,50.0,1,1,normal,0
IC_1211,LOT_F,W12,10.0905,10.9226,12.399,12.6352,2.1006,2.1523,13.68,13.7838,50.0,1,1,normal,0
IC_2008,LOT_A,W01,11.3443,12.6699,14.1536,14.4305,2.7859,2.8562,11.3596,11.4224,50.0,1,1,normal,0
IC_3392,LOT_D,W14,8.331,9.6065,11.2608,11.9849,2.0911,2.1319,11.9782,12.0916,50.0,1,1,normal,0
IC_1092,LOT_E,W20,8.4701,9.4611,9.9227,10.9562,2.3688,2.419,11.7885,11.8877,50.0,1,1,normal,0
IC_6244,LOT_E,W12,9.2277,10.5144,10.8289,12.4351,2.4125,2.4342,12.4705,12.7226,50.0,1,1,normal,0
IC_1072,LOT_A,W01,10.8515,11.851,12.4919,12.9209,2.2298,2.326,11.2436,11.5427,50.0,1,1,normal,0
IC_5003,LOT_C,W17,9.7729,11.6009,12.9901,14.1653,2.2477,2.3445,11.4588,11.6915,50.0,1,1,normal,0
IC_3711,LOT_C,W21,13.6518,15.2086,17.1584,17.3805,2.6266,2.7179,11.994,12.3023,50.0,1,1,normal,0
IC_3900,LOT_A,W23,8.9291,9.9906,11.5998,12.3605,2.5258,2.5704,9.3239,9.503,50.0,1,1,normal,0
IC_1676,LOT_D,W24,10.5973,11.5318,12.3556,13.3962,2.6718,2.7257,12.0367,12.219,50.0,1,1,normal,0
IC_1986,LOT_B,W10,39.4638,41.3899,42.6893,44.3558,4.8407,5.0002,14.6424,14.7963,50.0,1,1,latent_distribution_outlier,1
IC_1728,LOT_F,W21,9.9042,10.8159,12.0718,13.1103,2.065,2.1175,14.806,14.846,50.0,1,1,normal,0
IC_6764,LOT_A,W03,9.6979,10.8569,11.8051,12.7435,2.7362,2.7443,11.1484,11.3214,50.0,1,1,normal,0
IC_5621,LOT_F,W22,10.6107,11.4321,12.41,13.1895,2.0486,2.1149,13.0352,12.9094,50.0,1,1,normal,0
IC_2074,LOT_B,W19,10.3195,11.4817,12.4876,13.0941,2.4217,2.5008,10.3062,10.3828,50.0,1,1,normal,0
IC_5479,LOT_E,W05,10.2603,11.1846,11.8576,12.2957,2.6385,2.6396,12.1376,12.2636,50.0,1,1,normal,0
IC_5168,LOT_D,W05,9.1844,10.709,11.9726,12.8844,2.6285,2.7207,10.5513,10.6785,50.0,1,1,normal,0
IC_2697,LOT_F,W18,11.9324,12.8643,13.8235,14.8014,2.2743,2.2786,14.4723,14.586,50.0,1,1,normal,0
IC_4543,LOT_E,W14,9.8491,11.1257,12.3002,12.5433,2.4144,2.5155,12.8422,13.0377,50.0,1,1,normal,0
IC_6492,LOT_E,W11,8.5259,9.9995,10.7014,12.1257,2.4889,2.6173,12.6996,12.9365,50.0,1,1,normal,0
IC_3290,LOT_D,W18,11.1743,12.1258,12.8644,13.8635,2.6474,2.7483,11.495,11.5808,50.0,1,1,normal,0
IC_4445,LOT_C,W19,12.2066,13.2268,14.271,15.3899,2.0497,2.118,12.9512,13.0697,50.0,1,1,normal,0
IC_6499,LOT_D,W18,8.985,10.2896,11.561,12.495,2.2375,2.387,11.9101,11.9128,50.0,1,1,normal,0
IC_3186,LOT_E,W10,10.2442,12.1011,13.6456,15.0197,2.1707,2.3121,11.7525,12.0208,50.0,1,1,normal,0
IC_2406,LOT_B,W06,8.413,9.2625,9.786,10.522,2.382,2.4384,11.5395,11.6448,50.0,1,1,normal,0
IC_6938,LOT_C,W01,13.1114,14.2835,15.5496,15.9735,2.1276,2.2054,11.9622,12.0079,50.0,1,1,normal,0
IC_6089,LOT_A,W05,7.8768,9.255,10.4979,11.3101,2.5725,2.6632,10.6911,11.0431,50.0,1,1,normal,0
IC_4508,LOT_B,W21,7.7485,9.0436,10.1783,11.5264,2.5706,2.6301,11.2028,11.292,50.0,1,1,normal,0
IC_2333,LOT_A,W24,11.942,13.2591,15.0005,15.5788,2.4653,2.5231,11.6061,11.783,50.0,1,1,normal,0
IC_5811,LOT_C,W23,11.5404,12.1742,13.0164,13.391,2.435,2.4694,11.4999,11.6884,50.0,1,1,normal,0
IC_3643,LOT_A,W13,44.4649,45.6018,46.8567,46.8861,5.5834,5.6854,17.3006,17.3905,50.0,1,1,latent_distribution_outlier,1
IC_3305,LOT_E,W23,7.3939,8.6413,9.0345,9.6839,2.6021,2.7139,12.3317,12.4623,50.0,1,1,normal,0
IC_6992,LOT_C,W24,12.9765,14.1407,15.456,16.4048,2.1978,2.2548,12.2731,12.3651,50.0,1,1,normal,0
IC_3222,LOT_D,W05,11.7615,12.5379,13.1907,13.831,2.6287,2.6508,11.4682,11.7041,50.0,1,1,normal,0
IC_1061,LOT_C,W17,11.1029,12.1716,13.1912,12.9384,1.8461,1.9517,11.6284,11.6342,50.0,1,1,normal,0
IC_6829,LOT_F,W23,11.2889,12.4193,13.6458,14.262,2.4634,2.5572,12.8355,12.7121,50.0,1,1,normal,0
IC_3600,LOT_E,W11,11.1296,12.2121,13.2689,13.9677,2.3537,2.4041,11.9638,12.215,50.0,1,1,normal,0
IC_6191,LOT_B,W17,11.2132,12.3911,13.3987,13.423,1.8677,1.9055,11.2656,11.6598,50.0,1,1,normal,0
IC_4697,LOT_F,W06,7.9556,9.6995,11.2183,12.5091,2.0888,2.2611,12.4655,12.8026,50.0,1,1,normal,0
IC_3840,LOT_D,W11,8.1481,12.1715,33.9773,65.1188,1.9927,2.2406,11.7824,12.2208,50.0,1,1,early_drifter,1
IC_6262,LOT_D,W11,8.6197,9.7584,10.6376,11.6676,2.3143,2.3869,13.1638,13.3281,50.0,1,1,normal,0
IC_2678,LOT_C,W24,11.4202,12.0759,13.0745,14.1636,1.9252,1.978,12.2328,12.2927,50.0,1,1,normal,0
IC_5973,LOT_C,W09,10.3598,11.6151,12.6677,13.5436,2.1837,2.3102,11.1455,11.2909,50.0,1,1,normal,0
IC_4943,LOT_B,W19,12.0322,13.1216,14.3076,14.7588,2.946,3.0175,11.1119,11.1305,50.0,1,1,normal,0
IC_3333,LOT_B,W16,6.0881,7.2293,8.425,9.2057,2.4916,2.5957,10.6971,10.8887,50.0,1,1,normal,0
IC_4042,LOT_C,W04,12.836,14.0563,15.2775,15.6542,2.6156,2.6396,11.8858,12.0306,50.0,1,1,normal,0
IC_6118,LOT_E,W24,12.5526,13.1811,14.6004,14.1874,2.2989,2.3251,13.4403,13.5079,50.0,1,1,normal,0
IC_5194,LOT_D,W13,9.8448,11.2309,13.0012,13.4237,2.6857,2.8073,12.3284,12.3407,50.0,1,1,normal,0
IC_1114,LOT_F,W01,11.3384,12.113,12.5789,13.9179,2.5415,2.5425,14.5531,14.6498,50.0,1,1,normal,0
IC_3309,LOT_A,W20,9.1386,10.452,11.7956,12.6855,2.4854,2.5413,11.9195,12.1009,50.0,1,1,normal,0
IC_1438,LOT_F,W06,10.9912,11.7506,13.0606,13.4364,2.2684,2.3074,15.0748,15.1175,50.0,1,1,normal,0
IC_4605,LOT_C,W20,12.8872,14.0168,15.7947,15.7024,2.1338,2.1731,12.2554,12.2521,50.0,1,1,normal,0
IC_1528,LOT_B,W18,9.1061,10.0836,11.0637,11.2896,2.4375,2.5019,11.7753,11.9568,50.0,1,1,normal,0
IC_4867,LOT_C,W18,9.226,10.4323,10.739,11.3276,1.7846,1.8704,11.4925,11.8173,50.0,1,1,normal,0
IC_4676,LOT_D,W05,39.6913,41.8579,44.2136,45.7495,4.901,5.0382,15.1028,15.3279,50.0,1,1,latent_distribution_outlier,1
IC_2353,LOT_B,W22,8.8936,10.6009,11.9383,12.7785,2.7631,2.8865,11.2168,11.3043,50.0,1,1,normal,0
IC_4301,LOT_E,W11,11.5956,13.4267,14.9321,15.267,2.3618,2.4482,13.8795,14.0196,50.0,1,1,normal,0
IC_3430,LOT_B,W07,8.3687,11.6774,30.8716,56.6362,2.483,2.6419,10.5005,10.9911,50.0,1,1,early_drifter,1
IC_2070,LOT_C,W05,11.7007,12.6579,13.3723,14.6613,2.6373,2.7129,11.6297,11.6781,50.0,1,1,normal,0
IC_3967,LOT_C,W24,8.8585,10.3585,12.1842,13.141,2.1512,2.267,11.3873,11.5486,50.0,1,1,normal,0
IC_5500,LOT_B,W23,6.675,7.225,8.2534,8.5428,2.6378,2.6641,12.4804,12.4648,50.0,1,1,normal,0
IC_3437,LOT_E,W13,11.1063,12.21,13.6541,13.945,2.4671,2.5846,13.1393,13.255,50.0,1,1,normal,0
IC_1282,LOT_E,W17,9.1188,10.5978,11.8292,12.6126,2.5893,2.6732,13.9538,14.2206,50.0,1,1,normal,0
IC_6439,LOT_B,W17,9.9019,10.9911,11.7216,12.6159,2.6541,2.7795,10.8875,11.1753,50.0,1,1,normal,0
IC_2358,LOT_C,W04,11.2513,12.9369,13.6599,15.1024,2.5951,2.7052,12.3762,12.5932,50.0,1,1,normal,0
IC_4915,LOT_A,W10,7.3936,9.0073,10.6422,12.4043,2.3634,2.465,10.6601,10.9065,50.0,1,1,normal,0
IC_4628,LOT_F,W24,11.7042,12.5118,13.7101,13.8279,2.3389,2.3821,12.342,12.4441,50.0,1,1,normal,0
IC_5341,LOT_B,W18,10.1375,11.5847,12.9671,13.5429,3.0148,3.0404,10.6154,10.7866,50.0,1,1,normal,0
IC_1261,LOT_D,W24,9.6814,10.3882,11.6713,12.2755,2.0831,2.0988,10.1218,10.1904,50.0,1,1,normal,0
IC_5389,LOT_F,W23,10.493,12.0658,13.3859,14.434,2.2619,2.3326,13.0278,13.2002,50.0,1,1,normal,0
IC_4014,LOT_C,W16,12.3999,13.6322,14.7967,15.9932,2.5458,2.6213,11.8768,12.1954,50.0,1,1,normal,0
IC_1705,LOT_B,W23,7.7311,9.2856,11.2402,11.7879,2.3506,2.4418,11.1007,11.4241,50.0,1,1,normal,0
IC_6038,LOT_D,W09,7.6344,8.9406,10.398,10.9099,2.019,2.107,11.7853,11.8938,50.0,1,1,normal,0
IC_4509,LOT_F,W05,10.7774,12.5555,13.9229,14.9946,1.733,1.8074,12.2993,12.5586,50.0,1,1,normal,0
IC_2222,LOT_E,W20,11.5218,13.2586,14.8305,15.3972,2.3804,2.4826,11.4575,11.8007,50.0,1,1,normal,0
IC_5404,LOT_A,W01,9.8724,11.3343,12.4386,13.7103,2.4615,2.5505,10.8021,11.0609,50.0,1,1,normal,0
IC_2882,LOT_E,W11,12.695,14.5821,15.8116,16.6143,2.9144,3.0258,12.8579,13.1356,50.0,1,1,normal,0
IC_4656,LOT_A,W14,8.8459,10.0141,10.5453,12.0006,2.3622,2.4792,10.4367,10.4909,50.0,1,1,normal,0
IC_4159,LOT_A,W14,8.8358,10.1296,11.7409,12.0582,2.5937,2.6799,11.8051,11.8799,50.0,1,1,normal,0
IC_2592,LOT_C,W03,10.8222,11.8624,13.464,14.0981,2.1123,2.1663,10.0957,10.2058,50.0,1,1,normal,0
IC_4974,LOT_D,W17,10.5086,12.0606,13.5497,14.2579,2.2783,2.3841,11.9124,11.9669,50.0,1,1,normal,0
IC_1443,LOT_B,W18,7.2981,8.2815,9.7565,10.773,2.5033,2.5738,12.2688,12.3806,50.0,1,1,normal,0
IC_6996,LOT_F,W24,9.2813,10.649,12.1561,13.1566,2.03,2.1372,11.6027,11.9078,50.0,1,1,normal,0
IC_2953,LOT_B,W16,10.1146,11.6422,12.7942,13.4219,2.4907,2.653,12.3582,12.4476,50.0,1,1,normal,0
IC_5414,LOT_F,W05,10.7485,12.361,14.0313,15.253,2.2784,2.3964,13.161,13.3624,50.0,1,1,normal,0
IC_1271,LOT_C,W19,11.2966,12.4055,13.6045,14.6241,2.0379,2.1109,12.5127,12.5393,50.0,1,1,normal,0
IC_5083,LOT_D,W04,6.9204,8.7615,9.8125,10.9352,2.3739,2.5589,11.5778,11.6427,50.0,1,1,normal,0
IC_2680,LOT_B,W11,6.8275,8.6947,9.9501,11.4447,1.9271,2.0522,9.3927,9.7538,50.0,1,1,normal,0
IC_1293,LOT_A,W12,10.0823,11.7868,13.549,14.511,2.4832,2.6032,10.8974,11.1296,50.0,1,1,normal,0
IC_3859,LOT_D,W15,8.8237,10.4918,11.5332,12.3089,2.3093,2.4219,11.6809,11.8643,50.0,1,1,normal,0
IC_6397,LOT_F,W10,12.5148,13.2386,14.3724,15.0883,2.1305,2.1401,14.7776,14.8389,50.0,1,1,normal,0
IC_2844,LOT_A,W12,8.307,9.9408,11.1853,12.3727,2.0691,2.1589,12.365,12.4412,50.0,1,1,normal,0
IC_3899,LOT_E,W15,7.2984,8.44,9.2064,9.8084,2.0311,2.1434,11.9367,12.0936,50.0,1,1,normal,0
IC_4192,LOT_A,W02,9.4504,10.9799,12.3398,13.672,2.6481,2.7296,10.9584,11.1789,50.0,1,1,normal,0
IC_3239,LOT_E,W01,11.8189,12.5812,13.4234,13.6646,2.6014,2.6801,12.6535,12.7157,50.0,1,1,normal,0
IC_2338,LOT_E,W10,10.7192,12.1407,13.9199,14.7094,2.3904,2.5222,13.4003,13.4564,50.0,1,1,normal,0
IC_6475,LOT_A,W04,11.5764,12.9094,14.9489,15.6214,2.8981,2.9383,12.2096,12.5058,50.0,1,1,normal,0
IC_1791,LOT_B,W10,6.4867,7.8177,10.0501,11.0273,2.2773,2.3319,10.4948,10.653,50.0,1,1,normal,0
IC_1549,LOT_C,W06,10.0402,11.3396,12.2436,12.7028,2.4098,2.4252,11.1847,11.1855,50.0,1,1,normal,0
IC_1582,LOT_F,W04,7.359,8.8036,10.1957,11.688,2.5548,2.6383,11.5028,11.7676,50.0,1,1,normal,0
IC_6952,LOT_E,W23,8.902,10.1335,11.3082,12.1566,2.253,2.2925,12.8186,12.9146,50.0,1,1,normal,0
IC_5316,LOT_C,W15,11.6769,13.2723,13.9906,15.0837,1.876,1.9986,11.4921,11.5929,50.0,1,1,normal,0
IC_2507,LOT_B,W18,6.9927,8.6264,10.0351,11.7023,2.2783,2.3689,9.5801,9.7327,50.0,1,1,normal,0
IC_3551,LOT_A,W20,8.4401,9.1671,10.2988,10.4241,2.4166,2.4623,11.362,11.4397,50.0,1,1,normal,0
IC_5510,LOT_E,W11,12.3843,13.7156,14.196,15.2241,2.3726,2.4723,13.1752,13.172,50.0,1,1,normal,0
IC_1071,LOT_D,W02,8.1902,9.477,10.871,11.707,2.0486,2.1093,10.095,10.1837,50.0,1,1,normal,0
IC_4074,LOT_F,W16,11.4329,12.951,14.1603,14.8217,2.3987,2.4505,13.9448,14.171,50.0,1,1,normal,0
IC_5724,LOT_E,W08,11.5545,12.8443,13.4863,14.8107,2.1536,2.2147,12.2305,12.4032,50.0,1,1,normal,0
IC_1625,LOT_E,W12,7.5469,9.617,11.4342,12.2849,1.7638,1.8416,11.6201,11.8057,50.0,1,1,normal,0
IC_4370,LOT_A,W22,8.9258,15.1093,50.2837,97.6699,3.0886,3.4125,10.9271,11.5877,50.0,1,1,early_drifter,1
IC_1398,LOT_D,W21,10.1776,11.3478,12.5381,14.024,2.4269,2.4811,12.5149,12.672,50.0,1,1,normal,0
IC_6710,LOT_B,W24,11.9995,13.5347,14.9659,16.635,2.596,2.7321,11.7526,12.1329,50.0,1,1,normal,0
IC_3022,LOT_D,W15,9.4766,10.2073,10.9362,11.3711,2.4454,2.4995,10.8821,10.951,50.0,1,1,normal,0
IC_1514,LOT_F,W17,8.4209,9.6063,10.4337,11.4714,1.7616,1.8058,13.0421,13.2079,50.0,1,1,normal,0
IC_1121,LOT_A,W18,10.1554,11.3202,12.0341,13.4827,2.2693,2.3124,11.4462,11.6944,50.0,1,1,normal,0
IC_3357,LOT_C,W17,13.2052,14.4027,15.8438,17.0276,2.4442,2.5025,13.5963,13.7299,50.0,1,1,normal,0
IC_1474,LOT_D,W09,10.56,11.3521,12.3049,12.3186,2.4202,2.4829,12.3549,12.3166,50.0,1,1,normal,0
IC_5173,LOT_E,W20,8.9693,10.7012,12.3793,13.1659,1.8212,1.8605,11.5825,11.715,50.0,1,1,normal,0
IC_6278,LOT_F,W13,12.4834,13.9876,15.9704,17.1765,2.0848,2.2221,13.1786,13.4089,50.0,1,1,normal,0
IC_1365,LOT_D,W01,11.1697,12.7939,14.3111,15.0971,2.3506,2.4594,13.4496,13.532,50.0,1,1,normal,0
IC_5516,LOT_F,W07,11.3864,12.6405,13.928,14.4576,2.515,2.5697,13.7473,13.9996,50.0,1,1,normal,0
IC_5030,LOT_C,W14,10.3341,11.3562,11.8504,12.5647,1.9396,2.0197,10.3942,10.5297,50.0,1,1,normal,0
IC_3364,LOT_A,W03,9.2574,10.5835,11.9242,13.1277,1.9966,2.1318,9.946,10.1081,50.0,1,1,normal,0
IC_6142,LOT_A,W11,8.6909,9.1755,10.1379,10.9808,2.5165,2.5095,10.064,10.1311,50.0,1,1,normal,0
IC_1083,LOT_D,W06,9.4906,10.2788,10.853,11.4079,2.3117,2.353,11.2107,11.3755,50.0,1,1,normal,0
IC_2101,LOT_C,W11,14.7014,15.4291,16.5949,16.9944,2.0671,2.1196,11.3732,11.4495,50.0,1,1,normal,0
IC_6280,LOT_F,W21,9.9698,11.4442,12.4374,13.8827,2.0255,2.1179,14.8584,14.9469,50.0,1,1,normal,0
IC_1208,LOT_F,W10,13.6871,14.3245,15.3068,16.6969,2.3579,2.4088,14.7509,14.8857,50.0,1,1,normal,0
IC_5733,LOT_B,W06,9.6811,11.0566,13.1507,14.3218,2.4798,2.5623,9.9631,10.1164,50.0,1,1,normal,0
IC_1575,LOT_B,W03,11.1154,12.297,13.9101,14.619,2.6607,2.7656,12.3079,12.5709,50.0,1,1,normal,0
IC_1382,LOT_F,W19,11.3334,12.6348,13.2723,14.2621,2.6267,2.7482,13.59,13.7331,50.0,1,1,normal,0
IC_2628,LOT_C,W22,12.7251,13.884,14.8333,15.8093,2.1069,2.1709,12.7854,12.8868,50.0,1,1,normal,0
IC_1636,LOT_C,W24,10.197,11.3349,12.2328,13.4459,2.0741,2.1158,11.7836,12.0101,50.0,1,1,normal,0
IC_1538,LOT_F,W22,9.8054,11.5278,12.5811,13.4687,1.9628,2.0343,14.4189,14.4495,50.0,1,1,normal,0
IC_2441,LOT_C,W08,12.3819,13.8526,15.0445,16.9234,2.1065,2.1791,12.9438,13.2992,50.0,1,1,normal,0
IC_6959,LOT_E,W23,11.0153,12.8649,14.112,14.9347,2.0935,2.1617,11.9028,12.2274,50.0,1,1,normal,0
IC_2355,LOT_A,W07,8.8023,9.8112,10.9273,12.0285,2.1534,2.222,10.9663,11.1548,50.0,1,1,normal,0
IC_5320,LOT_C,W20,43.2913,43.7877,46.1323,46.3856,4.9107,4.896,16.0474,16.3206,50.0,1,1,latent_distribution_outlier,1
IC_4264,LOT_B,W07,6.7184,8.2193,10.0072,10.861,2.2597,2.3395,10.6844,10.7353,50.0,1,1,normal,0
IC_4062,LOT_D,W14,12.3829,13.421,14.5653,14.7955,2.5463,2.5858,12.0611,12.2324,50.0,1,1,normal,0
IC_3401,LOT_B,W23,5.7696,7.435,9.122,9.4672,1.9037,2.0265,10.8421,11.1226,50.0,1,1,normal,0
IC_1345,LOT_B,W17,8.5267,9.8188,11.3579,12.6096,2.5724,2.6573,11.2046,11.2567,50.0,1,1,normal,0
IC_3085,LOT_F,W14,8.6816,9.4905,10.4345,11.281,2.1581,2.2244,13.0958,13.1755,50.0,1,1,normal,0
IC_2710,LOT_F,W06,12.039,13.6791,15.5941,15.8977,2.3765,2.4725,13.1395,13.2746,50.0,1,1,normal,0
IC_6993,LOT_E,W22,9.4917,10.773,11.9165,13.035,2.3008,2.3645,11.9752,11.9313,50.0,1,1,normal,0
IC_6289,LOT_D,W15,11.5344,12.3142,12.9482,12.8984,2.7631,2.8135,11.1385,11.1136,50.0,1,1,normal,0
IC_6052,LOT_A,W15,10.6279,12.1332,13.4434,14.3725,2.9818,3.0827,11.0218,11.0611,50.0,1,1,normal,0
IC_3767,LOT_B,W24,6.9648,8.2729,9.7205,10.3087,2.169,2.2419,10.0612,10.2403,50.0,1,1,normal,0
IC_3378,LOT_F,W04,39.413,41.604,44.5434,45.8796,4.2642,4.3681,17.539,17.7319,50.0,1,1,latent_distribution_outlier,1
IC_2612,LOT_B,W06,11.7614,13.166,14.8662,14.943,2.4768,2.5834,10.923,11.0726,50.0,1,1,normal,0
IC_5075,LOT_D,W10,9.4193,10.5525,12.1199,12.9202,2.4714,2.5045,11.7359,12.0654,50.0,1,1,normal,0
IC_4566,LOT_E,W12,9.9678,11.7055,13.3064,13.9088,2.3236,2.4093,12.0723,12.2955,50.0,1,1,normal,0
IC_2965,LOT_E,W20,8.7167,9.8899,11.0054,12.3283,2.0306,2.0926,12.969,13.137,50.0,1,1,normal,0
IC_4767,LOT_D,W04,9.4829,10.1053,11.057,11.4886,2.482,2.4555,11.6215,11.785,50.0,1,1,normal,0
IC_6673,LOT_B,W13,9.3624,11.172,12.5716,14.2251,2.6931,2.7947,11.5234,11.8572,50.0,1,1,normal,0
IC_3083,LOT_B,W05,8.9129,10.8222,12.6504,13.6616,2.1572,2.2389,11.9053,12.1036,50.0,1,1,normal,0
IC_3725,LOT_C,W20,12.4058,13.8642,15.2219,16.1979,1.8508,1.9205,12.5214,12.8918,50.0,1,1,normal,0
IC_6170,LOT_F,W17,9.2815,10.1798,10.9893,11.7006,1.7642,1.7888,13.9665,14.0462,50.0,1,1,normal,0
IC_4206,LOT_E,W09,9.6937,10.5869,10.8859,11.8998,2.3296,2.3761,12.8302,12.9978,50.0,1,1,normal,0
IC_5018,LOT_A,W02,11.7045,13.3656,14.9146,15.5836,2.7516,2.8584,11.8757,12.0241,50.0,1,1,normal,0
IC_6725,LOT_C,W23,13.0027,14.29,15.5214,16.0154,2.6323,2.7013,11.5981,11.6402,50.0,1,1,normal,0
IC_4494,LOT_C,W16,10.6633,11.852,12.7749,13.8757,2.1638,2.2394,10.4856,10.7446,50.0,1,1,normal,0
IC_3699,LOT_B,W08,6.5088,8.1658,10.4634,10.867,2.3863,2.521,10.9671,11.1937,50.0,1,1,normal,0
IC_6925,LOT_F,W13,10.4105,11.3351,12.6593,13.1174,2.4687,2.5454,12.0591,12.1817,50.0,1,1,normal,0
IC_2952,LOT_B,W21,8.8018,9.552,9.951,11.4607,2.2965,2.3522,11.1556,11.2605,50.0,1,1,normal,0
IC_2924,LOT_D,W13,9.7813,10.5502,11.1201,11.7584,2.2393,2.2842,11.5323,11.5069,50.0,1,1,normal,0
IC_3142,LOT_B,W19,8.7747,9.717,10.6848,10.8037,2.3771,2.4468,11.6342,11.6913,50.0,1,1,normal,0
IC_2699,LOT_D,W16,11.7435,16.6632,43.8436,78.9859,2.515,2.8283,11.9977,12.6832,50.0,1,1,early_drifter,1
IC_6114,LOT_D,W19,10.1614,11.6761,12.3228,14.1969,2.8788,2.9145,12.5517,12.7291,50.0,1,1,normal,0
IC_3887,LOT_C,W06,38.8971,40.4931,41.9382,42.9041,4.3565,4.4845,15.9165,15.9943,50.0,1,1,latent_distribution_outlier,1
IC_5931,LOT_F,W12,10.3369,11.7046,12.978,14.4607,1.6257,1.7272,14.4083,14.5711,50.0,1,1,normal,0
IC_3762,LOT_D,W15,11.844,13.2103,13.8749,14.6179,2.7365,2.7834,10.9963,11.1103,50.0,1,1,normal,0
IC_3153,LOT_F,W03,10.2345,11.3039,12.5127,12.4382,2.0095,2.1081,11.4576,11.6628,50.0,1,1,normal,0
IC_6740,LOT_E,W11,7.9439,9.2517,10.9665,11.5732,2.2183,2.2902,11.8671,11.8619,50.0,1,1,normal,0
IC_3216,LOT_D,W07,7.6913,9.1441,10.2855,11.8429,2.6097,2.6611,11.4771,11.6288,50.0,1,1,normal,0
IC_4529,LOT_B,W01,6.8847,7.8978,8.755,9.4837,2.1962,2.2258,12.2165,12.4527,50.0,1,1,normal,0
IC_5476,LOT_A,W11,9.0148,10.1068,10.8585,11.323,2.1208,2.1856,10.6993,10.9716,50.0,1,1,normal,0
IC_4965,LOT_F,W12,10.0844,11.0518,11.5218,12.5825,2.0852,2.1169,13.6085,13.8063,50.0,1,1,normal,0
IC_5117,LOT_F,W19,11.7933,12.961,14.0993,15.2765,2.0944,2.1339,15.103,15.0004,50.0,1,1,normal,0
IC_3834,LOT_B,W09,42.1082,43.4344,45.2333,44.4753,5.4343,5.4933,14.7892,14.9729,50.0,1,1,latent_distribution_outlier,1
IC_3301,LOT_D,W10,10.5959,11.9241,14.2067,15.4913,2.2459,2.3924,10.869,11.1633,50.0,1,1,normal,0
IC_1119,LOT_E,W16,12.0379,13.3994,14.8418,15.7635,2.9971,3.0245,12.5562,12.8081,50.0,1,1,normal,0
IC_5623,LOT_C,W17,12.9713,14.5009,15.8314,17.5506,2.4343,2.567,10.9562,11.3242,50.0,1,1,normal,0
IC_5708,LOT_F,W10,11.1443,12.149,13.6974,14.3506,1.9088,1.9698,11.7076,11.7864,50.0,1,1,normal,0
IC_2132,LOT_D,W11,9.5304,11.1108,12.2537,13.5222,2.6335,2.6793,12.214,12.5017,50.0,1,1,normal,0
IC_3490,LOT_C,W14,9.6402,11.0049,12.1151,13.1945,1.8754,1.9422,11.6431,11.6899,50.0,1,1,normal,0
IC_1702,LOT_B,W19,6.4775,8.209,9.5389,10.4443,2.2153,2.3355,9.9557,10.1359,50.0,1,1,normal,0
IC_2814,LOT_A,W19,40.5012,42.4766,45.1366,45.8982,5.4121,5.5066,14.8345,15.0833,50.0,1,1,latent_distribution_outlier,1
IC_1884,LOT_B,W21,7.3582,9.0514,10.7258,11.668,2.5618,2.6566,11.5542,11.836,50.0,1,1,normal,0
IC_3751,LOT_C,W03,12.1048,13.2212,14.8206,16.2925,2.0118,2.083,12.3381,12.5373,50.0,1,1,normal,0
IC_3494,LOT_B,W08,9.7427,10.7459,11.3986,12.2609,2.9389,3.0258,11.1266,11.172,50.0,1,1,normal,0
IC_2242,LOT_F,W19,9.898,11.1862,13.1024,14.2606,1.8791,1.9297,13.4068,13.5408,50.0,1,1,normal,0
IC_2686,LOT_F,W15,11.037,12.4064,13.7141,15.312,2.188,2.2397,10.531,10.7723,50.0,1,1,normal,0
IC_3968,LOT_A,W14,8.6592,10.4402,11.5304,12.8791,2.4662,2.561,9.9119,10.1906,50.0,1,1,normal,0
IC_4333,LOT_D,W01,39.6476,41.5581,43.1665,44.2437,4.678,4.7667,16.7885,17.1031,50.0,1,1,latent_distribution_outlier,1
IC_5444,LOT_E,W18,11.6799,12.6128,13.783,14.4757,2.004,2.0603,12.9684,13.1786,50.0,1,1,normal,0
IC_3166,LOT_B,W04,7.5042,8.6842,10.0782,9.958,2.4596,2.5115,11.254,11.2828,50.0,1,1,normal,0
IC_5902,LOT_F,W22,10.3838,11.6934,12.7567,14.0596,1.9308,1.9933,13.4241,13.6206,50.0,1,1,normal,0
IC_4214,LOT_F,W04,13.3317,14.8417,16.1597,17.1103,2.4147,2.4891,13.3833,13.4587,50.0,1,1,normal,0
IC_6735,LOT_F,W19,9.7787,11.3454,13.5473,14.257,2.4717,2.5692,12.7346,13.0099,50.0,1,1,normal,0
IC_2396,LOT_A,W23,8.6738,9.1696,10.2388,11.0404,2.3734,2.3856,10.8305,10.7197,50.0,1,1,normal,0
IC_6330,LOT_A,W14,10.0274,10.9743,12.3934,12.7191,2.3963,2.4812,11.3092,11.324,50.0,1,1,normal,0
IC_6121,LOT_A,W15,9.6166,11.3239,12.7505,13.5466,2.9449,3.0521,11.5436,11.7158,50.0,1,1,normal,0
IC_3102,LOT_B,W04,7.5471,8.1452,9.1906,9.1187,2.1786,2.2448,12.794,12.8598,50.0,1,1,normal,0
IC_5448,LOT_B,W08,9.3404,10.1085,11.3282,11.4454,2.6795,2.7175,11.1212,11.2376,50.0,1,1,normal,0
IC_4589,LOT_F,W09,10.9788,15.4369,39.7514,72.5819,2.5365,2.7833,12.1958,12.6072,50.0,1,1,early_drifter,1
IC_2270,LOT_C,W23,10.7164,11.8954,13.3896,14.0517,2.2193,2.286,13.3149,13.357,50.0,1,1,normal,0
IC_3403,LOT_F,W24,10.293,11.5048,12.5375,13.7492,2.2144,2.2774,12.7369,12.8056,50.0,1,1,normal,0
IC_6885,LOT_E,W10,10.417,11.2049,12.4436,13.0792,2.0003,2.0871,13.1615,13.1586,50.0,1,1,normal,0
IC_2633,LOT_F,W14,11.3805,12.4363,13.0663,13.4587,1.5727,1.6275,12.22,12.3995,50.0,1,1,normal,0
IC_2020,LOT_C,W10,11.838,12.7428,13.906,14.1435,2.2081,2.2151,11.9831,12.1511,50.0,1,1,normal,0
IC_2313,LOT_B,W18,7.9889,9.2635,10.4987,11.8798,2.2385,2.3509,11.602,11.9609,50.0,1,1,normal,0
IC_5908,LOT_E,W06,11.0926,12.6866,14.3337,15.2989,2.8122,2.9294,11.3064,11.2253,50.0,1,1,normal,0
IC_2147,LOT_A,W24,9.3741,10.9847,12.4445,13.3706,2.6286,2.7095,10.3454,10.3431,50.0,1,1,normal,0
IC_6377,LOT_D,W14,9.7804,11.3484,13.156,14.3146,2.4463,2.5026,10.1764,10.284,50.0,1,1,normal,0
IC_1203,LOT_B,W22,42.8051,44.0932,45.0598,45.8464,4.8918,4.975,16.2852,16.5233,50.0,1,1,latent_distribution_outlier,1
IC_4710,LOT_C,W16,9.2309,10.1032,11.0463,11.4863,2.2881,2.3534,11.2106,11.3572,50.0,1,1,normal,0
IC_4816,LOT_E,W08,7.1008,8.2123,9.5584,10.5302,1.8963,1.9596,11.0033,10.8961,50.0,1,1,normal,0
IC_5412,LOT_E,W11,8.9814,10.7042,11.6823,12.4879,2.0562,2.127,12.934,13.0355,50.0,1,1,normal,0
IC_4342,LOT_A,W19,9.047,10.723,12.063,13.5555,2.4542,2.5773,10.7615,11.1599,50.0,1,1,normal,0
IC_5680,LOT_D,W20,10.6081,11.7791,13.1042,13.8104,2.6624,2.6858,12.0629,12.2733,50.0,1,1,normal,0
IC_4751,LOT_E,W15,7.8948,9.2891,9.8922,11.9029,2.2859,2.3694,12.4263,12.5476,50.0,1,1,normal,0
IC_5216,LOT_D,W05,9.3434,10.4113,11.6517,12.4056,2.4901,2.5445,11.6433,11.7543,50.0,1,1,normal,0
IC_5991,LOT_E,W21,7.7976,8.5923,9.5569,10.1912,1.5387,1.6264,12.6792,12.6711,50.0,1,1,normal,0
IC_5683,LOT_A,W11,10.565,11.7778,13.5902,13.5071,2.2735,2.3893,10.758,10.9559,50.0,1,1,normal,0
IC_6664,LOT_C,W22,10.6832,12.4662,13.985,14.4624,1.7997,1.8796,11.8178,11.8811,50.0,1,1,normal,0
IC_4897,LOT_B,W13,11.8021,13.192,14.687,15.5527,2.8395,2.9228,11.6071,11.8859,50.0,1,1,normal,0
IC_4802,LOT_E,W17,9.5785,10.5952,11.9737,12.5808,2.3081,2.3923,13.4852,13.6079,50.0,1,1,normal,0
IC_2790,LOT_A,W22,8.7877,10.0554,11.4674,12.1939,2.4913,2.5388,11.3405,11.6266,50.0,1,1,normal,0
IC_2688,LOT_E,W24,11.2466,12.4395,13.347,13.7499,1.9513,2.0255,12.6409,12.7076,50.0,1,1,normal,0
IC_4227,LOT_F,W04,11.3702,12.5957,13.5225,14.0225,2.0216,2.1104,14.002,14.1741,50.0,1,1,normal,0
IC_3225,LOT_E,W19,13.3703,14.5832,16.2184,16.6281,2.5489,2.6248,12.8879,12.9141,50.0,1,1,normal,0
IC_1430,LOT_B,W02,7.0744,8.5168,9.4342,10.5731,2.4057,2.5364,10.5688,10.6675,50.0,1,1,normal,0
IC_2958,LOT_A,W22,9.2473,11.0952,13.2709,13.7813,2.4032,2.5171,11.7484,12.0097,50.0,1,1,normal,0
IC_6175,LOT_C,W05,9.935,11.5765,13.1317,12.8519,2.2101,2.3141,12.2434,12.4032,50.0,1,1,normal,0
IC_5045,LOT_F,W22,10.3878,12.12,13.1892,14.726,2.2125,2.2877,13.3731,13.8092,50.0,1,1,normal,0
IC_3844,LOT_F,W04,10.1001,10.8024,12.0527,11.8949,2.9944,3.0562,12.7449,12.7645,50.0,1,1,normal,0
IC_3599,LOT_A,W16,9.3874,10.7546,12.3248,13.1877,2.843,2.9206,12.2312,12.3092,50.0,1,1,normal,0
IC_6821,LOT_D,W06,8.99,15.1588,49.0113,94.3462,2.4598,2.797,11.8479,12.5741,50.0,1,1,early_drifter,1
IC_1904,LOT_F,W07,10.48,11.6575,12.3729,13.0269,2.2757,2.3647,13.5327,13.7896,50.0,1,1,normal,0
IC_3505,LOT_D,W14,11.1134,12.0796,12.8043,13.1553,2.665,2.7436,12.6401,12.8015,50.0,1,1,normal,0
IC_4381,LOT_A,W23,7.9143,8.9806,10.3495,10.9555,2.2297,2.2979,12.2827,12.372,50.0,1,1,normal,0
IC_1924,LOT_B,W08,8.6906,9.8112,11.0958,11.1214,2.7201,2.8505,11.2007,11.2827,50.0,1,1,normal,0
IC_6125,LOT_F,W08,14.6967,16.4762,17.9431,18.7863,2.8506,2.9142,13.3228,13.4045,50.0,1,1,normal,0
IC_4082,LOT_A,W06,9.9149,10.9011,12.1215,12.572,2.6856,2.7197,11.6293,11.7494,50.0,1,1,normal,0
IC_6034,LOT_A,W08,11.0105,11.8624,12.6357,13.0597,2.4849,2.5284,11.3789,11.4157,50.0,1,1,normal,0
IC_1801,LOT_A,W13,11.8869,13.094,14.5413,15.5131,2.3334,2.3834,12.3779,12.501,50.0,1,1,normal,0
IC_3136,LOT_A,W19,9.5655,11.4228,12.8657,14.3208,2.8949,3.0394,11.5632,11.853,50.0,1,1,normal,0
IC_5268,LOT_F,W04,11.328,12.0476,13.4942,14.2851,2.132,2.2179,15.1168,15.2737,50.0,1,1,normal,0
IC_3545,LOT_A,W09,12.791,13.717,14.7871,16.4241,2.5216,2.5419,12.1966,12.3753,50.0,1,1,normal,0
IC_5447,LOT_E,W08,10.9643,11.97,13.6731,14.5005,2.1959,2.2526,13.1229,13.1701,50.0,1,1,normal,0
IC_5492,LOT_B,W11,6.5077,7.3089,8.5841,8.8512,2.2101,2.263,8.7982,8.8126,50.0,1,1,normal,0
IC_5319,LOT_A,W20,9.6356,10.491,11.3534,11.798,2.8109,2.8502,10.8854,10.9097,50.0,1,1,normal,0
IC_5372,LOT_B,W09,8.3492,10.1618,11.4737,12.9362,2.362,2.4727,11.7783,12.1153,50.0,1,1,normal,0
IC_4759,LOT_A,W06,9.3251,10.3226,11.1724,11.6264,2.1142,2.1144,12.1399,12.2488,50.0,1,1,normal,0
IC_1501,LOT_A,W24,10.8676,11.6074,12.2912,12.6829,2.6212,2.6316,11.8977,11.9538,50.0,1,1,normal,0
IC_4009,LOT_D,W08,38.0162,39.1096,40.2828,42.2689,4.843,4.8832,17.2579,17.3508,50.0,1,1,latent_distribution_outlier,1
IC_5398,LOT_B,W19,5.3608,7.0875,8.6708,9.7657,2.1022,2.1766,11.3332,11.5539,50.0,1,1,normal,0
IC_5764,LOT_F,W11,11.4717,12.9336,13.686,14.6811,2.7215,2.8162,13.0793,13.295,50.0,1,1,normal,0
IC_3145,LOT_B,W06,8.6377,10.1477,11.2167,12.3484,2.5244,2.6101,10.6658,10.788,50.0,1,1,normal,0
IC_2288,LOT_D,W21,10.8677,11.8672,12.7448,13.4049,2.4419,2.5629,11.3238,11.5225,50.0,1,1,normal,0
IC_2268,LOT_F,W04,9.7145,11.1929,12.4394,13.0873,2.1992,2.3112,12.8623,12.964,50.0,1,1,normal,0
IC_3642,LOT_E,W07,11.3449,12.6538,13.6158,14.8061,2.3902,2.4615,12.4111,12.6782,50.0,1,1,normal,0
IC_6299,LOT_F,W20,10.2408,11.4424,13.1119,14.1602,1.9853,2.0443,13.4704,13.4127,50.0,1,1,normal,0
IC_4049,LOT_D,W17,10.0246,11.3891,12.704,14.4531,2.239,2.305,11.8192,12.0549,50.0,1,1,normal,0
IC_2354,LOT_D,W24,40.9528,43.1253,45.2253,46.9415,5.034,5.1685,16.0641,16.5507,50.0,1,1,latent_distribution_outlier,1
IC_6617,LOT_F,W04,11.9388,13.3372,14.653,15.8746,1.7259,1.8522,14.3922,14.5665,50.0,1,1,normal,0
IC_6999,LOT_A,W07,6.8893,7.5486,8.1099,9.4289,2.4222,2.4832,10.8322,10.8515,50.0,1,1,normal,0
IC_2805,LOT_C,W18,12.5778,14.0889,16.143,17.6648,1.884,1.9902,11.551,11.6946,50.0,1,1,normal,0
IC_2488,LOT_D,W09,10.2684,11.6009,13.9051,15.2604,2.8541,2.9409,10.1225,10.406,50.0,1,1,normal,0
IC_6402,LOT_B,W12,5.436,6.9286,8.4283,9.7359,2.459,2.6048,9.0794,9.2382,50.0,1,1,normal,0
IC_4473,LOT_C,W12,9.9384,14.1283,37.5567,70.1866,2.1401,2.3719,11.0708,11.4837,50.0,1,1,early_drifter,1
IC_2840,LOT_D,W10,10.5564,11.9284,13.2213,14.1527,2.4717,2.5266,10.8852,10.9775,50.0,1,1,normal,0
IC_4138,LOT_C,W13,8.7782,9.6913,10.636,11.0964,1.9922,2.0575,10.5652,10.696,50.0,1,1,normal,0
IC_2381,LOT_D,W23,9.3973,10.1756,10.9782,11.3525,2.2595,2.3271,12.3088,12.3215,50.0,1,1,normal,0
IC_5838,LOT_C,W13,11.293,12.663,14.0691,14.8,2.5249,2.5899,11.6747,11.8826,50.0,1,1,normal,0
IC_5178,LOT_F,W03,11.4784,12.9233,14.4496,15.3247,2.1876,2.2741,14.0367,14.2044,50.0,1,1,normal,0
IC_5605,LOT_D,W03,10.0836,11.5096,12.6738,14.4419,2.403,2.4472,11.2881,11.4571,50.0,1,1,normal,0
IC_2740,LOT_E,W20,9.9773,11.1404,11.365,11.5696,1.876,1.973,12.9315,13.0553,50.0,1,1,normal,0
IC_3571,LOT_C,W04,12.4727,16.5475,37.1473,67.2968,2.345,2.6185,11.3019,11.89,50.0,1,1,early_drifter,1
IC_2593,LOT_E,W01,8.9761,10.0006,11.5155,12.6313,1.927,1.9576,12.4037,12.4504,50.0,1,1,normal,0
IC_6615,LOT_B,W16,7.0402,8.502,9.8982,10.7821,2.5583,2.6014,11.3238,11.6506,50.0,1,1,normal,0
IC_6255,LOT_B,W01,10.5923,11.4006,12.1618,12.9579,2.5866,2.6518,11.4816,11.5218,50.0,1,1,normal,0
IC_1233,LOT_A,W18,6.7421,7.6091,8.1954,8.7644,1.9856,2.0669,11.8264,11.9002,50.0,1,1,normal,0
IC_3311,LOT_E,W05,14.0215,14.8816,16.9511,17.8898,2.9835,3.0079,12.0767,12.079,50.0,1,1,normal,0
IC_3342,LOT_C,W06,11.4379,12.6735,14.0515,14.7022,2.0811,2.1568,11.2752,11.524,50.0,1,1,normal,0
IC_2227,LOT_F,W03,10.6585,15.6968,45.2077,83.4859,2.2343,2.475,14.3843,15.1073,50.0,1,1,early_drifter,1
IC_1762,LOT_C,W03,9.6219,10.9767,12.0259,12.8306,2.1386,2.2216,10.834,10.906,50.0,1,1,normal,0
IC_5717,LOT_B,W03,8.9035,9.9347,10.998,12.2987,2.1881,2.2096,11.8871,12.1683,50.0,1,1,normal,0
IC_5343,LOT_E,W06,11.5627,12.8918,13.9582,15.3471,2.137,2.2692,12.6182,12.9074,50.0,1,1,normal,0
IC_1354,LOT_C,W12,10.7853,12.0472,13.5616,14.6507,2.569,2.6028,12.301,12.4422,50.0,1,1,normal,0
IC_5078,LOT_B,W01,11.8182,13.0526,13.9609,15.6848,2.64,2.7676,12.08,12.3593,50.0,1,1,normal,0
IC_1417,LOT_B,W17,9.4917,11.325,12.1283,13.2344,2.2767,2.3792,11.0755,11.4193,50.0,1,1,normal,0
IC_5604,LOT_F,W18,39.511,41.1363,42.7284,42.9967,4.1024,4.1979,17.4443,17.5691,50.0,1,1,latent_distribution_outlier,1
IC_1097,LOT_A,W12,35.6575,38.0876,40.4433,41.0737,4.8201,4.9879,15.4781,15.7727,50.0,1,1,latent_distribution_outlier,1
IC_3181,LOT_F,W03,11.1604,17.3416,50.3385,91.3608,2.1184,2.3968,12.9336,13.6795,50.0,1,1,early_drifter,1
IC_4034,LOT_B,W18,10.0362,10.6692,11.3815,12.1323,2.4797,2.5228,11.6771,11.6593,50.0,1,1,normal,0
IC_4805,LOT_B,W08,9.1079,10.4786,11.2417,12.5068,2.5941,2.7205,10.8621,10.9597,50.0,1,1,normal,0
IC_5871,LOT_B,W22,7.8001,9.6321,10.8796,12.4408,2.2991,2.4043,11.9153,12.0988,50.0,1,1,normal,0
IC_5981,LOT_C,W08,11.1149,12.7352,13.3004,13.8454,2.0368,2.1956,13.2315,13.4706,50.0,1,1,normal,0
IC_3552,LOT_A,W20,43.8547,45.618,45.9507,47.3127,5.259,5.3508,16.452,16.6566,50.0,1,1,latent_distribution_outlier,1
IC_5417,LOT_E,W24,11.5834,13.2462,14.4287,16.046,2.4937,2.6013,12.7553,12.8935,50.0,1,1,normal,0
IC_5579,LOT_B,W16,9.3172,10.1865,11.2027,11.0668,2.4976,2.5213,11.9953,12.2247,50.0,1,1,normal,0
IC_5922,LOT_F,W04,10.259,11.052,12.6018,13.6443,1.9528,2.0157,12.1157,12.2482,50.0,1,1,normal,0
IC_1491,LOT_E,W14,10.0273,11.4932,13.183,13.7008,2.0623,2.1765,11.9585,11.9627,50.0,1,1,normal,0
IC_5361,LOT_A,W20,7.7574,9.3894,10.662,11.933,2.5894,2.6839,11.7021,11.9431,50.0,1,1,normal,0
IC_5273,LOT_E,W07,11.9257,13.1864,14.3639,15.205,2.5299,2.6002,12.7784,13.0221,50.0,1,1,normal,0
IC_1599,LOT_F,W08,11.6968,12.3685,12.8705,14.2374,2.5018,2.5034,13.5405,13.572,50.0,1,1,normal,0
IC_5119,LOT_C,W23,9.7429,11.0048,11.8652,13.5294,2.5669,2.671,11.8939,12.1197,50.0,1,1,normal,0
IC_5962,LOT_F,W04,7.9424,9.0235,9.9002,10.6777,1.8776,1.9309,14.8246,14.8877,50.0,1,1,normal,0
IC_4181,LOT_D,W17,11.2448,12.5922,14.4501,14.4876,2.5088,2.554,11.2536,11.3996,50.0,1,1,normal,0
IC_2382,LOT_E,W02,12.3712,13.4693,14.608,15.1528,2.6657,2.7573,11.7402,11.9592,50.0,1,1,normal,0
IC_3073,LOT_C,W13,11.182,12.389,13.9425,14.9425,2.1947,2.3342,12.3573,12.6516,50.0,1,1,normal,0
IC_6140,LOT_A,W22,37.5587,39.9601,41.4826,44.6002,4.8715,5.034,15.681,15.8609,50.0,1,1,latent_distribution_outlier,1
IC_6198,LOT_B,W12,10.6366,11.8275,12.3962,13.0644,2.6369,2.7268,11.4389,11.5781,50.0,1,1,normal,0
IC_4799,LOT_D,W05,10.3381,11.1817,12.0772,12.4454,2.5128,2.5901,11.2959,11.2093,50.0,1,1,normal,0
IC_3895,LOT_E,W01,10.9764,12.0575,12.4903,13.9047,2.4116,2.4606,12.7586,12.9573,50.0,1,1,normal,0
IC_3480,LOT_A,W09,9.6014,10.4638,11.1685,11.4277,2.6343,2.727,11.2195,11.3337,50.0,1,1,normal,0
IC_6550,LOT_D,W23,9.4635,10.6985,11.903,13.0605,2.3405,2.4145,11.1218,11.1419,50.0,1,1,normal,0
IC_6755,LOT_A,W08,10.0083,11.4048,12.7994,14.0934,2.6585,2.7305,11.6603,11.7847,50.0,1,1,normal,0
IC_4601,LOT_F,W06,10.3823,11.305,12.8856,13.2837,2.244,2.3228,13.2022,13.4342,50.0,1,1,normal,0
IC_3902,LOT_B,W14,10.4382,11.9938,13.4064,14.8278,2.5757,2.6324,11.396,11.567,50.0,1,1,normal,0
IC_5053,LOT_E,W24,6.5202,7.8786,9.4527,9.5532,1.8653,1.925,12.6786,12.8248,50.0,1,1,normal,0
IC_5642,LOT_C,W18,11.1894,12.6149,13.6083,14.8907,2.2522,2.3176,11.6134,11.8545,50.0,1,1,normal,0
IC_2545,LOT_E,W09,10.803,11.7941,12.6786,12.8972,2.3986,2.4491,12.7671,12.8565,50.0,1,1,normal,0
IC_2619,LOT_C,W16,11.6745,14.7671,32.9655,55.5341,2.5888,2.7117,11.9993,12.4584,50.0,1,1,early_drifter,1
IC_1322,LOT_E,W07,11.5334,12.9909,14.5412,16.314,2.6398,2.7312,14.1649,14.378,50.0,1,1,normal,0
IC_6580,LOT_D,W16,9.9258,11.5959,12.981,14.5549,2.3848,2.4719,11.6494,11.9018,50.0,1,1,normal,0
IC_2893,LOT_C,W08,41.7557,44.1424,46.6296,47.3409,4.5692,4.7389,15.9691,16.0368,50.0,1,1,latent_distribution_outlier,1
IC_4076,LOT_E,W23,9.9703,11.3888,12.3756,12.9985,2.0288,2.1509,12.744,12.9818,50.0,1,1,normal,0
IC_3483,LOT_D,W07,8.4479,9.3173,10.0391,10.5564,2.2584,2.2805,11.6567,11.7306,50.0,1,1,normal,0
IC_4235,LOT_B,W15,6.2012,7.5458,9.1965,9.7785,2.1303,2.2352,9.1043,9.3846,50.0,1,1,normal,0
IC_6108,LOT_D,W19,11.4698,13.1474,13.7672,14.3197,2.3536,2.4258,10.4755,10.5045,50.0,1,1,normal,0
IC_1373,LOT_A,W19,10.9063,12.0944,13.638,13.8736,2.0195,2.084,12.0256,12.2319,50.0,1,1,normal,0
IC_1204,LOT_F,W13,11.1613,11.9844,12.9111,13.5704,2.0417,2.0921,13.8764,13.877,50.0,1,1,normal,0
IC_6628,LOT_C,W21,12.7309,14.0905,15.2228,16.7092,2.321,2.451,13.0406,13.2042,50.0,1,1,normal,0
IC_1995,LOT_A,W09,8.3248,9.604,10.9979,12.512,2.6272,2.6554,12.3882,12.5748,50.0,1,1,normal,0
IC_4516,LOT_C,W18,9.6981,11.167,12.9094,13.844,2.1472,2.2314,11.6039,11.9038,50.0,1,1,normal,0
IC_3698,LOT_D,W11,10.3092,15.7761,43.0968,83.169,2.7768,3.098,11.3833,12.1674,50.0,1,1,early_drifter,1
IC_6398,LOT_C,W18,11.0318,12.0412,12.6647,13.146,2.023,2.1001,12.4141,12.5015,50.0,1,1,normal,0
IC_3495,LOT_F,W22,10.2352,11.786,13.5415,14.0163,1.6861,1.8057,13.4082,13.6163,50.0,1,1,normal,0
IC_3037,LOT_B,W10,37.2384,38.742,39.7599,42.0904,4.4542,4.5889,13.567,13.762,50.0,1,1,latent_distribution_outlier,1
IC_3971,LOT_E,W13,11.5126,12.1947,12.5607,13.8308,2.1134,2.0776,13.1654,13.3549,50.0,1,1,normal,0
IC_3088,LOT_E,W19,8.4045,9.9546,11.4223,12.8112,2.2787,2.3851,12.7398,12.9012,50.0,1,1,normal,0
IC_6849,LOT_F,W18,10.5243,12.1854,13.4931,14.6479,2.549,2.6548,14.1324,14.3038,50.0,1,1,normal,0
IC_4907,LOT_D,W24,10.0446,10.8485,12.238,12.4053,2.5284,2.5943,13.3461,13.4459,50.0,1,1,normal,0
IC_1820,LOT_B,W02,8.5289,10.4173,11.216,13.1619,2.7148,2.8378,11.8,11.9174,50.0,1,1,normal,0
IC_5716,LOT_F,W11,9.7769,11.339,12.6976,13.3626,1.9296,1.968,13.2614,13.496,50.0,1,1,normal,0
IC_1246,LOT_F,W04,11.7624,13.2419,14.3766,15.5502,2.4989,2.5509,14.1781,14.501,50.0,1,1,normal,0
IC_3539,LOT_E,W13,9.6239,10.7615,11.7122,13.1256,2.2722,2.3296,11.2541,11.5787,50.0,1,1,normal,0
IC_6715,LOT_C,W19,9.7702,11.0003,11.4234,12.1789,1.7036,1.7912,12.6072,12.8078,50.0,1,1,normal,0
IC_6816,LOT_F,W18,8.0816,9.0224,10.5859,10.5445,1.881,1.9664,12.8433,12.6951,50.0,1,1,normal,0
IC_5262,LOT_A,W16,9.7525,10.4819,11.1645,12.2751,2.4856,2.4729,10.1708,10.113,50.0,1,1,normal,0
IC_5560,LOT_F,W19,10.5957,11.5557,12.6273,12.8383,2.2298,2.2351,13.7677,13.8219,50.0,1,1,normal,0
IC_6144,LOT_E,W19,12.833,16.9214,41.3038,75.1517,2.4608,2.6884,13.5488,14.0921,50.0,1,1,early_drifter,1
IC_3810,LOT_C,W01,8.2989,9.136,9.7695,9.9235,1.8086,1.8438,11.8264,12.1189,50.0,1,1,normal,0
IC_2158,LOT_B,W12,8.0156,9.3996,11.2159,12.1622,2.1989,2.2628,10.9354,11.0005,50.0,1,1,normal,0
IC_6079,LOT_A,W03,11.4163,12.0533,12.7918,12.6232,2.6433,2.6175,12.3744,12.3846,50.0,1,1,normal,0
IC_2110,LOT_F,W09,9.5289,11.0108,11.8491,12.963,2.5176,2.603,13.6232,13.7516,50.0,1,1,normal,0
IC_6166,LOT_F,W20,10.8546,12.1213,13.2692,14.2627,2.391,2.5101,13.108,13.3621,50.0,1,1,normal,0
IC_6031,LOT_D,W12,10.274,11.2841,12.1506,12.0873,2.4224,2.456,11.9391,11.9245,50.0,1,1,normal,0
IC_3461,LOT_E,W16,41.8184,44.365,45.78,48.7893,4.538,4.6609,18.3399,18.7452,50.0,1,1,latent_distribution_outlier,1
IC_2201,LOT_E,W24,12.1039,13.0643,14.2185,14.2817,2.2981,2.4068,13.5825,13.726,50.0,1,1,normal,0
IC_4798,LOT_A,W21,13.7534,14.7085,15.8757,17.2205,2.893,2.9635,11.9262,11.9322,50.0,1,1,normal,0
IC_5215,LOT_C,W14,12.2117,12.9147,13.6756,13.8192,2.1547,2.156,12.3919,12.4701,50.0,1,1,normal,0
IC_4797,LOT_D,W19,35.2918,36.449,37.2918,38.6426,4.4102,4.5043,15.8003,15.9108,50.0,1,1,latent_distribution_outlier,1
IC_3395,LOT_D,W22,8.6496,10.3763,11.3095,12.9383,1.9138,1.9805,12.0995,12.3846,50.0,1,1,normal,0
IC_2626,LOT_A,W03,8.572,9.9437,11.2691,12.1402,2.3177,2.4008,10.3979,10.4576,50.0,1,1,normal,0
IC_3995,LOT_C,W07,39.2611,41.5252,43.5953,44.6444,4.4039,4.5794,15.3795,15.6934,50.0,1,1,latent_distribution_outlier,1
IC_2608,LOT_C,W19,11.3856,13.1653,14.6431,15.9632,2.1785,2.3046,10.9794,11.0651,50.0,1,1,normal,0
IC_4899,LOT_F,W06,10.4151,11.0768,11.8157,12.3326,2.2359,2.2374,14.2761,14.2433,50.0,1,1,normal,0
IC_3062,LOT_F,W19,9.6504,10.3792,11.331,12.2015,1.31,1.4135,13.7687,14.03,50.0,1,1,normal,0
IC_2405,LOT_E,W08,10.1536,11.0228,11.3518,12.6807,2.3277,2.3602,11.237,11.4713,50.0,1,1,normal,0
IC_5238,LOT_A,W02,11.4096,12.5494,13.2922,14.4778,2.8082,2.8962,11.499,11.6374,50.0,1,1,normal,0
IC_5518,LOT_C,W19,10.0715,11.1851,12.1365,12.0258,1.9705,2.0435,11.555,11.7756,50.0,1,1,normal,0
IC_3803,LOT_E,W05,13.3969,17.1897,36.6903,64.0996,2.5146,2.7943,13.2586,13.6027,50.0,1,1,early_drifter,1
IC_1652,LOT_A,W23,11.6783,12.6242,14.1229,14.7918,2.8411,2.8829,11.9333,12.1484,50.0,1,1,normal,0
IC_3743,LOT_D,W20,11.8016,12.9784,14.2286,14.823,2.5053,2.5517,11.8373,12.0978,50.0,1,1,normal,0
IC_2653,LOT_B,W19,8.6539,9.6471,11.1474,11.8284,2.6041,2.6529,12.039,12.1926,50.0,1,1,normal,0
IC_2187,LOT_A,W03,9.3021,11.0721,12.5481,13.3787,2.9387,3.0336,11.7047,12.0565,50.0,1,1,normal,0
IC_6584,LOT_C,W05,12.1126,13.7831,15.2329,15.8396,2.3101,2.4279,11.9053,12.1377,50.0,1,1,normal,0
IC_6828,LOT_A,W18,7.2245,8.6167,10.0057,10.7957,2.7747,2.8642,11.5151,11.6389,50.0,1,1,normal,0
IC_5206,LOT_F,W08,76.7242,79.9755,85.4941,102.3807,6.3986,6.6147,22.4261,22.7294,50.0,0,0,gross_failure,1
IC_5725,LOT_B,W15,11.072,12.2327,12.929,14.1373,2.3821,2.4723,11.6802,11.7071,50.0,1,1,normal,0
IC_5866,LOT_B,W04,9.0681,10.763,12.0575,13.8367,2.9981,3.0728,11.8911,12.1326,50.0,1,1,normal,0
IC_1887,LOT_B,W11,8.1139,9.4188,10.5073,10.9978,2.4442,2.5864,9.6427,10.0201,50.0,1,1,normal,0
IC_4417,LOT_A,W06,11.2615,12.9799,14.7607,16.3345,2.6604,2.7395,11.0203,11.1606,50.0,1,1,normal,0
IC_2058,LOT_A,W24,9.3399,10.5372,10.9268,12.006,2.7088,2.7716,12.4518,12.4386,50.0,1,1,normal,0
IC_5935,LOT_D,W14,7.9971,9.143,10.2836,10.9986,2.3436,2.4202,9.9543,9.863,50.0,1,1,normal,0
IC_6564,LOT_F,W02,10.7047,11.9213,13.3112,14.3033,1.862,1.9301,12.3104,12.2513,50.0,1,1,normal,0
IC_4607,LOT_F,W06,8.8781,10.1329,11.5816,12.7698,2.1046,2.1556,13.7144,13.9681,50.0,1,1,normal,0
IC_5228,LOT_C,W24,13.4393,14.3426,14.9919,16.5795,2.6575,2.6597,12.6765,12.8449,50.0,1,1,normal,0
IC_6827,LOT_C,W02,8.9396,10.2585,11.3621,12.6625,1.7531,1.828,11.0464,11.0725,50.0,1,1,normal,0
IC_5468,LOT_C,W01,41.2611,43.1978,45.3774,47.0828,4.7406,4.8455,16.6653,16.9386,50.0,1,1,latent_distribution_outlier,1
IC_3596,LOT_C,W10,11.364,12.7723,14.019,15.082,2.3731,2.4779,12.8414,13.1485,50.0,1,1,normal,0
IC_6521,LOT_E,W24,8.4021,9.5604,10.5139,11.2784,2.3118,2.3871,12.2764,12.4436,50.0,1,1,normal,0
IC_3292,LOT_C,W03,12.0142,13.0355,14.4044,15.7199,2.0529,2.1112,10.3883,10.6606,50.0,1,1,normal,0
IC_1125,LOT_A,W23,8.668,9.4696,9.9664,11.1686,2.24,2.3172,12.3669,12.3437,50.0,1,1,normal,0
IC_3192,LOT_E,W03,12.4699,13.0156,14.2784,14.2014,2.254,2.2489,12.2615,12.2217,50.0,1,1,normal,0
IC_1133,LOT_E,W14,8.7067,10.1037,11.4692,11.7632,2.4304,2.4835,11.7508,11.9907,50.0,1,1,normal,0
IC_1068,LOT_C,W12,10.1748,11.9988,13.6064,14.7438,2.2317,2.3104,11.8772,12.1608,50.0,1,1,normal,0
IC_3830,LOT_C,W09,11.5119,12.8277,14.3558,15.0688,2.0489,2.1368,11.1049,11.2249,50.0,1,1,normal,0
IC_2211,LOT_E,W09,9.999,15.6017,45.0121,85.4738,2.2008,2.5155,13.2028,13.9266,50.0,1,1,early_drifter,1
IC_4691,LOT_D,W12,8.5765,10.252,11.9376,12.631,2.2821,2.3907,10.2657,10.3659,50.0,1,1,normal,0
IC_5612,LOT_E,W22,9.8219,11.3103,12.9625,13.7218,1.9877,2.0226,12.2046,12.3461,50.0,1,1,normal,0
IC_2596,LOT_B,W05,8.8074,9.9982,11.6395,11.8586,1.914,2.0218,11.5732,11.7243,50.0,1,1,normal,0
IC_5545,LOT_C,W01,10.4382,12.3305,13.6757,15.0214,2.1866,2.302,11.705,11.858,50.0,1,1,normal,0
IC_5529,LOT_E,W09,9.252,10.9307,12.7367,13.9232,2.3069,2.405,12.2463,12.4227,50.0,1,1,normal,0
IC_5382,LOT_C,W20,11.6705,12.9761,14.2286,15.5845,2.1964,2.2396,11.4568,11.6434,50.0,1,1,normal,0
IC_5983,LOT_E,W04,10.39,11.2934,12.5598,12.6192,2.5141,2.4965,12.6481,12.6458,50.0,1,1,normal,0
IC_4383,LOT_D,W24,11.2797,12.7501,14.869,15.502,2.5288,2.6404,13.0741,13.2421,50.0,1,1,normal,0
IC_6207,LOT_C,W15,12.3572,13.9343,15.4585,16.5077,2.4928,2.6533,12.0094,12.1197,50.0,1,1,normal,0
IC_3163,LOT_C,W24,10.4914,11.5227,12.7191,13.7019,2.1436,2.2658,11.0468,11.1591,50.0,1,1,normal,0
IC_4592,LOT_E,W08,8.7775,9.5577,10.762,11.7854,1.8881,1.9372,11.6273,11.8134,50.0,1,1,normal,0
IC_1859,LOT_C,W04,12.559,13.2217,14.0222,14.2537,2.2919,2.2616,11.6778,11.7793,50.0,1,1,normal,0
IC_3138,LOT_D,W11,10.3636,15.4421,43.8389,80.6429,2.2566,2.5603,12.4377,13.1481,50.0,1,1,early_drifter,1
IC_4452,LOT_F,W19,9.965,10.8094,11.4202,12.6871,2.1722,2.2133,13.721,13.8604,50.0,1,1,normal,0
IC_5779,LOT_B,W22,8.8594,10.1573,12.0217,12.5185,2.4313,2.5263,10.9592,10.9937,50.0,1,1,normal,0
IC_1837,LOT_A,W02,9.1114,10.0777,10.9567,12.0313,2.5804,2.6132,11.9589,12.13,50.0,1,1,normal,0
IC_2089,LOT_F,W24,10.4306,11.5518,13.0874,13.3911,2.3872,2.5047,14.2338,14.3216,50.0,1,1,normal,0
IC_3627,LOT_E,W22,8.0516,9.4828,10.7363,11.2984,2.3326,2.4459,12.3589,12.478,50.0,1,1,normal,0
IC_2223,LOT_E,W14,10.8044,11.7387,12.44,13.4065,2.4819,2.5331,12.5272,12.516,50.0,1,1,normal,0
IC_1563,LOT_F,W02,10.8202,11.9309,13.0893,13.9179,2.5397,2.6823,13.5055,13.6485,50.0,1,1,normal,0
IC_1318,LOT_A,W03,9.8436,11.2227,12.4546,13.4407,2.67,2.7688,11.0864,11.1871,50.0,1,1,normal,0
IC_3393,LOT_D,W16,10.8144,12.4023,13.7181,14.4199,2.4953,2.588,13.1283,13.3018,50.0,1,1,normal,0
IC_2501,LOT_E,W08,9.4412,11.2181,12.3747,13.4344,2.1428,2.2835,13.1397,13.3707,50.0,1,1,normal,0
IC_4335,LOT_B,W02,11.3848,12.7473,13.6834,14.688,2.5764,2.6363,12.2125,12.5248,50.0,1,1,normal,0
IC_5791,LOT_A,W10,9.1952,10.1897,11.1884,10.9946,2.7006,2.7868,11.1539,11.3859,50.0,1,1,normal,0
IC_1370,LOT_D,W09,9.3488,10.6146,11.9996,12.5846,2.3746,2.4495,11.0998,11.055,50.0,1,1,normal,0
IC_1075,LOT_A,W12,10.9051,12.4712,14.2048,15.6281,2.3893,2.47,11.3378,11.5464,50.0,1,1,normal,0
IC_1404,LOT_F,W03,8.9022,9.8776,11.3913,11.6976,2.2614,2.2925,12.5466,12.4976,50.0,1,1,normal,0
IC_3334,LOT_F,W14,12.9999,14.005,15.2422,16.5886,2.2777,2.385,14.0963,14.2548,50.0,1,1,normal,0
IC_3507,LOT_B,W19,7.7299,11.2593,30.1413,54.6035,2.3993,2.6161,9.6977,10.0482,50.0,1,1,early_drifter,1
IC_2966,LOT_C,W02,10.256,11.2894,12.8992,13.9053,2.2292,2.3044,11.0567,11.0972,50.0,1,1,normal,0
IC_4474,LOT_E,W22,9.654,10.5096,12.0167,12.8848,2.1212,2.2268,11.1325,11.227,50.0,1,1,normal,0
IC_1500,LOT_D,W16,10.8301,12.8372,13.9133,15.2251,2.5758,2.7201,12.5927,12.7785,50.0,1,1,normal,0
IC_1028,LOT_D,W06,9.6499,10.978,12.3878,13.1775,2.6733,2.7486,10.8611,10.9602,50.0,1,1,normal,0
IC_1472,LOT_C,W14,10.906,12.1814,13.4326,13.91,2.5075,2.6422,11.5067,11.6988,50.0,1,1,normal,0
IC_6619,LOT_F,W03,11.2212,12.6708,13.2204,13.9835,2.0287,2.0919,13.8571,14.1145,50.0,1,1,normal,0
IC_3974,LOT_E,W12,7.9166,9.8379,11.4908,12.2749,1.908,2.0812,12.3565,12.4387,50.0,1,1,normal,0
IC_6277,LOT_E,W21,13.1281,14.92,16.1936,16.5381,2.6571,2.761,12.6822,12.9678,50.0,1,1,normal,0
IC_1140,LOT_D,W11,10.1058,15.4661,45.5816,86.573,2.7081,3.0256,12.1713,12.6701,50.0,1,1,early_drifter,1
IC_4878,LOT_D,W18,7.38,8.2914,9.8182,9.5195,2.2101,2.2398,11.458,11.5901,50.0,1,1,normal,0
IC_5671,LOT_A,W16,7.8623,14.3609,47.8334,95.7895,1.8268,2.187,11.1395,12.0552,50.0,1,1,early_drifter,1
IC_3250,LOT_F,W06,9.1201,10.2817,10.9527,11.5218,2.3189,2.4182,13.7466,14.0355,50.0,1,1,normal,0
IC_4456,LOT_B,W16,9.0479,10.7851,12.2757,12.9733,2.5544,2.6966,10.9161,10.9839,50.0,1,1,normal,0
IC_3728,LOT_F,W04,10.7036,11.4167,12.819,13.3634,2.3727,2.4308,14.1786,14.4614,50.0,1,1,normal,0
IC_3932,LOT_F,W21,40.2063,41.9628,43.0029,44.6296,4.5578,4.6553,17.3811,17.5831,50.0,1,1,latent_distribution_outlier,1
IC_4883,LOT_C,W11,12.1089,12.8849,13.8155,13.8993,2.7037,2.7452,11.5418,11.649,50.0,1,1,normal,0
IC_4920,LOT_A,W19,12.931,14.3092,15.4651,16.206,2.6972,2.8397,13.2229,13.438,50.0,1,1,normal,0
IC_3417,LOT_B,W14,7.4009,8.9965,10.553,11.1993,2.0779,2.1953,11.4265,11.5885,50.0,1,1,normal,0
IC_5450,LOT_F,W19,10.4358,11.8139,13.4042,14.6568,2.4552,2.5358,13.3505,13.6916,50.0,1,1,normal,0
IC_4680,LOT_E,W24,11.3436,12.997,14.4177,15.5223,2.4286,2.5325,12.5325,12.8375,50.0,1,1,normal,0
IC_1115,LOT_B,W03,7.3446,8.1902,8.886,9.6747,2.2329,2.3097,12.5752,12.5766,50.0,1,1,normal,0
IC_3121,LOT_C,W11,11.4975,12.7507,14.016,15.4732,2.0903,2.1747,11.0939,11.3126,50.0,1,1,normal,0
IC_2252,LOT_B,W22,7.1968,8.9256,10.9425,11.4476,2.2294,2.3137,8.7334,8.9403,50.0,1,1,normal,0
IC_1008,LOT_A,W08,8.4242,10.0167,11.6167,12.9601,2.6786,2.79,10.9722,11.1427,50.0,1,1,normal,0
IC_4429,LOT_B,W20,40.9643,42.853,46.1635,46.5261,4.737,4.8103,17.0284,17.2139,50.0,1,1,latent_distribution_outlier,1
IC_4246,LOT_A,W12,8.6386,9.9876,11.5948,12.9085,2.5189,2.596,10.3525,10.6976,50.0,1,1,normal,0
IC_1096,LOT_B,W11,9.4279,10.147,11.1652,11.9604,1.9845,1.9943,11.0119,11.0936,50.0,1,1,normal,0
IC_5633,LOT_D,W16,10.542,11.4569,12.6469,13.0233,2.8084,2.9196,12.45,12.4362,50.0,1,1,normal,0
IC_3717,LOT_B,W18,9.3731,10.7772,12.0225,12.8637,1.9504,2.0583,11.3955,11.5225,50.0,1,1,normal,0
IC_5036,LOT_E,W09,9.6515,10.9023,11.9927,12.5809,2.3917,2.4759,11.871,12.0267,50.0,1,1,normal,0
IC_1655,LOT_F,W14,36.8389,39.268,42.2762,43.8302,4.289,4.4803,17.8573,17.9646,50.0,1,1,latent_distribution_outlier,1
IC_2588,LOT_A,W23,35.7732,37.6421,39.3459,40.0245,4.4364,4.5217,15.8507,16.1078,50.0,1,1,latent_distribution_outlier,1
IC_1564,LOT_C,W05,12.226,13.5841,15.6162,16.3198,2.2628,2.3176,12.3788,12.5674,50.0,1,1,normal,0
IC_3671,LOT_C,W06,34.3258,35.989,36.6308,39.659,4.2073,4.3011,14.1121,14.1889,50.0,1,1,latent_distribution_outlier,1
IC_5520,LOT_A,W12,9.7289,11.1262,12.495,13.3915,2.3131,2.3828,10.9861,11.1658,50.0,1,1,normal,0
IC_4688,LOT_E,W10,13.0853,14.4189,15.2873,15.908,2.3541,2.4089,14.0301,14.1389,50.0,1,1,normal,0
IC_2767,LOT_E,W24,9.7829,10.5682,11.804,12.0698,2.1855,2.3025,12.2753,12.3165,50.0,1,1,normal,0
IC_6419,LOT_A,W15,7.9696,8.8531,10.5267,10.5627,2.3042,2.299,11.0552,11.1805,50.0,1,1,normal,0
IC_6891,LOT_A,W08,10.6378,11.5107,12.4134,11.806,2.7547,2.8017,11.6798,11.8717,50.0,1,1,normal,0
IC_4845,LOT_F,W11,10.0249,11.016,11.5736,12.8412,1.8779,1.9179,13.1103,13.3033,50.0,1,1,normal,0
IC_6067,LOT_D,W21,8.8899,10.6258,11.7372,12.8334,2.4274,2.5428,11.7369,12.1219,50.0,1,1,normal,0
IC_2835,LOT_C,W14,10.544,12.1657,13.6646,15.0279,2.0602,2.1186,12.3125,12.4365,50.0,1,1,normal,0
IC_6646,LOT_C,W15,10.3562,10.9668,12.3386,12.7565,2.1616,2.2891,11.1239,11.1804,50.0,1,1,normal,0
IC_5199,LOT_B,W24,8.1625,9.253,10.5045,10.7273,2.2067,2.2385,12.6778,12.8584,50.0,1,1,normal,0
IC_6509,LOT_E,W06,9.4642,10.6997,12.3676,13.1129,2.2499,2.3414,11.5352,11.7481,50.0,1,1,normal,0
IC_4944,LOT_C,W09,13.9085,14.9834,16.5573,17.0383,2.8961,2.963,11.1924,11.365,50.0,1,1,normal,0
IC_1311,LOT_C,W23,13.1212,18.5517,45.7753,86.0525,2.1948,2.5017,12.4671,13.1146,50.0,1,1,early_drifter,1
IC_3025,LOT_C,W11,8.6515,9.9436,11.7026,12.9252,1.7254,1.789,11.5155,11.48,50.0,1,1,normal,0
IC_2826,LOT_D,W02,9.9812,10.6112,11.4931,12.1171,2.4466,2.5374,10.9394,10.9667,50.0,1,1,normal,0
IC_2420,LOT_C,W07,9.628,10.6626,10.9153,12.3663,2.0174,2.0761,11.1665,11.3479,50.0,1,1,normal,0
IC_4695,LOT_A,W11,8.0545,8.6766,9.118,10.2074,2.3476,2.3796,12.942,13.0975,50.0,1,1,normal,0
IC_2509,LOT_A,W22,11.5753,16.5368,43.2287,78.6119,2.749,3.0553,10.96,11.2903,50.0,1,1,early_drifter,1
IC_3418,LOT_A,W03,11.1644,12.5832,14.2788,14.2685,2.6964,2.7719,10.9461,11.1558,50.0,1,1,normal,0
IC_2560,LOT_A,W17,9.3176,10.5701,10.9644,12.7732,2.2619,2.3643,10.8862,11.0878,50.0,1,1,normal,0
IC_1227,LOT_A,W10,8.1552,8.9447,9.7672,10.514,1.9967,2.019,11.1915,11.4363,50.0,1,1,normal,0
IC_3214,LOT_F,W14,11.5517,12.8907,14.4363,15.2635,2.5008,2.5927,13.57,13.8645,50.0,1,1,normal,0
IC_4542,LOT_C,W04,10.4168,11.5129,12.3747,12.8833,2.1221,2.1985,12.4701,12.6754,50.0,1,1,normal,0
IC_4593,LOT_E,W03,9.6669,11.1149,12.3951,13.0197,2.0883,2.1755,13.5015,13.727,50.0,1,1,normal,0
IC_4623,LOT_B,W10,39.8968,41.9084,44.1123,46.2753,4.6374,4.7543,14.7051,14.9777,50.0,1,1,latent_distribution_outlier,1
IC_5029,LOT_A,W19,8.2905,9.8478,10.9886,11.2817,2.7549,2.8503,11.2981,11.6497,50.0,1,1,normal,0
IC_1469,LOT_F,W12,12.7045,13.8558,15.4969,16.1213,1.8906,1.9731,13.8923,14.0409,50.0,1,1,normal,0
IC_1838,LOT_B,W06,9.4617,11.1189,12.1701,12.9986,2.0913,2.2024,12.6987,12.9963,50.0,1,1,normal,0
IC_1674,LOT_D,W22,10.3766,11.4682,12.1822,13.025,2.5203,2.5952,10.4283,10.5026,50.0,1,1,normal,0
IC_1402,LOT_A,W18,7.4724,8.4059,9.0349,9.4947,2.6495,2.7056,10.3287,10.269,50.0,1,1,normal,0
IC_3765,LOT_C,W17,10.3678,11.1573,12.3118,12.7239,2.3212,2.3825,12.5099,12.6703,50.0,1,1,normal,0
IC_1977,LOT_A,W18,9.3223,10.0675,11.0127,12.0073,2.6753,2.7867,11.8829,11.9607,50.0,1,1,normal,0
IC_6604,LOT_F,W21,11.4745,17.4387,47.1032,90.0154,2.3549,2.7374,11.9815,12.7042,50.0,1,1,early_drifter,1
IC_3527,LOT_E,W01,43.1875,45.2488,46.7508,46.9493,5.2921,5.4193,16.1516,16.4684,50.0,1,1,latent_distribution_outlier,1
IC_1364,LOT_C,W17,8.9728,9.8955,10.7885,11.7136,2.0994,2.177,11.8556,11.9106,50.0,1,1,normal,0
IC_4861,LOT_C,W13,12.6019,14.2572,16.1176,16.0007,2.2364,2.3131,13.2774,13.549,50.0,1,1,normal,0
IC_5678,LOT_A,W21,12.5534,13.6543,14.8504,15.8239,2.6643,2.7458,10.5343,10.6713,50.0,1,1,normal,0
IC_2798,LOT_E,W09,10.5363,11.2994,11.9035,12.2528,2.192,2.2718,12.0425,12.2283,50.0,1,1,normal,0
IC_1611,LOT_D,W20,11.1703,12.3669,13.6482,14.1181,2.7232,2.857,11.4899,11.7745,50.0,1,1,normal,0
IC_4650,LOT_C,W15,9.7069,11.1314,12.8164,13.8028,2.032,2.1435,11.7216,11.938,50.0,1,1,normal,0
IC_5937,LOT_F,W22,10.8256,11.581,12.0086,13.3334,2.0034,2.0529,13.4384,13.6331,50.0,1,1,normal,0
IC_2037,LOT_F,W01,8.6906,10.2704,11.5217,12.4244,1.9626,2.0976,13.5875,13.9702,50.0,1,1,normal,0
IC_4318,LOT_D,W10,10.1687,11.8309,12.662,13.8776,2.0508,2.1625,12.0712,12.1489,50.0,1,1,normal,0
IC_1260,LOT_F,W24,11.0425,12.892,14.6318,16.1246,2.0431,2.1412,14.5937,14.7503,50.0,1,1,normal,0
IC_5555,LOT_A,W24,12.1019,13.7814,15.6513,15.8556,3.2397,3.3396,10.6015,10.749,50.0,1,1,normal,0
IC_1401,LOT_D,W16,52.7448,55.6476,69.7896,96.2012,5.6983,5.8485,19.3283,19.7208,50.0,0,0,gross_failure,1
IC_3116,LOT_E,W02,10.0621,11.5919,12.8635,13.6995,2.1388,2.2491,11.9323,12.272,50.0,1,1,normal,0
IC_2738,LOT_D,W19,10.8052,11.956,13.802,13.4035,2.8316,2.9195,11.8485,11.912,50.0,1,1,normal,0
IC_3204,LOT_A,W09,6.9884,8.0588,8.2255,9.4772,2.1874,2.2511,9.9704,10.0669,50.0,1,1,normal,0
IC_2990,LOT_D,W07,10.985,13.7908,32.2209,56.263,2.4708,2.6042,10.7259,11.0562,50.0,1,1,early_drifter,1
IC_6642,LOT_D,W03,11.6319,12.6737,13.4494,14.2417,2.3234,2.4255,12.1463,12.3679,50.0,1,1,normal,0
IC_1357,LOT_E,W24,32.6298,34.3794,35.5325,36.6561,4.0256,4.1193,16.5004,16.5943,50.0,1,1,latent_distribution_outlier,1
IC_5586,LOT_D,W24,8.7279,9.9009,10.8799,12.2112,2.0264,2.0396,11.6658,11.6946,50.0,1,1,normal,0
IC_1865,LOT_D,W20,45.5873,46.7658,48.1644,49.9138,5.4953,5.5473,17.6228,17.7375,50.0,1,1,latent_distribution_outlier,1
IC_4483,LOT_F,W01,10.638,11.7734,13.2411,14.3676,2.5086,2.5828,13.8805,14.0765,50.0,1,1,normal,0
IC_5304,LOT_F,W19,11.0156,16.0317,43.9193,81.2031,2.0582,2.3732,13.3012,13.9052,50.0,1,1,early_drifter,1
IC_4376,LOT_B,W02,7.7974,9.281,10.9824,12.0418,2.2397,2.3622,10.1325,10.2723,50.0,1,1,normal,0
IC_2064,LOT_E,W16,10.6033,15.8648,44.3486,83.0357,2.3237,2.6427,13.2219,13.8226,50.0,1,1,early_drifter,1
IC_6759,LOT_A,W23,8.7185,12.6273,33.0727,63.0984,2.13,2.3531,10.9529,11.434,50.0,1,1,early_drifter,1
IC_1143,LOT_B,W22,8.3883,10.1517,11.6484,13.1121,2.1976,2.3458,10.7115,10.8789,50.0,1,1,normal,0
IC_6470,LOT_D,W14,9.6518,10.6341,11.9243,12.493,2.4471,2.4755,11.8911,11.9284,50.0,1,1,normal,0
IC_5455,LOT_B,W06,9.1663,10.5839,12.203,12.8116,2.8196,2.9045,12.0224,12.3463,50.0,1,1,normal,0
IC_2174,LOT_C,W10,10.364,11.4122,12.2304,13.0114,2.1656,2.2414,10.6903,10.5719,50.0,1,1,normal,0
IC_3559,LOT_E,W23,8.9949,10.4025,11.2997,11.5304,1.803,1.8904,12.1072,12.3214,50.0,1,1,normal,0
IC_6382,LOT_D,W04,7.7138,8.5537,9.5695,10.3741,2.4334,2.4999,11.6172,11.6672,50.0,1,1,normal,0
IC_3031,LOT_C,W19,9.885,10.4878,11.1617,11.8152,2.208,2.25,12.3144,12.523,50.0,1,1,normal,0
IC_2732,LOT_F,W09,10.9702,12.6403,13.5114,14.5279,1.7259,1.8574,13.0579,13.392,50.0,1,1,normal,0
IC_1122,LOT_C,W22,14.0,18.4114,42.0121,74.1088,2.2581,2.5551,12.1026,12.5612,50.0,1,1,early_drifter,1
IC_4075,LOT_F,W10,11.4359,12.4873,13.2471,13.7582,2.1902,2.2618,12.8513,12.9172,50.0,1,1,normal,0
IC_3921,LOT_F,W18,10.3203,11.6681,12.8468,13.748,2.0751,2.226,14.0107,14.1541,50.0,1,1,normal,0
IC_5122,LOT_D,W05,10.9779,12.0921,13.3568,13.2175,2.3837,2.4445,10.8215,11.0757,50.0,1,1,normal,0
IC_1104,LOT_B,W18,9.938,11.4988,12.6642,13.4716,2.4563,2.5658,8.8185,8.9258,50.0,1,1,normal,0
IC_5164,LOT_A,W02,6.4167,8.0188,9.413,10.7605,2.6543,2.7748,12.4348,12.578,50.0,1,1,normal,0
IC_3757,LOT_D,W04,11.5726,13.3332,14.4292,15.6272,2.4535,2.5613,10.1945,10.532,50.0,1,1,normal,0
IC_3177,LOT_E,W22,9.887,11.2655,12.9794,12.8849,2.5094,2.6086,11.8064,11.9833,50.0,1,1,normal,0
IC_1981,LOT_F,W07,9.4088,11.0159,12.2595,13.1795,2.0267,2.0842,12.6623,12.9259,50.0,1,1,normal,0
IC_6126,LOT_B,W15,10.5047,12.0243,13.517,14.3269,3.0108,3.0836,9.6493,9.9193,50.0,1,1,normal,0
IC_2848,LOT_C,W07,10.9418,12.7335,14.4052,14.8855,1.9922,2.1279,10.9934,11.2888,50.0,1,1,normal,0
IC_5524,LOT_C,W14,13.6938,18.4702,47.3275,85.3324,2.2612,2.5052,11.7999,12.4049,50.0,1,1,early_drifter,1
IC_3610,LOT_B,W11,5.5095,6.2621,7.4807,7.5891,2.4814,2.5236,11.5161,11.5129,50.0,1,1,normal,0
IC_1915,LOT_B,W07,7.3759,8.5382,9.0981,10.7429,2.6066,2.6844,11.1452,11.3799,50.0,1,1,normal,0
IC_1152,LOT_B,W08,9.8417,11.5284,12.6986,14.165,2.336,2.4063,9.9917,10.3326,50.0,1,1,normal,0
IC_5525,LOT_C,W13,11.8819,12.9671,14.1403,15.3294,2.3401,2.4576,11.0361,11.0247,50.0,1,1,normal,0
IC_6989,LOT_D,W11,10.6184,11.5941,12.1956,12.9623,2.5468,2.6599,12.3684,12.59,50.0,1,1,normal,0
IC_6606,LOT_C,W12,11.8691,12.6014,13.5583,14.4995,1.8437,1.9356,10.7349,10.7985,50.0,1,1,normal,0
IC_1164,LOT_F,W10,11.4681,12.5233,13.7051,15.1134,2.3027,2.3749,13.7626,13.7368,50.0,1,1,normal,0
IC_6581,LOT_C,W20,9.9927,11.1238,11.8094,12.5841,2.5273,2.6098,10.9208,10.8671,50.0,1,1,normal,0
IC_5895,LOT_B,W06,8.7482,9.8002,10.4786,11.9618,2.1669,2.1241,10.2249,10.4124,50.0,1,1,normal,0
IC_4528,LOT_C,W07,11.4623,12.7512,13.7386,14.7322,2.1237,2.2305,12.3675,12.469,50.0,1,1,normal,0
IC_4639,LOT_C,W01,12.0912,13.3904,14.9696,15.7791,1.9563,1.9994,11.4088,11.5678,50.0,1,1,normal,0
IC_2739,LOT_D,W05,9.6326,10.7522,12.1292,12.9414,2.249,2.3527,11.9921,12.0242,50.0,1,1,normal,0
IC_6543,LOT_C,W16,61.4208,63.4565,80.4082,95.4366,6.4166,6.5252,19.4799,19.6876,50.0,0,0,gross_failure,1
IC_4705,LOT_C,W13,9.9822,11.1926,11.7615,12.3662,2.1093,2.1808,11.0112,11.2034,50.0,1,1,normal,0
IC_4444,LOT_D,W19,11.2695,12.7623,14.6358,15.2645,2.6869,2.7805,11.5484,11.6671,50.0,1,1,normal,0
IC_3189,LOT_E,W06,10.7748,12.4188,14.5591,16.0556,2.4145,2.4341,12.3072,12.5526,50.0,1,1,normal,0
IC_4116,LOT_C,W10,10.8998,11.7529,13.1971,13.9904,1.8337,1.9348,12.5216,12.8132,50.0,1,1,normal,0
IC_4603,LOT_C,W14,10.6986,11.9567,13.165,13.2507,2.4637,2.5349,11.6884,11.6176,50.0,1,1,normal,0
IC_6187,LOT_F,W19,11.3435,12.8664,14.5891,15.58,2.0827,2.2062,12.5623,12.6048,50.0,1,1,normal,0
IC_3096,LOT_D,W13,8.4741,9.6058,10.7024,11.5212,2.6537,2.7429,10.9874,11.1691,50.0,1,1,normal,0
IC_4722,LOT_E,W11,9.7005,11.2326,13.0768,13.8444,2.3657,2.4503,13.3417,13.713,50.0,1,1,normal,0
IC_3896,LOT_B,W09,9.4602,11.3049,12.1604,12.8156,2.2029,2.3033,11.402,11.5723,50.0,1,1,normal,0
IC_4947,LOT_C,W16,12.6844,13.7048,14.3454,14.8728,2.2344,2.2546,11.4426,11.7205,50.0,1,1,normal,0
IC_6653,LOT_D,W14,12.6407,13.6113,14.5337,14.7994,3.0182,3.0958,12.2264,12.404,50.0,1,1,normal,0
IC_3920,LOT_B,W24,7.5999,8.694,9.2528,9.7992,2.0316,2.0334,10.8296,11.1134,50.0,1,1,normal,0
IC_2934,LOT_C,W22,10.8901,12.2184,13.1794,13.802,2.033,2.1665,12.2974,12.2676,50.0,1,1,normal,0
IC_3498,LOT_E,W12,9.4404,10.7055,11.8886,12.3748,2.1984,2.2369,11.9711,12.1793,50.0,1,1,normal,0
IC_1851,LOT_E,W14,7.1244,8.1724,9.0296,10.2939,1.9393,1.9673,12.0401,12.154,50.0,1,1,normal,0
IC_3482,LOT_C,W20,36.6978,37.6982,38.8411,39.5967,4.5026,4.5848,14.9761,15.2402,50.0,1,1,latent_distribution_outlier,1
IC_5415,LOT_A,W22,12.7669,13.6296,14.4739,15.6111,2.9645,2.9981,11.9087,12.0872,50.0,1,1,normal,0
IC_1128,LOT_E,W24,10.8049,15.3125,41.6667,77.2045,2.1738,2.4114,13.2448,13.7382,50.0,1,1,early_drifter,1
IC_6656,LOT_A,W14,10.3341,11.5833,12.9886,13.5955,2.5502,2.6254,13.0829,13.17,50.0,1,1,normal,0
IC_2216,LOT_B,W05,6.0465,7.2443,9.3691,10.1553,2.3579,2.4826,10.679,10.8562,50.0,1,1,normal,0
IC_2717,LOT_D,W18,11.1109,12.009,12.8505,13.893,2.3863,2.3933,10.6884,10.7016,50.0,1,1,normal,0
IC_1863,LOT_A,W11,37.2599,38.6512,39.558,39.4102,4.9306,5.0597,16.289,16.3525,50.0,1,1,latent_distribution_outlier,1
IC_1470,LOT_D,W07,9.667,10.6821,11.9831,12.0321,2.6667,2.6836,10.4333,10.5645,50.0,1,1,normal,0
IC_6870,LOT_B,W13,9.9906,11.6079,12.8001,14.0052,2.446,2.5014,11.1163,11.2751,50.0,1,1,normal,0
IC_2912,LOT_D,W03,11.4715,12.7199,14.3529,14.8069,2.4914,2.4937,12.3561,12.5848,50.0,1,1,normal,0
IC_3413,LOT_B,W17,8.1069,9.5631,11.3697,11.9468,2.2667,2.3726,9.2732,9.4556,50.0,1,1,normal,0
IC_5546,LOT_C,W17,8.9804,9.886,11.1124,12.4606,1.6276,1.6792,10.9213,10.8098,50.0,1,1,normal,0
IC_5617,LOT_D,W22,9.074,11.0352,11.9471,12.3451,2.4894,2.6368,11.9066,12.1475,50.0,1,1,normal,0
IC_5578,LOT_C,W01,12.3882,13.5904,14.6628,15.047,2.6485,2.7359,10.9197,11.0373,50.0,1,1,normal,0
IC_5515,LOT_F,W23,12.8536,14.3897,15.6944,16.6192,2.4159,2.5073,13.2515,13.546,50.0,1,1,normal,0
IC_2150,LOT_A,W18,7.382,8.7583,10.6324,11.427,2.581,2.6219,11.4093,11.4743,50.0,1,1,normal,0
IC_4653,LOT_B,W06,11.4951,12.9587,15.1208,15.6175,2.6283,2.7042,12.2755,12.5028,50.0,1,1,normal,0
IC_1351,LOT_D,W08,10.3232,11.9601,13.3652,14.2724,2.0159,2.1073,10.6963,10.9363,50.0,1,1,normal,0
IC_3190,LOT_A,W17,8.5853,9.7247,11.6552,12.6989,2.644,2.6784,11.6227,11.8769,50.0,1,1,normal,0
IC_1324,LOT_E,W06,8.5416,10.1501,11.0532,12.7279,1.9094,2.0151,11.711,11.9668,50.0,1,1,normal,0
IC_6928,LOT_D,W12,9.7158,10.8766,11.5659,12.0431,2.6476,2.7221,11.5917,11.6195,50.0,1,1,normal,0
IC_3893,LOT_A,W03,13.6891,15.1098,16.8068,17.5,3.1536,3.2384,12.1741,12.2089,50.0,1,1,normal,0
IC_2494,LOT_B,W15,10.4667,11.7453,13.7547,14.274,2.5079,2.5902,11.2716,11.3825,50.0,1,1,normal,0
IC_4134,LOT_F,W04,10.784,16.7668,48.999,91.6644,1.9584,2.2797,14.9965,15.7588,50.0,1,1,early_drifter,1
IC_3129,LOT_A,W07,10.9612,12.1946,13.3275,14.2532,2.2077,2.2733,11.5234,11.6953,50.0,1,1,normal,0
IC_6263,LOT_C,W12,10.1588,11.7065,13.2033,14.6366,1.9852,2.0056,12.6497,12.8364,50.0,1,1,normal,0
IC_5011,LOT_E,W21,9.2793,10.4367,12.0034,12.1099,1.9467,1.942,12.1574,12.275,50.0,1,1,normal,0
IC_5496,LOT_B,W02,10.2057,11.0435,11.6797,12.2737,2.625,2.6662,11.2478,11.5752,50.0,1,1,normal,0
IC_4801,LOT_A,W16,10.6958,12.3635,14.1846,15.1294,2.3032,2.4045,10.7825,10.9303,50.0,1,1,normal,0
IC_6206,LOT_E,W03,11.2281,12.8613,14.5415,15.1616,2.1514,2.2976,13.4133,13.6247,50.0,1,1,normal,0
IC_1751,LOT_C,W04,39.2201,40.4462,42.2642,43.4456,4.4838,4.5369,15.7804,16.0019,50.0,1,1,latent_distribution_outlier,1
IC_2448,LOT_F,W05,10.3606,11.5728,13.3138,13.4353,2.3102,2.4237,12.6326,12.8306,50.0,1,1,normal,0
IC_5149,LOT_C,W21,11.7851,12.8269,14.0605,14.8117,2.4777,2.5753,12.317,12.4838,50.0,1,1,normal,0
IC_6507,LOT_F,W06,7.085,8.8002,10.8312,11.3269,2.3443,2.4493,13.5329,13.6522,50.0,1,1,normal,0
IC_5161,LOT_E,W15,12.6381,14.0751,15.831,16.6665,2.1089,2.2293,13.5396,13.6101,50.0,1,1,normal,0
IC_6809,LOT_C,W07,46.4831,48.3594,50.6564,51.5576,5.1059,5.1851,17.5964,17.8834,50.0,1,1,latent_distribution_outlier,1
IC_4608,LOT_D,W10,32.3686,34.0397,35.5034,38.8728,3.9432,4.0158,16.812,17.0363,50.0,1,1,latent_distribution_outlier,1
IC_4086,LOT_A,W10,10.9941,14.7767,34.2971,62.5886,2.7392,2.9686,11.4088,11.8557,50.0,1,1,early_drifter,1
IC_5085,LOT_B,W09,9.903,10.8638,12.4204,13.1169,2.7707,2.8343,11.9213,12.0731,50.0,1,1,normal,0
IC_3565,LOT_B,W14,5.1808,6.8843,8.8282,9.412,2.2585,2.3834,11.0331,11.1737,50.0,1,1,normal,0
IC_5244,LOT_E,W21,9.8403,11.3708,12.7773,12.7337,2.0864,2.1784,11.6205,11.7625,50.0,1,1,normal,0
IC_4523,LOT_F,W13,10.627,12.3016,13.946,14.4588,2.1304,2.1792,14.2556,14.3626,50.0,1,1,normal,0
IC_5511,LOT_C,W19,12.6551,13.7393,14.8023,15.601,2.7542,2.8709,11.2807,11.5377,50.0,1,1,normal,0
IC_1073,LOT_C,W20,11.4778,13.0272,14.966,15.8217,2.2298,2.2628,12.5262,12.4225,50.0,1,1,normal,0
IC_1671,LOT_E,W10,9.8935,10.8365,12.0485,13.2976,2.2326,2.3221,13.0044,13.2501,50.0,1,1,normal,0
IC_3802,LOT_D,W02,12.0856,12.8952,14.1248,13.9197,2.4332,2.5231,12.0667,12.1792,50.0,1,1,normal,0
IC_6155,LOT_C,W11,11.4068,12.4537,13.7949,14.8971,2.2034,2.287,11.8254,11.9573,50.0,1,1,normal,0
IC_4150,LOT_D,W20,9.4675,11.059,12.6911,13.6378,2.4926,2.5966,10.7077,10.8815,50.0,1,1,normal,0
IC_3302,LOT_A,W19,14.1275,15.7703,17.1193,18.2235,2.987,3.1032,12.0296,12.1424,50.0,1,1,normal,0
IC_3228,LOT_C,W10,10.7464,11.7588,12.3611,13.2548,2.1644,2.187,11.022,11.0547,50.0,1,1,normal,0
IC_3466,LOT_D,W06,11.5549,13.0667,13.8378,14.3704,2.7081,2.7949,11.9872,12.2504,50.0,1,1,normal,0
IC_2600,LOT_B,W09,68.6123,78.1943,96.9227,125.749,7.0493,7.6065,18.7723,19.9197,50.0,0,0,gross_failure,1
IC_3317,LOT_E,W08,13.3084,14.8093,16.4612,16.9908,2.6155,2.777,12.3441,12.4617,50.0,1,1,normal,0
IC_1646,LOT_B,W08,9.4788,11.0475,12.1243,12.9031,2.7809,2.9345,10.346,10.4523,50.0,1,1,normal,0
IC_6954,LOT_C,W17,9.3204,10.6244,11.8299,12.8327,1.7867,1.8366,11.1651,11.3837,50.0,1,1,normal,0
IC_4938,LOT_D,W06,10.0187,10.9942,11.844,13.2403,2.0934,2.1485,11.4618,11.4888,50.0,1,1,normal,0
IC_5339,LOT_A,W07,9.9495,11.4159,13.391,14.1885,2.7067,2.8268,10.4468,10.5509,50.0,1,1,normal,0
IC_1286,LOT_E,W17,8.4311,9.3526,10.2791,11.0061,1.7757,1.8601,12.5531,12.7416,50.0,1,1,normal,0
IC_6204,LOT_F,W03,12.1142,13.4276,14.8474,15.6958,1.8969,1.9548,14.1829,14.3441,50.0,1,1,normal,0
IC_3220,LOT_B,W03,6.4008,8.2007,10.5264,11.4304,2.2726,2.3638,11.1853,11.5488,50.0,1,1,normal,0
IC_1755,LOT_B,W24,5.9932,7.195,8.6648,9.1611,2.098,2.2015,9.8337,10.1827,50.0,1,1,normal,0
IC_3354,LOT_C,W07,12.037,12.9408,13.5385,14.3046,2.1562,2.1705,12.5594,12.7334,50.0,1,1,normal,0
IC_6469,LOT_C,W20,11.215,12.5426,13.9303,14.3018,2.2689,2.3965,11.5248,11.6529,50.0,1,1,normal,0
IC_5294,LOT_B,W06,10.5221,12.199,13.9423,14.3168,2.6648,2.8096,11.0327,11.152,50.0,1,1,normal,0
IC_5553,LOT_B,W06,10.3934,11.7764,12.289,13.7951,2.3886,2.5195,10.3497,10.5468,50.0,1,1,normal,0
IC_5941,LOT_F,W22,12.6425,13.5284,14.5222,14.7468,2.2307,2.2567,15.2499,15.3542,50.0,1,1,normal,0
IC_5458,LOT_F,W03,10.8179,12.3103,13.6226,14.2995,2.6178,2.6571,12.7046,12.7565,50.0,1,1,normal,0
IC_5778,LOT_F,W10,12.0049,13.6918,14.8431,15.5231,1.7946,1.9527,14.8847,15.1348,50.0,1,1,normal,0
IC_6219,LOT_A,W21,9.833,11.3079,13.0224,13.3144,2.319,2.3633,11.3622,11.4262,50.0,1,1,normal,0
IC_5499,LOT_A,W20,8.8227,10.1207,11.8062,12.5082,2.0581,2.1387,10.821,10.9223,50.0,1,1,normal,0
IC_4300,LOT_E,W15,9.22,10.3125,11.8049,12.2688,1.8338,1.8916,12.088,12.2502,50.0,1,1,normal,0
IC_3331,LOT_A,W19,11.8936,17.6248,47.3275,87.9699,2.4536,2.8155,10.053,10.6974,50.0,1,1,early_drifter,1
IC_6771,LOT_B,W11,8.2246,9.7734,11.4414,11.974,2.7594,2.9141,10.519,10.6565,50.0,1,1,normal,0
IC_1151,LOT_B,W04,9.5411,10.5986,11.1875,12.3261,2.9499,2.9976,12.0024,12.0819,50.0,1,1,normal,0
IC_3383,LOT_A,W24,11.2801,16.5167,46.0126,84.5012,2.5825,2.9454,11.1129,11.7173,50.0,1,1,early_drifter,1
IC_2401,LOT_E,W01,9.1899,10.1754,11.0159,11.7879,2.2213,2.3114,12.1317,12.2254,50.0,1,1,normal,0
IC_5440,LOT_B,W13,5.9696,7.1307,8.2906,8.3026,1.93,2.0151,11.5665,11.6798,50.0,1,1,normal,0
IC_5139,LOT_F,W03,12.8765,13.8824,14.8521,15.6318,2.3226,2.3642,12.824,13.2165,50.0,1,1,normal,0
IC_4668,LOT_E,W05,8.93,10.7024,12.0033,13.743,2.1468,2.2839,12.536,12.6845,50.0,1,1,normal,0
IC_4562,LOT_F,W09,7.8244,9.4328,11.155,11.9319,1.8453,1.9033,14.0161,14.1053,50.0,1,1,normal,0
IC_5582,LOT_F,W03,10.7753,12.3042,13.3103,14.0258,2.2253,2.3372,14.0623,14.2791,50.0,1,1,normal,0
IC_4879,LOT_E,W18,7.446,8.8994,10.8232,12.2437,1.8391,1.9561,11.9221,12.1313,50.0,1,1,normal,0
IC_3652,LOT_E,W17,11.7616,12.8656,13.3933,14.3188,2.8834,2.9116,12.3265,12.4603,50.0,1,1,normal,0
IC_3077,LOT_D,W07,10.3653,11.9559,13.0325,14.5876,2.3324,2.4875,12.8617,13.1735,50.0,1,1,normal,0
IC_2715,LOT_F,W04,8.5756,9.4678,10.5119,11.6663,1.6261,1.624,12.8156,12.8567,50.0,1,1,normal,0
IC_6760,LOT_D,W19,8.6056,10.3734,12.0913,13.8942,2.2968,2.4122,13.1689,13.3932,50.0,1,1,normal,0
IC_4804,LOT_F,W06,10.4174,11.3776,12.094,13.3255,2.1501,2.2364,12.7037,12.8726,50.0,1,1,normal,0
IC_3548,LOT_C,W09,11.7918,12.7532,13.9119,14.6389,1.8153,1.8856,13.0224,13.1562,50.0,1,1,normal,0
IC_5689,LOT_A,W19,8.3577,9.1416,9.9379,11.1703,2.5789,2.6647,12.0436,12.1409,50.0,1,1,normal,0
IC_5589,LOT_A,W13,10.0703,11.5903,13.5615,14.7715,2.7782,2.8118,11.9014,11.9738,50.0,1,1,normal,0
IC_6835,LOT_B,W01,10.6144,12.3058,13.4212,14.6152,2.5329,2.6274,12.0158,12.2179,50.0,1,1,normal,0
IC_6298,LOT_B,W17,6.7674,8.0325,9.5293,10.6546,2.1428,2.2742,10.5505,10.6267,50.0,1,1,normal,0
IC_6231,LOT_D,W06,9.1284,14.7733,46.6606,88.0072,2.4627,2.7228,11.3935,12.1985,50.0,1,1,early_drifter,1
IC_2883,LOT_F,W20,9.8716,10.6046,11.0725,12.2106,2.2207,2.2751,12.4844,12.5336,50.0,1,1,normal,0
IC_2019,LOT_F,W22,8.6101,10.1317,11.998,12.1388,2.0206,2.0869,12.8604,13.2004,50.0,1,1,normal,0
IC_1731,LOT_F,W07,11.6898,12.943,13.7774,14.8012,2.0645,2.1396,13.9174,13.9775,50.0,1,1,normal,0
IC_2435,LOT_D,W15,10.7786,12.4832,13.7963,15.0223,2.2327,2.3586,11.7184,11.9757,50.0,1,1,normal,0
IC_1973,LOT_E,W16,8.9087,10.5995,11.8692,12.6418,2.1193,2.2409,12.7629,12.9656,50.0,1,1,normal,0
IC_3325,LOT_C,W13,11.8486,13.2913,14.8599,16.1406,2.2123,2.2645,12.1285,12.3455,50.0,1,1,normal,0
IC_1949,LOT_C,W13,11.376,12.4659,14.002,14.2915,2.1636,2.2137,10.7445,10.8184,50.0,1,1,normal,0
IC_3394,LOT_A,W15,11.3791,12.8482,14.4608,15.475,2.7644,2.8816,11.4821,11.6176,50.0,1,1,normal,0
IC_4630,LOT_A,W01,9.9457,11.281,12.7849,14.2974,2.0959,2.1629,11.2031,11.4965,50.0,1,1,normal,0
IC_4795,LOT_F,W09,13.3025,14.1932,15.5416,16.141,2.3606,2.3874,13.1108,13.1211,50.0,1,1,normal,0
IC_1154,LOT_D,W22,8.8207,9.8519,10.6823,11.2156,2.2567,2.2896,12.6043,12.6799,50.0,1,1,normal,0
IC_3427,LOT_A,W02,11.5814,13.513,14.691,15.491,2.9197,3.0855,11.3911,11.6922,50.0,1,1,normal,0
IC_6794,LOT_B,W09,8.4141,9.3515,10.1371,10.6882,2.4113,2.4745,10.0669,10.1374,50.0,1,1,normal,0
IC_1519,LOT_D,W07,10.0035,11.41,13.2666,14.1582,2.6414,2.7108,11.5899,11.7997,50.0,1,1,normal,0
IC_2232,LOT_A,W23,9.0022,9.8767,10.4735,11.4642,2.1847,2.2414,10.0972,10.2933,50.0,1,1,normal,0
IC_4035,LOT_A,W12,11.2529,12.3194,13.5568,14.6629,2.4709,2.5043,11.1125,11.1348,50.0,1,1,normal,0
IC_5593,LOT_D,W01,7.9979,9.5219,10.1523,10.3099,2.1725,2.2633,10.0289,10.1488,50.0,1,1,normal,0
IC_2660,LOT_F,W06,9.3683,12.7346,30.6011,54.0528,1.9662,2.1431,11.7428,12.1387,50.0,1,1,early_drifter,1
IC_6558,LOT_F,W05,9.3548,10.5373,11.5215,12.1556,1.9535,1.98,13.3731,13.652,50.0,1,1,normal,0
IC_4090,LOT_F,W21,12.871,14.2656,15.5179,15.9439,2.0557,2.1803,14.157,14.4347,50.0,1,1,normal,0
IC_3547,LOT_E,W15,13.057,13.9685,15.3085,15.8412,2.3966,2.4819,12.0401,12.1865,50.0,1,1,normal,0
IC_5101,LOT_E,W16,8.925,10.1187,11.8151,11.9622,2.3874,2.4724,12.6041,12.7485,50.0,1,1,normal,0
IC_3519,LOT_F,W21,11.7603,12.8318,13.6422,14.5346,2.2407,2.2985,13.485,13.528,50.0,1,1,normal,0
IC_5884,LOT_B,W14,9.0907,10.4122,11.6398,12.3199,2.9986,3.0344,10.6147,10.6884,50.0,1,1,normal,0
IC_5892,LOT_E,W24,9.8711,11.482,12.2357,13.7386,2.5079,2.5726,12.5297,12.7113,50.0,1,1,normal,0
IC_5975,LOT_B,W01,45.2966,46.4149,48.2499,49.693,5.5102,5.5955,17.0202,17.2047,50.0,1,1,latent_distribution_outlier,1
IC_3087,LOT_A,W07,9.1081,10.848,11.9932,12.2311,1.8886,1.9724,11.2129,11.3616,50.0,1,1,normal,0
IC_1713,LOT_B,W14,6.9929,7.8374,8.8285,8.9867,2.3457,2.4338,11.9835,12.1626,50.0,1,1,normal,0
IC_2373,LOT_C,W04,10.2607,11.7906,12.9309,13.4588,1.9686,2.0772,12.0676,12.2999,50.0,1,1,normal,0
IC_2872,LOT_C,W08,12.3608,13.4749,15.0985,15.0838,1.9281,2.0075,10.4635,10.5723,50.0,1,1,normal,0
IC_5399,LOT_C,W09,11.542,12.9511,14.3291,14.9096,2.19,2.2732,11.7331,11.8501,50.0,1,1,normal,0
IC_5880,LOT_F,W12,8.8549,10.3092,11.603,12.6684,2.1587,2.2952,11.8756,12.1483,50.0,1,1,normal,0
IC_4611,LOT_E,W02,11.3312,12.5576,13.8858,14.083,1.9948,2.012,13.4665,13.336,50.0,1,1,normal,0
IC_4642,LOT_F,W10,10.531,12.1187,13.0505,14.4557,1.9626,2.0013,13.6495,13.7816,50.0,1,1,normal,0
IC_5131,LOT_D,W17,10.0526,10.8439,11.6022,12.5767,2.6216,2.6781,10.546,10.7833,50.0,1,1,normal,0
IC_3486,LOT_F,W16,36.2761,37.4461,38.1984,40.7705,3.9342,4.0029,18.0956,18.1051,50.0,1,1,latent_distribution_outlier,1
IC_4368,LOT_F,W15,75.0461,79.6011,89.8324,100.4429,7.4294,7.737,23.5208,24.0645,50.0,0,0,gross_failure,1
IC_2644,LOT_F,W06,10.3448,11.1292,12.0997,12.9686,1.923,1.9896,14.3507,14.4526,50.0,1,1,normal,0
IC_3426,LOT_D,W05,13.3048,15.1982,16.8297,17.4938,2.3959,2.5001,10.8901,11.1839,50.0,1,1,normal,0
IC_3193,LOT_E,W15,9.083,10.1389,11.5072,11.7749,2.0141,2.0564,11.8261,12.0329,50.0,1,1,normal,0
IC_4228,LOT_F,W18,10.8159,12.0532,13.2441,14.0225,2.4079,2.4627,13.1693,13.295,50.0,1,1,normal,0
IC_5126,LOT_D,W01,9.7337,11.0202,12.579,13.2264,2.7094,2.751,10.6475,10.6121,50.0,1,1,normal,0
IC_2604,LOT_D,W23,8.9423,10.7335,12.1226,12.9559,2.1685,2.2962,10.6733,10.8304,50.0,1,1,normal,0
IC_1871,LOT_F,W09,10.1461,11.3412,12.0983,12.9406,2.0085,2.0895,12.5321,12.6891,50.0,1,1,normal,0
IC_5391,LOT_F,W07,10.4671,11.7284,12.8814,13.2253,2.5481,2.6166,13.3172,13.3989,50.0,1,1,normal,0
IC_4817,LOT_E,W19,9.4914,11.018,12.9186,13.5727,2.2759,2.4399,12.1123,12.3444,50.0,1,1,normal,0
IC_4015,LOT_F,W19,10.3237,11.729,13.4851,14.7062,2.0401,2.1851,13.236,13.3709,50.0,1,1,normal,0
IC_1535,LOT_F,W17,11.6261,16.664,44.7077,83.6146,2.3186,2.6277,15.4784,16.0531,50.0,1,1,early_drifter,1
IC_5250,LOT_F,W11,9.5075,11.2355,12.3123,13.0909,2.081,2.1431,12.5772,12.7921,50.0,1,1,normal,0
IC_1118,LOT_E,W04,9.6581,10.6271,11.526,12.5094,1.8107,1.8372,13.4655,13.5714,50.0,1,1,normal,0
IC_4073,LOT_B,W05,11.0822,11.9843,12.9237,13.3844,2.7245,2.7854,11.5057,11.4053,50.0,1,1,normal,0
IC_1522,LOT_E,W04,10.1172,11.2928,12.3982,13.6196,2.2778,2.3362,11.4578,11.8699,50.0,1,1,normal,0
IC_4852,LOT_F,W24,9.1407,10.0211,10.9879,11.6623,1.9722,2.0343,13.1398,13.117,50.0,1,1,normal,0
IC_2613,LOT_D,W13,10.656,11.9101,13.8388,14.6842,2.6757,2.687,11.4866,11.558,50.0,1,1,normal,0
IC_4298,LOT_B,W04,11.2189,12.2572,13.6523,13.9883,2.5822,2.701,10.8447,11.1303,50.0,1,1,normal,0
IC_1766,LOT_C,W13,36.4144,37.7629,39.6996,40.0435,4.1052,4.1693,15.4706,15.7259,50.0,1,1,latent_distribution_outlier,1
IC_1015,LOT_F,W19,11.2021,12.0835,13.1739,14.0252,2.4231,2.4399,12.95,13.2323,50.0,1,1,normal,0
IC_4029,LOT_D,W11,8.6374,9.9425,11.8997,13.5158,2.3666,2.3907,10.9613,11.28,50.0,1,1,normal,0
IC_4658,LOT_A,W14,9.8209,11.171,12.0678,12.1925,2.7578,2.8063,11.732,11.7541,50.0,1,1,normal,0
IC_1291,LOT_E,W04,7.3623,7.9455,8.9813,9.5654,1.706,1.7225,12.7356,12.9197,50.0,1,1,normal,0
IC_2517,LOT_E,W11,9.8364,10.5338,11.5903,11.9808,2.2315,2.213,12.3688,12.5657,50.0,1,1,normal,0
IC_6072,LOT_E,W22,10.0472,11.1366,12.6355,12.9853,1.9653,2.0485,11.9436,12.0966,50.0,1,1,normal,0
IC_6269,LOT_F,W18,13.0574,14.5468,16.3596,17.5291,2.1328,2.206,14.5233,14.6614,50.0,1,1,normal,0
IC_6435,LOT_F,W24,10.5553,11.7824,12.8024,13.6408,2.0189,2.0512,14.2119,14.3915,50.0,1,1,normal,0
IC_2407,LOT_E,W09,8.4901,9.8589,11.5736,11.6995,2.2461,2.274,11.8987,12.1022,50.0,1,1,normal,0
IC_3716,LOT_E,W12,8.9711,10.0892,11.2251,12.0461,2.2402,2.2842,12.3211,12.5838,50.0,1,1,normal,0
IC_6792,LOT_C,W07,11.614,13.0375,14.0255,15.0037,2.3581,2.3993,12.7964,13.0193,50.0,1,1,normal,0
IC_5662,LOT_E,W21,11.7412,13.1109,14.5658,15.6945,2.2581,2.3177,11.4275,11.6348,50.0,1,1,normal,0
IC_5290,LOT_D,W04,37.4477,39.6209,41.1455,44.5915,4.7097,4.8541,15.8903,16.162,50.0,1,1,latent_distribution_outlier,1
IC_5603,LOT_C,W22,11.9413,13.0424,13.1365,13.7582,2.1661,2.2115,10.9867,11.0988,50.0,1,1,normal,0
IC_3805,LOT_F,W20,11.3719,12.2006,12.9949,13.7278,1.8081,1.9074,12.7699,12.881,50.0,1,1,normal,0
IC_2400,LOT_A,W11,10.0021,10.6982,11.7949,12.4921,2.2652,2.2537,11.525,11.689,50.0,1,1,normal,0
IC_4602,LOT_C,W23,12.6968,14.2811,15.6399,16.5964,1.9514,2.0868,13.4561,13.6317,50.0,1,1,normal,0
IC_2027,LOT_F,W05,8.9166,9.7932,10.8499,11.3232,2.1965,2.2307,12.0904,11.9982,50.0,1,1,normal,0
IC_6945,LOT_E,W14,11.0812,12.2555,13.0049,13.8137,2.18,2.2765,13.1559,13.3882,50.0,1,1,normal,0
IC_2254,LOT_E,W20,9.2495,11.0139,12.032,13.861,2.2726,2.3786,12.3115,12.3906,50.0,1,1,normal,0
IC_6443,LOT_F,W09,7.9386,8.6679,9.6691,9.4189,1.9404,2.0178,12.6451,12.5411,50.0,1,1,normal,0
IC_4136,LOT_E,W08,10.108,11.4301,12.4923,13.3372,2.4298,2.5273,11.8442,12.0921,50.0,1,1,normal,0
IC_3230,LOT_D,W11,8.6221,9.3127,10.0031,10.4965,2.1648,2.2558,12.2846,12.5376,50.0,1,1,normal,0
IC_4291,LOT_F,W10,12.3658,13.6771,15.6149,16.325,2.3523,2.437,13.703,13.9065,50.0,1,1,normal,0
IC_5086,LOT_B,W04,10.9008,12.2741,14.3159,14.79,2.7082,2.7955,11.7345,11.9713,50.0,1,1,normal,0
IC_5069,LOT_D,W15,9.7184,10.7062,11.4047,12.5,2.6713,2.7658,11.6867,11.7444,50.0,1,1,normal,0
IC_1459,LOT_B,W07,5.9598,7.541,9.2823,10.2355,2.3015,2.4365,10.3706,10.6429,50.0,1,1,normal,0
IC_2173,LOT_E,W12,10.0254,11.4738,12.8079,14.1727,2.6281,2.7892,11.8371,12.0956,50.0,1,1,normal,0
IC_5189,LOT_B,W24,8.0806,9.2704,9.8176,10.2611,2.3459,2.442,11.2907,11.4566,50.0,1,1,normal,0
IC_5988,LOT_C,W22,11.7271,13.2881,13.9227,15.0551,2.024,2.1181,11.6718,11.8463,50.0,1,1,normal,0
IC_6839,LOT_A,W14,10.712,11.5077,12.597,12.9888,2.521,2.5856,11.9016,11.9735,50.0,1,1,normal,0
IC_6856,LOT_D,W16,11.0393,11.6901,12.6021,13.3178,2.5213,2.5712,11.5264,11.5521,50.0,1,1,normal,0
IC_2056,LOT_E,W01,37.538,39.3568,41.5879,43.8973,4.25,4.3704,16.1971,16.4773,50.0,1,1,latent_distribution_outlier,1
IC_4439,LOT_A,W16,10.0755,11.4366,12.7456,13.2884,2.3435,2.378,10.5621,10.8231,50.0,1,1,normal,0
IC_5796,LOT_F,W06,10.9268,12.6352,14.148,14.9383,2.1181,2.2166,13.0798,13.2609,50.0,1,1,normal,0
IC_1325,LOT_D,W16,9.7591,10.9335,12.661,13.2106,2.6146,2.6688,12.9331,13.0522,50.0,1,1,normal,0
IC_1953,LOT_B,W15,8.3979,10.1091,11.7233,13.203,2.6209,2.6941,11.6622,11.8823,50.0,1,1,normal,0
IC_4280,LOT_A,W14,12.2974,13.4961,13.462,13.7993,2.9222,3.0012,10.3777,10.4384,50.0,1,1,normal,0
IC_5377,LOT_B,W02,7.8313,8.5296,9.3789,9.869,2.427,2.4421,11.9692,12.0554,50.0,1,1,normal,0
IC_6041,LOT_B,W02,10.686,12.0922,13.7112,15.2116,2.2948,2.3763,10.9107,11.1497,50.0,1,1,normal,0
IC_6855,LOT_E,W21,12.2465,13.2291,13.6198,14.1175,2.3304,2.3722,13.1232,13.1297,50.0,1,1,normal,0
IC_1600,LOT_C,W06,11.3111,12.4764,13.757,14.1324,1.7732,1.832,13.0616,13.2444,50.0,1,1,normal,0
IC_1215,LOT_B,W03,8.7247,10.2662,11.4352,12.4542,2.9055,2.9429,11.2415,11.5193,50.0,1,1,normal,0
IC_5536,LOT_C,W15,11.0759,12.0689,12.4839,12.8195,1.9586,1.9394,10.6131,10.5987,50.0,1,1,normal,0
IC_4321,LOT_F,W16,8.3925,9.2997,10.9782,11.0504,2.0964,2.1843,13.695,13.7737,50.0,1,1,normal,0
IC_3497,LOT_E,W06,12.5447,13.8923,15.3512,15.8734,2.04,2.1283,13.5473,13.6938,50.0,1,1,normal,0
IC_5264,LOT_F,W07,10.0614,11.2797,12.5405,13.0151,2.1603,2.2269,13.3048,13.2261,50.0,1,1,normal,0
IC_1089,LOT_E,W14,36.0274,37.7616,41.118,42.8457,3.8278,3.915,16.3098,16.3683,50.0,1,1,latent_distribution_outlier,1
IC_2961,LOT_A,W13,10.7083,12.4548,14.038,14.7248,2.7142,2.8289,11.589,11.741,50.0,1,1,normal,0
IC_3580,LOT_E,W09,9.9378,10.703,11.7016,12.0624,2.4094,2.493,13.1674,13.1823,50.0,1,1,normal,0
IC_1885,LOT_F,W07,9.4823,10.7686,11.7042,12.4223,1.7173,1.7434,12.8628,12.9373,50.0,1,1,normal,0
IC_2393,LOT_F,W17,13.453,15.0609,16.7338,18.1149,1.8012,1.9009,13.2038,13.5191,50.0,1,1,normal,0
IC_5961,LOT_C,W22,12.4559,13.8531,14.6126,15.5692,2.1488,2.2664,12.8436,12.8914,50.0,1,1,normal,0
IC_6270,LOT_D,W04,11.1508,12.5899,14.1867,15.5355,2.475,2.5709,11.6456,11.8667,50.0,1,1,normal,0
IC_6951,LOT_E,W15,10.6489,11.9696,13.1174,14.7371,1.8853,1.9768,11.969,12.0857,50.0,1,1,normal,0
IC_6841,LOT_E,W05,7.1117,8.7105,10.4847,10.9707,1.7612,1.8713,11.8055,11.9927,50.0,1,1,normal,0
IC_3132,LOT_C,W16,13.5366,14.6191,15.8938,16.296,2.1975,2.2539,12.8165,12.8426,50.0,1,1,normal,0
IC_1108,LOT_B,W11,9.3559,10.4425,10.7177,10.4895,2.6224,2.7147,11.701,12.0371,50.0,1,1,normal,0
IC_2881,LOT_E,W06,9.9919,11.131,12.3503,13.1979,2.2211,2.2858,12.8881,13.1227,50.0,1,1,normal,0
IC_6109,LOT_F,W05,11.9583,13.1893,14.427,15.8748,2.3015,2.3486,14.2437,14.1979,50.0,1,1,normal,0
IC_4877,LOT_B,W05,10.1424,12.3146,13.0034,14.0727,2.7795,2.9115,10.9424,11.1672,50.0,1,1,normal,0
IC_2667,LOT_E,W14,10.8288,11.4837,12.4151,12.2264,2.4217,2.4589,12.2079,12.1216,50.0,1,1,normal,0
IC_2977,LOT_E,W03,10.6418,12.1472,13.1769,14.1772,2.0971,2.1545,13.0947,13.2355,50.0,1,1,normal,0
IC_1570,LOT_A,W17,7.4389,8.921,10.729,11.3785,2.3074,2.3934,11.802,11.8894,50.0,1,1,normal,0
IC_5985,LOT_B,W21,9.8102,11.2331,12.2884,12.7291,2.4791,2.5705,10.6734,10.7305,50.0,1,1,normal,0
IC_3061,LOT_B,W14,11.5161,12.9008,14.3582,15.687,2.781,2.8052,10.9299,11.1034,50.0,1,1,normal,0
IC_2683,LOT_B,W10,9.8006,10.5931,11.7431,12.5583,2.8071,2.8391,12.3433,12.4226,50.0,1,1,normal,0
IC_6626,LOT_E,W05,9.2044,10.8691,12.5274,13.6852,2.1065,2.2002,13.0819,13.254,50.0,1,1,normal,0
IC_3855,LOT_E,W11,7.6576,8.9171,10.6396,10.8745,1.9475,2.0196,12.7963,12.9145,50.0,1,1,normal,0
IC_2379,LOT_F,W07,8.7682,10.3868,11.9116,12.7134,2.084,2.2079,13.1908,13.407,50.0,1,1,normal,0
IC_2562,LOT_F,W02,8.5197,9.6379,11.076,11.834,2.1142,2.2054,13.0231,13.1277,50.0,1,1,normal,0
IC_2378,LOT_B,W01,10.5355,12.0417,13.0505,13.8267,2.6874,2.7723,10.9003,11.0506,50.0,1,1,normal,0
IC_3969,LOT_D,W15,11.5626,12.5798,13.109,14.6734,2.553,2.5533,13.4069,13.6207,50.0,1,1,normal,0
IC_4502,LOT_B,W17,8.0612,9.634,11.0261,12.2398,2.3905,2.5174,12.974,13.2282,50.0,1,1,normal,0
IC_4102,LOT_C,W22,11.4626,12.6932,14.355,14.4232,2.1936,2.2589,11.6659,11.5734,50.0,1,1,normal,0
IC_6605,LOT_F,W18,9.3199,10.9275,12.8023,13.7911,2.2682,2.3766,14.6088,14.7851,50.0,1,1,normal,0
IC_2661,LOT_D,W06,8.0528,9.3905,10.2135,10.4933,2.1621,2.2186,11.1823,11.5107,50.0,1,1,normal,0
IC_3549,LOT_E,W04,10.47,11.225,12.4073,13.5164,2.0819,2.1195,12.6208,12.6079,50.0,1,1,normal,0
IC_1548,LOT_A,W20,9.0095,10.4145,11.8167,12.999,2.7332,2.8028,10.9672,11.0709,50.0,1,1,normal,0
IC_2326,LOT_D,W09,10.0208,11.4232,12.8564,14.2244,2.5081,2.6446,11.8591,12.0894,50.0,1,1,normal,0
IC_5824,LOT_E,W14,11.9519,12.984,14.3153,14.778,2.9799,3.0714,14.0621,14.0903,50.0,1,1,normal,0
IC_3557,LOT_D,W01,10.4389,11.4975,12.2674,13.2764,2.6276,2.6869,11.7944,12.0712,50.0,1,1,normal,0
IC_4331,LOT_F,W16,11.0951,14.277,32.2804,54.9515,2.5003,2.6467,14.03,14.4635,50.0,1,1,early_drifter,1
IC_2504,LOT_A,W16,9.7145,10.6843,11.2145,12.1409,2.4552,2.4535,12.456,12.6176,50.0,1,1,normal,0
IC_5337,LOT_A,W23,10.4497,11.5267,13.0333,14.0181,2.6337,2.7029,11.1759,11.2415,50.0,1,1,normal,0
IC_6458,LOT_F,W21,8.8831,9.9289,10.8941,12.3387,1.698,1.7907,13.7864,13.9235,50.0,1,1,normal,0
IC_1223,LOT_F,W13,12.0373,13.3191,15.0892,16.2336,2.2413,2.296,15.8873,15.943,50.0,1,1,normal,0
IC_6806,LOT_E,W06,10.1991,11.37,12.2552,13.0764,2.2662,2.3512,13.1333,13.4616,50.0,1,1,normal,0
IC_4762,LOT_A,W10,11.9461,17.1368,46.0364,83.6993,1.9541,2.2598,11.9326,12.5284,50.0,1,1,early_drifter,1
IC_1358,LOT_B,W14,6.9997,8.0583,9.1965,10.6689,1.9346,2.0418,10.2178,10.428,50.0,1,1,normal,0
IC_2118,LOT_D,W10,8.5125,10.0893,10.6973,11.893,2.4074,2.5474,11.821,11.7761,50.0,1,1,normal,0
IC_5401,LOT_C,W06,11.9532,17.3501,46.2479,84.4211,1.9267,2.2671,11.4782,11.951,50.0,1,1,early_drifter,1
IC_3091,LOT_B,W06,8.27,9.7399,11.2417,12.6152,2.7628,2.8828,11.5952,11.8945,50.0,1,1,normal,0
IC_3878,LOT_E,W17,8.7201,10.4021,11.9761,13.4128,2.2667,2.3274,11.7099,12.0819,50.0,1,1,normal,0
IC_6258,LOT_A,W15,10.2803,11.7371,12.9665,13.7413,2.4049,2.4982,10.6969,11.0027,50.0,1,1,normal,0
IC_3836,LOT_A,W05,7.2743,8.2778,9.2897,10.4431,2.1714,2.2072,9.9651,10.1495,50.0,1,1,normal,0
IC_6242,LOT_F,W15,10.0908,11.234,12.1473,13.6759,2.1979,2.2992,13.4738,13.6473,50.0,1,1,normal,0
IC_6053,LOT_A,W13,8.4342,9.9546,11.5974,12.9334,2.9758,3.0491,11.6459,11.8353,50.0,1,1,normal,0
IC_4880,LOT_B,W02,7.814,9.0998,10.4901,11.8662,2.3547,2.4257,9.6368,9.8901,50.0,1,1,normal,0
IC_2275,LOT_C,W01,11.1513,12.567,14.1275,15.1426,2.6196,2.7006,11.7684,11.9495,50.0,1,1,normal,0
IC_6859,LOT_F,W23,10.3107,11.3704,12.6785,13.1551,1.8317,1.9094,14.4317,14.5326,50.0,1,1,normal,0
IC_1704,LOT_B,W03,10.5892,11.9015,12.8296,13.6332,2.7735,2.8218,12.9068,12.9868,50.0,1,1,normal,0
IC_3156,LOT_E,W20,11.2955,12.3067,13.5994,13.8512,2.0898,2.1247,12.7497,12.7819,50.0,1,1,normal,0
IC_1814,LOT_C,W04,11.199,12.5231,13.4069,14.0682,2.1116,2.2016,11.8944,12.0709,50.0,1,1,normal,0
IC_2831,LOT_F,W24,12.9231,13.9983,15.5688,16.1482,2.0454,2.1228,13.3506,13.5303,50.0,1,1,normal,0
IC_6624,LOT_C,W14,9.8375,14.4677,42.9377,80.9698,1.9737,2.2272,11.6837,12.2619,50.0,1,1,early_drifter,1
IC_5040,LOT_E,W01,8.1213,11.8272,31.8422,58.9162,2.0905,2.3724,12.4437,12.8223,50.0,1,1,early_drifter,1
IC_6659,LOT_C,W13,11.274,12.7627,14.704,14.992,2.3456,2.4723,11.7751,11.9025,50.0,1,1,normal,0
IC_6946,LOT_D,W11,15.1055,16.489,18.2103,19.7053,2.7995,2.8574,12.006,12.086,50.0,1,1,normal,0
IC_1853,LOT_E,W07,9.9381,11.5108,12.5444,13.2477,2.5778,2.6747,12.2581,12.4447,50.0,1,1,normal,0
IC_5903,LOT_D,W01,8.5881,9.7446,10.5144,10.9871,2.4242,2.5226,11.4862,11.698,50.0,1,1,normal,0
IC_4495,LOT_B,W20,5.5571,6.5578,7.9572,8.1543,1.7591,1.8532,9.8604,9.9621,50.0,1,1,normal,0
IC_4727,LOT_D,W23,10.0522,11.3862,13.2066,13.7629,2.3229,2.4536,11.7883,12.0094,50.0,1,1,normal,0
IC_5557,LOT_C,W02,12.7141,14.6024,16.0611,17.0223,1.9208,2.0602,12.4259,12.8287,50.0,1,1,normal,0
IC_1852,LOT_D,W08,9.538,11.1336,11.9805,13.3217,2.4796,2.5309,10.7283,10.6532,50.0,1,1,normal,0
IC_1571,LOT_C,W09,12.4471,15.9858,37.4038,64.522,2.1203,2.3803,12.2628,12.577,50.0,1,1,early_drifter,1
IC_4776,LOT_D,W02,9.5317,10.819,11.7636,12.8768,2.5442,2.6329,12.6911,12.9182,50.0,1,1,normal,0
IC_1374,LOT_C,W11,9.3973,10.6975,11.9938,13.0681,1.9166,2.0172,10.9949,11.2628,50.0,1,1,normal,0
IC_1298,LOT_E,W06,8.2813,9.2652,9.5604,10.5238,1.9087,2.0008,13.2702,13.2807,50.0,1,1,normal,0
IC_5200,LOT_C,W03,11.0643,12.2574,13.0159,13.5609,2.2187,2.3364,11.348,11.4287,50.0,1,1,normal,0
IC_1587,LOT_C,W15,11.9235,13.7531,15.291,16.3349,2.1974,2.3357,10.7829,11.0123,50.0,1,1,normal,0
IC_1111,LOT_F,W08,12.2947,13.2838,14.6947,14.8512,2.6292,2.7649,13.3929,13.5898,50.0,1,1,normal,0
IC_4273,LOT_E,W06,9.2239,10.1419,10.6697,11.069,2.2071,2.2328,13.0793,13.3604,50.0,1,1,normal,0
IC_1361,LOT_B,W21,7.7047,8.9982,9.8871,11.1063,2.1991,2.275,12.8832,13.2022,50.0,1,1,normal,0
IC_2452,LOT_A,W17,7.5357,9.3194,10.6785,12.0138,2.2242,2.3686,11.3282,11.5638,50.0,1,1,normal,0
IC_2205,LOT_E,W16,11.3645,11.949,12.7466,12.7337,2.4641,2.5722,12.4278,12.4614,50.0,1,1,normal,0
IC_2980,LOT_B,W12,8.7626,9.9616,11.2211,11.8507,2.4983,2.541,12.8645,12.8929,50.0,1,1,normal,0
IC_4209,LOT_F,W13,12.4533,14.0042,14.7777,15.7099,2.0598,2.1412,14.6799,14.6779,50.0,1,1,normal,0
IC_5188,LOT_E,W14,8.9722,10.3103,11.2557,13.0822,2.7184,2.7518,12.4661,12.5384,50.0,1,1,normal,0
IC_5052,LOT_E,W03,11.7418,12.3082,13.7059,14.7967,2.2459,2.3053,13.1705,13.1568,50.0,1,1,normal,0
IC_6380,LOT_F,W19,10.6172,11.8307,13.0824,13.5058,2.2476,2.3181,12.5645,12.9107,50.0,1,1,normal,0
IC_5042,LOT_D,W19,8.495,9.7352,11.6305,13.107,2.6333,2.6725,10.9436,11.138,50.0,1,1,normal,0
IC_4299,LOT_A,W20,6.9424,8.0166,9.2912,9.6496,2.3248,2.4204,9.7608,9.828,50.0,1,1,normal,0
IC_3165,LOT_A,W22,7.8175,8.7174,9.6804,10.0857,2.6095,2.6211,12.0298,12.1562,50.0,1,1,normal,0
IC_6064,LOT_B,W17,6.7467,7.8757,9.3646,9.9607,2.3067,2.3916,11.3732,11.4446,50.0,1,1,normal,0
IC_2723,LOT_E,W12,5.7996,6.2699,7.4203,8.467,1.9754,2.0164,12.0344,12.0281,50.0,1,1,normal,0
IC_4948,LOT_A,W17,10.969,12.5792,13.8578,15.3244,2.7712,2.8831,10.8369,11.0004,50.0,1,1,normal,0
IC_2693,LOT_B,W03,8.027,9.2571,10.3535,11.1056,2.3251,2.4071,12.0305,12.0078,50.0,1,1,normal,0
IC_1736,LOT_C,W05,13.9135,15.148,16.9991,17.7109,2.4081,2.4945,11.3356,11.4105,50.0,1,1,normal,0
IC_5141,LOT_B,W10,33.3172,34.9018,36.4957,37.688,4.3623,4.423,14.1975,14.2875,50.0,1,1,latent_distribution_outlier,1
IC_6061,LOT_B,W07,9.5202,10.5071,11.9995,12.6867,2.3045,2.3845,11.9008,12.2088,50.0,1,1,normal,0
IC_2140,LOT_B,W14,10.1291,11.5638,13.0187,13.9592,2.3186,2.3515,11.2796,11.5627,50.0,1,1,normal,0
IC_2836,LOT_E,W06,10.9934,11.8654,13.2526,13.8992,2.301,2.2851,12.2479,12.4606,50.0,1,1,normal,0
IC_5192,LOT_F,W13,37.4873,38.9991,38.8796,40.1319,4.1227,4.2367,16.8234,17.0457,50.0,1,1,latent_distribution_outlier,1
IC_3231,LOT_F,W07,9.2187,11.0477,12.104,12.6464,2.1417,2.2162,12.5713,12.8864,50.0,1,1,normal,0
IC_3489,LOT_D,W20,9.2161,14.9462,48.891,92.5654,2.6336,2.972,10.992,11.7691,50.0,1,1,early_drifter,1
IC_6994,LOT_E,W18,12.6247,13.8922,15.3281,16.205,2.4814,2.5683,12.7177,12.9348,50.0,1,1,normal,0
IC_3906,LOT_D,W02,8.9118,10.0835,11.0239,11.5439,2.7018,2.7654,12.2872,12.3799,50.0,1,1,normal,0
IC_5152,LOT_A,W21,12.059,13.0682,14.0291,15.0095,2.8766,2.9147,12.1627,12.3505,50.0,1,1,normal,0
IC_3068,LOT_E,W14,9.8633,11.169,13.2089,14.1755,1.8763,1.8889,12.2988,12.5134,50.0,1,1,normal,0
IC_2298,LOT_C,W21,12.6594,13.9541,14.7002,15.2818,2.4609,2.5516,11.7703,12.0159,50.0,1,1,normal,0
IC_3942,LOT_A,W01,32.485,34.6018,37.3902,39.4071,4.4223,4.5537,14.8933,15.0511,50.0,1,1,latent_distribution_outlier,1
IC_3434,LOT_B,W22,8.443,9.821,12.1658,12.9396,2.5292,2.6193,10.9637,11.1245,50.0,1,1,normal,0
IC_2897,LOT_D,W04,52.4109,58.0244,66.8016,88.1273,6.1857,6.53,17.1724,17.6065,50.0,0,0,gross_failure,1
IC_6587,LOT_D,W24,8.6549,10.1055,10.8476,11.4863,2.7873,2.8281,11.9888,12.0535,50.0,1,1,normal,0
IC_6076,LOT_A,W22,10.0615,10.5195,11.646,11.6544,2.5447,2.576,10.6131,10.4132,50.0,1,1,normal,0
IC_1462,LOT_C,W05,46.484,48.8376,51.8111,52.2974,5.3573,5.4581,18.8467,19.017,50.0,1,1,latent_distribution_outlier,1
IC_5522,LOT_B,W07,9.1012,10.5353,11.8428,11.809,2.0249,2.1148,10.8234,10.9984,50.0,1,1,normal,0
IC_6889,LOT_E,W16,10.7117,11.8831,12.9831,13.9755,2.4643,2.5701,12.7918,12.8558,50.0,1,1,normal,0
IC_4258,LOT_F,W12,83.4892,91.1996,100.3626,111.2369,7.4621,7.9706,24.1043,25.0603,50.0,0,0,gross_failure,1
IC_6341,LOT_A,W23,8.994,9.7549,11.2412,11.1674,2.831,2.8649,11.1801,11.279,50.0,1,1,normal,0
IC_3182,LOT_F,W22,10.7534,11.723,12.3883,13.0169,1.8766,1.8893,11.8977,12.1165,50.0,1,1,normal,0
IC_5407,LOT_A,W04,10.4767,11.5382,12.9748,13.5493,2.8148,2.8184,11.4341,11.699,50.0,1,1,normal,0
IC_2166,LOT_E,W05,10.1487,10.9738,12.0712,12.7802,2.3865,2.4131,12.0873,12.2345,50.0,1,1,normal,0
IC_4120,LOT_B,W22,9.0602,10.2475,11.07,12.26,2.4982,2.5804,11.8291,12.224,50.0,1,1,normal,0
IC_4777,LOT_A,W07,9.5381,9.9948,11.2353,11.5366,2.1905,2.209,11.9423,12.105,50.0,1,1,normal,0
IC_3244,LOT_C,W13,10.7993,12.5281,14.4105,14.7512,2.1673,2.2991,10.892,11.0593,50.0,1,1,normal,0
IC_6956,LOT_C,W06,10.294,11.8413,13.3516,13.8047,2.1421,2.2326,11.3498,11.5543,50.0,1,1,normal,0
IC_6484,LOT_B,W20,6.1803,7.1163,9.0658,9.0596,2.3476,2.4307,9.5921,9.6954,50.0,1,1,normal,0
IC_3694,LOT_C,W23,11.6953,12.1767,13.1924,13.7506,2.3146,2.3203,11.4092,11.5704,50.0,1,1,normal,0
IC_3144,LOT_A,W19,8.4264,9.2126,9.9414,11.5604,2.3201,2.4366,12.0176,12.0393,50.0,1,1,normal,0
IC_2804,LOT_B,W13,65.1033,72.4608,79.2715,107.7214,6.8733,7.349,18.1825,19.0045,50.0,0,0,gross_failure,1
IC_3676,LOT_D,W07,12.2089,13.7795,15.0438,15.5441,2.6938,2.7752,11.7624,12.0923,50.0,1,1,normal,0
IC_2319,LOT_F,W11,11.6288,13.429,14.7304,16.3564,2.1665,2.2573,14.9723,15.2054,50.0,1,1,normal,0
IC_3171,LOT_C,W07,45.2178,47.4934,48.3715,49.8926,4.9727,5.0796,16.4208,16.6032,50.0,1,1,latent_distribution_outlier,1
IC_3587,LOT_F,W11,10.1284,10.9906,11.7517,11.7129,2.1948,2.2494,13.1646,13.1615,50.0,1,1,normal,0
IC_6131,LOT_C,W24,9.5784,10.9492,13.0631,13.2019,1.9193,1.995,11.0041,11.2585,50.0,1,1,normal,0
IC_6629,LOT_E,W04,10.2354,11.4398,12.278,13.5376,1.8591,1.8832,13.0585,13.0789,50.0,1,1,normal,0
IC_2026,LOT_C,W16,9.7869,13.7331,35.8447,67.5822,2.4249,2.6318,10.5049,10.8653,50.0,1,1,early_drifter,1
IC_3462,LOT_E,W24,10.5553,11.096,12.0473,12.7503,2.4597,2.4708,12.6666,12.8001,50.0,1,1,normal,0
IC_1765,LOT_F,W07,11.8511,12.9799,14.3129,14.9245,1.9436,1.9809,15.0879,15.2564,50.0,1,1,normal,0
IC_2989,LOT_D,W18,9.4486,10.5068,11.0618,12.4097,2.6114,2.7054,10.878,11.137,50.0,1,1,normal,0
IC_4269,LOT_E,W08,36.9526,38.6433,40.9522,41.8267,4.225,4.3608,16.4171,16.5236,50.0,1,1,latent_distribution_outlier,1
IC_3008,LOT_D,W09,10.1096,14.9056,39.9034,73.1555,2.4937,2.7671,12.5393,12.8778,50.0,1,1,early_drifter,1
IC_2650,LOT_F,W23,9.7803,10.6489,12.3767,12.6103,2.0598,2.082,13.0481,12.9773,50.0,1,1,normal,0
IC_4190,LOT_B,W19,9.3976,10.8795,12.0328,12.4638,2.9594,3.0801,9.8856,10.0141,50.0,1,1,normal,0
IC_6342,LOT_A,W14,9.062,10.4176,12.2622,13.0983,2.4882,2.4727,11.289,11.3806,50.0,1,1,normal,0
IC_2208,LOT_F,W05,9.5878,10.8537,12.1364,13.2256,2.2266,2.3849,14.5633,14.8638,50.0,1,1,normal,0
IC_2963,LOT_A,W06,12.9214,14.654,15.9811,16.7975,2.6681,2.7604,12.3549,12.6162,50.0,1,1,normal,0
IC_1332,LOT_D,W11,12.2176,13.0049,14.2908,14.4118,2.127,2.1745,12.7399,12.8482,50.0,1,1,normal,0
IC_3871,LOT_C,W08,10.3934,11.7014,13.053,13.7098,2.1088,2.2522,11.3696,11.5231,50.0,1,1,normal,0
IC_4408,LOT_E,W17,39.3197,40.4698,41.2688,42.2242,4.2774,4.3948,17.0222,16.9604,50.0,1,1,latent_distribution_outlier,1
IC_5112,LOT_B,W16,8.544,10.102,10.5455,11.5528,2.4657,2.5726,10.7038,10.9587,50.0,1,1,normal,0
IC_6015,LOT_D,W01,11.5097,12.6834,13.4324,14.3762,2.4727,2.5342,12.4628,12.713,50.0,1,1,normal,0
IC_2765,LOT_C,W05,9.6749,10.4409,10.9997,12.2248,1.9535,1.9597,12.1966,12.3253,50.0,1,1,normal,0
IC_1919,LOT_A,W12,7.8507,9.6268,11.4605,11.7595,2.6151,2.7851,9.9176,10.075,50.0,1,1,normal,0
IC_2544,LOT_F,W24,10.7366,12.5461,14.0774,14.7047,2.3512,2.4215,14.5183,14.8038,50.0,1,1,normal,0
IC_1951,LOT_F,W13,10.9403,11.7224,12.9098,13.0065,2.2881,2.3475,13.3684,13.4888,50.0,1,1,normal,0
IC_2079,LOT_C,W23,10.9023,14.409,32.3125,56.9756,2.0823,2.2756,12.1259,12.3687,50.0,1,1,early_drifter,1
IC_6376,LOT_F,W09,10.8321,11.7639,13.202,14.1776,1.9898,2.0371,13.0884,13.1282,50.0,1,1,normal,0
IC_2959,LOT_F,W24,33.8354,35.4605,36.2478,36.0771,3.9079,3.942,15.7653,15.9753,50.0,1,1,latent_distribution_outlier,1
IC_3035,LOT_E,W16,40.6093,42.8613,45.28,47.3012,4.8403,4.9654,18.3676,18.6002,50.0,1,1,latent_distribution_outlier,1
IC_3908,LOT_C,W01,11.7324,12.9524,14.4681,14.8404,2.0275,2.1178,11.6049,11.7982,50.0,1,1,normal,0
IC_4203,LOT_B,W24,6.8421,7.7499,9.0457,10.354,2.1887,2.2275,9.0129,9.0598,50.0,1,1,normal,0
IC_1136,LOT_B,W07,9.7975,10.7486,11.666,12.5209,2.4625,2.5247,9.9835,10.0275,50.0,1,1,normal,0
IC_1706,LOT_C,W17,10.353,10.9537,11.8202,13.0642,2.2391,2.2004,11.3294,11.4732,50.0,1,1,normal,0
IC_3973,LOT_B,W18,8.7492,10.6779,12.1639,14.0787,2.4111,2.5489,9.6224,9.9316,50.0,1,1,normal,0
IC_3131,LOT_E,W22,12.2139,13.5405,14.3498,15.321,2.7927,2.8819,13.3452,13.5746,50.0,1,1,normal,0
IC_5596,LOT_F,W05,10.9834,12.208,13.4085,14.3908,2.386,2.424,13.0093,13.1883,50.0,1,1,normal,0
IC_1412,LOT_F,W22,9.5933,11.0199,12.2854,12.9852,2.2615,2.3506,12.9821,13.3362,50.0,1,1,normal,0
IC_4282,LOT_E,W22,11.9474,12.4866,13.4946,13.9994,2.4014,2.4582,13.0029,13.0685,50.0,1,1,normal,0
IC_3647,LOT_A,W07,12.2878,13.1567,14.1008,14.4397,2.8645,2.8645,12.1956,12.3492,50.0,1,1,normal,0
IC_4201,LOT_B,W11,7.0428,8.4677,10.0248,10.6828,2.5386,2.6251,11.7377,11.7948,50.0,1,1,normal,0
IC_3152,LOT_A,W09,9.9036,11.4631,12.7707,14.0136,2.6103,2.6701,12.3552,12.5047,50.0,1,1,normal,0
IC_2760,LOT_F,W23,10.6696,12.0087,13.4504,14.2987,2.6587,2.7477,12.6993,12.799,50.0,1,1,normal,0
IC_2621,LOT_D,W05,8.3993,9.7615,10.8633,11.5258,2.5975,2.6538,10.8797,10.9836,50.0,1,1,normal,0
IC_5562,LOT_B,W23,5.6388,6.6123,7.3504,8.3769,2.1901,2.1849,11.478,11.7876,50.0,1,1,normal,0
IC_5841,LOT_F,W04,10.517,11.8512,12.9001,13.5391,1.8136,1.8897,13.2516,13.3101,50.0,1,1,normal,0
IC_1389,LOT_B,W10,41.4712,42.5349,44.9073,46.6103,4.8046,4.8648,17.5973,17.6155,50.0,1,1,latent_distribution_outlier,1
IC_1709,LOT_D,W21,77.8692,87.0469,98.6283,113.3098,8.095,8.6942,21.5245,22.6171,50.0,0,0,gross_failure,1
IC_4569,LOT_E,W17,9.1106,10.0845,10.6064,10.8998,2.3291,2.4183,12.4512,12.5837,50.0,1,1,normal,0
IC_3118,LOT_E,W07,10.0764,10.76,12.3261,12.1357,2.5017,2.5779,12.4761,12.4103,50.0,1,1,normal,0
IC_5995,LOT_B,W03,11.1118,12.2465,13.5305,14.4857,2.4425,2.5013,11.5494,11.7046,50.0,1,1,normal,0
IC_1359,LOT_E,W04,7.6732,8.4885,9.1456,10.2392,2.5873,2.6111,12.1393,12.2027,50.0,1,1,normal,0
IC_5943,LOT_F,W20,9.9919,11.0294,12.0639,12.4595,1.7725,1.8495,13.3822,13.4852,50.0,1,1,normal,0
IC_2372,LOT_A,W17,10.5641,11.4177,12.4942,12.8271,2.5572,2.6318,11.0292,10.9969,50.0,1,1,normal,0
IC_1350,LOT_F,W04,12.4551,16.0529,36.8462,63.8153,2.3557,2.6126,14.6075,15.1947,50.0,1,1,early_drifter,1
IC_6478,LOT_B,W19,10.3296,11.6455,12.8808,13.571,2.6556,2.6991,12.9213,13.0712,50.0,1,1,normal,0
IC_3066,LOT_B,W21,7.587,12.4924,39.6349,74.4642,2.6325,3.0173,11.1915,11.6756,50.0,1,1,early_drifter,1
IC_3733,LOT_F,W04,11.6833,16.1511,39.9173,74.519,2.5881,2.8794,12.5539,12.9686,50.0,1,1,early_drifter,1
IC_5463,LOT_E,W14,11.6946,13.4063,15.075,15.4192,2.379,2.4368,12.1326,12.4699,50.0,1,1,normal,0
IC_2142,LOT_A,W06,7.551,8.3068,9.4709,9.432,1.9472,1.9979,10.2176,10.1667,50.0,1,1,normal,0
IC_4149,LOT_E,W11,9.1482,10.5648,12.4491,12.3619,1.8609,1.9197,12.2203,12.6227,50.0,1,1,normal,0
IC_2164,LOT_F,W02,9.4724,10.6503,12.3986,13.3775,1.7513,1.7809,13.5939,13.6983,50.0,1,1,normal,0
IC_6948,LOT_F,W13,7.5071,8.3761,9.2907,9.9548,1.8781,1.9019,12.5388,12.5608,50.0,1,1,normal,0
IC_1721,LOT_E,W08,9.5001,10.7719,12.3808,13.7783,2.2183,2.271,12.9354,13.209,50.0,1,1,normal,0
IC_4467,LOT_B,W05,8.0829,9.3795,10.6307,11.7894,2.2284,2.3033,13.0517,13.2722,50.0,1,1,normal,0
IC_6607,LOT_D,W02,11.7272,13.2677,14.7797,15.8191,2.37,2.5088,12.3853,12.6109,50.0,1,1,normal,0
IC_4597,LOT_C,W02,10.0741,11.1811,12.2073,12.6952,1.8502,1.9086,11.2489,11.4199,50.0,1,1,normal,0
IC_5857,LOT_E,W22,9.959,11.4238,12.9284,13.6486,1.8175,1.9028,11.7385,11.9145,50.0,1,1,normal,0
IC_3852,LOT_E,W06,9.6855,10.4059,11.4548,11.867,1.6549,1.6935,12.4359,12.6159,50.0,1,1,normal,0
IC_5826,LOT_A,W18,12.5989,13.7132,13.9858,15.0396,3.0478,3.0993,11.4601,11.5477,50.0,1,1,normal,0
IC_2770,LOT_B,W22,8.7062,9.8139,10.6953,11.3881,2.298,2.3641,8.7726,8.8317,50.0,1,1,normal,0
IC_4328,LOT_F,W07,10.2409,11.7075,13.4953,14.0137,1.7893,1.9066,12.5958,12.9347,50.0,1,1,normal,0
IC_2685,LOT_B,W16,9.1877,10.6911,11.9144,13.0379,2.3758,2.4599,11.0283,11.0572,50.0,1,1,normal,0
IC_3194,LOT_B,W11,8.2068,9.8596,11.6876,12.5213,2.3404,2.4194,10.9077,10.9214,50.0,1,1,normal,0
IC_1221,LOT_F,W22,8.1462,9.6983,11.4446,12.0486,2.2691,2.346,12.9895,13.1692,50.0,1,1,normal,0
IC_1487,LOT_B,W16,9.3758,10.5219,11.9536,12.9253,2.6559,2.7069,9.6028,9.851,50.0,1,1,normal,0
IC_2104,LOT_F,W04,10.2966,12.0874,13.7049,14.1291,1.8072,1.9131,14.1297,14.4654,50.0,1,1,normal,0
IC_4631,LOT_A,W24,11.3428,12.7253,13.6457,14.591,3.2181,3.2817,11.166,11.2786,50.0,1,1,normal,0
IC_1900,LOT_A,W20,12.3448,13.473,14.4067,14.9512,2.9463,3.0515,13.635,13.7775,50.0,1,1,normal,0
IC_4665,LOT_E,W14,9.2148,9.9826,11.6016,11.1499,1.894,1.9867,12.4057,12.5103,50.0,1,1,normal,0
IC_5352,LOT_B,W16,38.1269,40.3892,43.2809,44.4575,4.9822,5.1929,14.6384,14.8245,50.0,1,1,latent_distribution_outlier,1
IC_6875,LOT_F,W04,8.6005,9.6275,10.8706,11.2932,1.8622,1.9583,12.6625,12.7063,50.0,1,1,normal,0
IC_3657,LOT_F,W18,11.8098,12.8444,14.2465,14.4405,2.0703,2.1932,12.5725,12.7488,50.0,1,1,normal,0
IC_1352,LOT_D,W12,9.5323,15.0511,42.7113,80.4377,2.3306,2.631,10.8928,11.5375,50.0,1,1,early_drifter,1
IC_6476,LOT_C,W20,10.8981,12.0689,13.5955,13.6818,2.3815,2.4283,11.3754,11.6283,50.0,1,1,normal,0
IC_3161,LOT_A,W20,7.7473,9.0168,10.086,11.3565,2.2701,2.3738,11.8362,11.857,50.0,1,1,normal,0
IC_3705,LOT_D,W16,9.0296,10.3781,10.884,11.5878,2.2651,2.298,10.3204,10.4695,50.0,1,1,normal,0
IC_5789,LOT_B,W01,9.4997,10.5702,12.1655,13.5416,2.5979,2.654,12.3667,12.4295,50.0,1,1,normal,0
IC_6127,LOT_C,W05,10.7078,12.4984,13.2595,14.6433,2.2467,2.3794,12.5754,12.728,50.0,1,1,normal,0
IC_4352,LOT_D,W12,10.4999,11.0752,12.0808,13.1832,2.705,2.7187,12.2419,12.3388,50.0,1,1,normal,0
IC_5959,LOT_B,W12,9.7858,15.1897,43.1064,80.014,2.9122,3.2422,11.0892,11.8121,50.0,1,1,early_drifter,1
IC_3513,LOT_F,W02,11.1824,14.9267,34.4922,59.489,2.6365,2.8594,13.2332,13.6893,50.0,1,1,early_drifter,1
IC_1944,LOT_B,W18,9.6087,10.868,12.3279,13.6736,2.8608,2.971,10.0127,10.2137,50.0,1,1,normal,0
IC_3459,LOT_E,W23,10.1447,11.2609,12.132,13.3035,1.984,2.0529,14.0289,14.1064,50.0,1,1,normal,0
IC_5897,LOT_B,W02,6.8682,8.0524,9.7177,10.9075,2.1136,2.1385,11.3637,11.6387,50.0,1,1,normal,0
IC_1936,LOT_C,W02,10.8592,11.4882,12.5968,13.2713,2.0749,2.0709,11.3724,11.3405,50.0,1,1,normal,0
IC_5305,LOT_D,W21,10.1444,11.3714,13.1655,14.2353,2.1556,2.2354,11.5126,11.65,50.0,1,1,normal,0
IC_1335,LOT_E,W17,10.0101,10.9604,11.8904,12.2797,2.3982,2.4435,12.6043,12.6772,50.0,1,1,normal,0
IC_1243,LOT_D,W10,10.6793,11.7175,12.7554,13.937,2.2451,2.332,12.1471,12.2089,50.0,1,1,normal,0
IC_3804,LOT_E,W08,10.7161,11.7047,12.9706,13.6235,2.3591,2.4366,13.348,13.5294,50.0,1,1,normal,0
IC_6621,LOT_D,W05,11.3402,13.0206,15.0587,16.146,2.1679,2.2767,11.1958,11.3365,50.0,1,1,normal,0
IC_1018,LOT_B,W11,8.5167,9.3617,9.9666,10.5679,2.3221,2.3551,10.4061,10.5975,50.0,1,1,normal,0
IC_2591,LOT_D,W19,11.4472,13.0365,14.2403,15.0444,2.6217,2.6926,11.3373,11.6309,50.0,1,1,normal,0
IC_3499,LOT_B,W23,7.6197,8.5595,9.8432,11.486,2.2636,2.3342,10.6349,10.863,50.0,1,1,normal,0
IC_3693,LOT_B,W07,8.1182,8.7431,9.7422,10.0705,2.249,2.326,8.739,8.8463,50.0,1,1,normal,0
IC_3876,LOT_E,W19,9.3529,12.6818,31.4508,58.1176,2.4391,2.6221,12.4663,12.8794,50.0,1,1,early_drifter,1
IC_6190,LOT_E,W04,8.1997,9.0882,9.9952,10.3604,1.4741,1.4924,13.5452,13.6347,50.0,1,1,normal,0
IC_5939,LOT_D,W11,10.0905,11.569,12.7591,14.5592,2.458,2.5575,11.7633,11.9485,50.0,1,1,normal,0
IC_5148,LOT_D,W07,10.6206,12.5024,13.9607,14.6133,2.5442,2.6849,12.5383,12.7851,50.0,1,1,normal,0
IC_6668,LOT_D,W05,10.3725,12.0233,13.255,14.1157,2.4372,2.5811,11.4731,11.6829,50.0,1,1,normal,0
IC_2310,LOT_E,W24,12.5005,13.3629,14.3345,15.4042,2.4899,2.5796,12.8492,12.8257,50.0,1,1,normal,0
IC_3285,LOT_D,W11,8.3452,9.8235,11.3886,12.2613,2.6983,2.8381,12.0107,12.307,50.0,1,1,normal,0
IC_4828,LOT_F,W15,9.5551,10.8517,11.3991,12.4937,2.1996,2.2776,13.3395,13.6345,50.0,1,1,normal,0
IC_6720,LOT_C,W10,12.1787,13.7657,15.3896,16.3497,1.8349,1.9198,11.2876,11.4731,50.0,1,1,normal,0
IC_6511,LOT_F,W19,10.1577,11.6099,13.4617,13.4414,1.5977,1.7211,13.3491,13.4588,50.0,1,1,normal,0
IC_4438,LOT_E,W05,9.997,11.4472,12.7473,14.0486,2.3008,2.3722,12.9502,13.0191,50.0,1,1,normal,0
IC_3772,LOT_A,W19,12.4326,13.4083,15.4415,15.9731,2.6301,2.6854,12.0402,12.225,50.0,1,1,normal,0
IC_2895,LOT_C,W14,9.7816,11.1893,12.7492,13.8301,2.2808,2.3604,10.9685,11.1357,50.0,1,1,normal,0
IC_6192,LOT_E,W18,10.3473,11.6923,12.5185,13.4753,2.1307,2.18,12.8968,13.2013,50.0,1,1,normal,0
IC_5130,LOT_B,W23,9.198,10.2105,10.1343,11.9502,2.6464,2.6927,12.0438,12.1519,50.0,1,1,normal,0
IC_1129,LOT_A,W17,9.7858,11.1125,12.544,12.8594,2.5668,2.6661,11.0839,11.1571,50.0,1,1,normal,0
IC_4406,LOT_F,W15,7.7268,8.8874,10.5627,11.1437,1.6827,1.7588,13.0149,13.2241,50.0,1,1,normal,0
IC_2431,LOT_D,W03,11.1329,12.7811,14.2916,15.0577,2.5491,2.6302,11.2435,11.441,50.0,1,1,normal,0
IC_3435,LOT_A,W21,10.0379,10.8426,11.5905,12.5302,2.302,2.3464,11.4532,11.5614,50.0,1,1,normal,0
IC_6984,LOT_A,W09,12.1618,13.1819,14.1559,14.9288,2.5236,2.6121,12.0548,12.1215,50.0,1,1,normal,0
IC_5910,LOT_C,W22,10.3927,11.8684,13.449,14.9502,2.0719,2.1298,12.9699,13.165,50.0,1,1,normal,0
IC_4477,LOT_B,W08,8.619,10.2649,11.6727,12.7468,2.1752,2.2788,11.0715,11.3291,50.0,1,1,normal,0
IC_1687,LOT_E,W05,57.8941,67.7535,78.3957,92.4021,5.8472,6.4924,19.0683,20.1654,50.0,0,0,gross_failure,1
IC_6228,LOT_B,W07,7.8246,8.4602,8.9242,9.366,2.3311,2.401,11.4791,11.653,50.0,1,1,normal,0
IC_5569,LOT_A,W04,11.5177,12.2504,12.7592,13.769,2.8929,2.9289,11.4747,11.5005,50.0,1,1,normal,0
IC_2552,LOT_F,W07,9.4868,10.7741,11.8416,12.5945,1.8809,1.9229,12.8688,13.0706,50.0,1,1,normal,0
IC_5220,LOT_A,W13,10.2441,11.9448,13.2891,14.3311,2.6347,2.7304,11.4552,11.6829,50.0,1,1,normal,0
IC_4559,LOT_C,W07,9.0928,10.5655,11.9053,12.478,2.0339,2.111,12.4864,12.6628,50.0,1,1,normal,0
IC_2032,LOT_C,W18,10.6964,11.6731,12.681,13.643,1.9035,2.0269,11.4371,11.4895,50.0,1,1,normal,0
IC_3529,LOT_A,W09,7.8742,9.6958,11.5067,12.7691,3.109,3.1956,9.8461,10.093,50.0,1,1,normal,0
IC_2454,LOT_A,W21,9.0172,9.881,11.0231,10.8468,2.3037,2.3557,12.4623,12.4603,50.0,1,1,normal,0
IC_4441,LOT_F,W12,10.3876,11.8732,13.1779,14.0658,1.9521,2.0393,12.7718,12.938,50.0,1,1,normal,0
IC_3818,LOT_D,W13,8.0967,9.4126,11.1526,11.9299,2.3082,2.4218,11.0426,11.2865,50.0,1,1,normal,0
IC_4334,LOT_C,W22,10.7029,11.4854,12.2726,12.5479,2.1169,2.2327,12.5957,12.8238,50.0,1,1,normal,0
IC_5720,LOT_D,W01,9.6589,10.6874,11.0383,11.71,2.0735,2.0888,10.4181,10.5834,50.0,1,1,normal,0
IC_2260,LOT_C,W23,10.4983,11.6509,12.8723,13.7026,2.041,2.0888,11.2924,11.3942,50.0,1,1,normal,0
IC_4253,LOT_D,W16,10.9735,12.6464,14.111,14.7214,2.6654,2.8219,12.5438,12.8684,50.0,1,1,normal,0
IC_4572,LOT_C,W19,11.6642,12.9989,14.1916,15.9053,2.3082,2.4138,12.6167,12.7807,50.0,1,1,normal,0
IC_2534,LOT_A,W12,9.5027,10.6213,12.1677,12.6814,2.5089,2.6136,10.2522,10.3787,50.0,1,1,normal,0
IC_3597,LOT_C,W09,11.9011,12.6072,13.2999,13.6926,2.4121,2.3721,11.3108,11.4544,50.0,1,1,normal,0
IC_2662,LOT_F,W19,10.4946,11.7561,13.3822,14.1834,1.7946,1.8119,13.8389,14.1414,50.0,1,1,normal,0
IC_6474,LOT_C,W07,12.1375,13.3396,14.6083,15.2702,2.0474,2.1309,11.4376,11.7148,50.0,1,1,normal,0
IC_1597,LOT_B,W12,8.9918,9.8218,11.2321,11.5869,2.3094,2.3891,11.5888,11.7561,50.0,1,1,normal,0
IC_5885,LOT_E,W16,11.3957,12.7081,13.6517,15.4638,2.5701,2.6104,13.5371,13.6515,50.0,1,1,normal,0
IC_4372,LOT_F,W21,8.6656,9.8988,11.3149,12.5297,1.7595,1.8569,11.5283,11.623,50.0,1,1,normal,0
IC_1406,LOT_B,W05,9.5711,10.5266,11.7622,12.5208,2.5782,2.6427,10.6796,10.7909,50.0,1,1,normal,0
IC_4830,LOT_C,W02,10.8315,12.4434,13.5004,14.172,2.1257,2.2511,11.5358,11.8217,50.0,1,1,normal,0
IC_1396,LOT_D,W01,14.036,14.9203,15.8803,16.99,2.6132,2.7134,11.774,11.854,50.0,1,1,normal,0
IC_6817,LOT_B,W13,7.0,13.7109,48.7108,95.0087,2.5336,2.9559,10.796,11.4905,50.0,1,1,early_drifter,1
IC_3655,LOT_B,W16,8.7343,10.3363,11.4756,12.9354,2.4291,2.5515,11.7025,11.8544,50.0,1,1,normal,0
IC_4008,LOT_C,W07,10.8013,12.5179,13.7252,15.2328,2.4609,2.5762,12.9285,13.1029,50.0,1,1,normal,0
IC_3861,LOT_A,W16,7.9549,9.2574,10.8519,11.3499,2.4253,2.4966,12.0191,12.1066,50.0,1,1,normal,0
IC_5153,LOT_E,W17,11.4452,12.2041,12.6296,14.0206,2.6369,2.6798,11.8983,12.0279,50.0,1,1,normal,0
IC_5992,LOT_A,W17,11.1288,11.7089,12.715,13.4995,2.6196,2.6204,10.5929,10.6039,50.0,1,1,normal,0
IC_3303,LOT_A,W12,9.9626,10.9565,11.7432,12.4005,2.227,2.3115,10.8139,11.0125,50.0,1,1,normal,0
IC_1210,LOT_A,W10,33.2199,35.092,37.1626,36.9539,4.2651,4.3921,15.3798,15.4135,50.0,1,1,latent_distribution_outlier,1
IC_6904,LOT_B,W05,11.6585,12.8227,13.843,15.2245,2.8774,2.929,12.5812,12.6321,50.0,1,1,normal,0
IC_6695,LOT_B,W17,11.493,12.5701,13.8103,14.9347,2.7083,2.7548,11.072,11.0902,50.0,1,1,normal,0
IC_6050,LOT_A,W04,9.336,11.0274,12.965,12.7294,2.129,2.2536,11.4383,11.5946,50.0,1,1,normal,0
IC_1480,LOT_A,W05,11.2022,12.1129,13.1777,13.4492,2.8614,2.9147,10.3494,10.5683,50.0,1,1,normal,0
IC_6830,LOT_D,W24,9.4559,10.9417,12.358,12.9691,2.6303,2.6999,11.8274,12.0735,50.0,1,1,normal,0
IC_1040,LOT_D,W11,12.4618,18.8664,52.9169,99.8887,3.0281,3.4528,11.3953,12.1513,50.0,1,1,early_drifter,1
IC_1635,LOT_A,W23,9.6867,15.0696,43.1028,83.7278,2.358,2.6782,10.4825,10.8486,50.0,1,1,early_drifter,1
IC_1200,LOT_E,W20,10.2249,11.1116,12.3577,12.458,1.8018,1.8784,12.354,12.4727,50.0,1,1,normal,0
IC_2806,LOT_B,W11,7.9624,8.9104,10.1316,10.8824,2.3098,2.3749,10.2043,10.3208,50.0,1,1,normal,0
IC_3390,LOT_A,W22,10.654,12.4799,13.1435,14.696,2.7753,2.8363,12.1426,12.3179,50.0,1,1,normal,0
IC_5891,LOT_F,W16,12.6024,13.9473,15.2286,17.1935,2.3551,2.4563,13.4943,13.6163,50.0,1,1,normal,0
IC_1670,LOT_E,W21,7.9152,9.6678,11.5505,12.3141,2.2227,2.3564,12.0168,12.1148,50.0,1,1,normal,0
IC_1080,LOT_D,W20,10.3196,11.3016,11.9924,12.4251,2.7257,2.7961,12.1312,12.1194,50.0,1,1,normal,0
IC_6981,LOT_E,W14,36.1253,38.0607,40.6766,40.278,4.1783,4.2855,16.6466,16.9766,50.0,1,1,latent_distribution_outlier,1
IC_1518,LOT_A,W07,8.1733,9.5234,11.3245,11.2548,2.2445,2.2856,11.5493,11.7004,50.0,1,1,normal,0
IC_4536,LOT_B,W04,10.4252,11.9263,14.0018,14.269,2.6825,2.7261,11.1589,11.2392,50.0,1,1,normal,0
IC_4079,LOT_F,W07,10.3454,11.4798,12.7226,13.1278,1.8988,1.9912,13.9759,13.9795,50.0,1,1,normal,0
IC_5124,LOT_C,W14,11.689,12.6522,14.1903,14.6339,1.8248,1.9164,10.856,10.9189,50.0,1,1,normal,0
IC_6232,LOT_C,W16,39.7408,41.6895,43.2079,43.9064,4.4885,4.6023,15.8356,15.9813,50.0,1,1,latent_distribution_outlier,1
IC_4077,LOT_F,W14,9.095,10.4168,12.2728,12.4048,1.9532,2.0623,13.3118,13.3225,50.0,1,1,normal,0
IC_3347,LOT_A,W01,10.0508,11.4409,13.1005,12.3303,2.7883,2.8006,11.7058,11.8174,50.0,1,1,normal,0
IC_6473,LOT_D,W02,9.5311,10.9642,12.9122,13.113,2.4048,2.4945,12.1234,12.3384,50.0,1,1,normal,0
IC_4538,LOT_C,W09,11.4087,12.779,13.5768,14.1704,1.8819,1.9659,12.3723,12.6132,50.0,1,1,normal,0
IC_4121,LOT_A,W09,13.0167,14.1837,15.4945,16.3249,2.4162,2.4743,12.3573,12.4034,50.0,1,1,normal,0
IC_4289,LOT_C,W04,10.7759,12.2458,13.9216,14.721,2.1055,2.2391,11.8,11.9234,50.0,1,1,normal,0
IC_1834,LOT_B,W16,9.9295,11.0512,12.2853,13.0832,2.4267,2.4958,10.6891,10.7541,50.0,1,1,normal,0
IC_5021,LOT_C,W21,13.1255,14.0628,15.5849,15.506,2.2734,2.3266,11.3049,11.5689,50.0,1,1,normal,0
IC_4525,LOT_D,W09,10.783,11.5115,12.8917,12.4935,2.4699,2.5088,12.6761,12.7865,50.0,1,1,normal,0
IC_4403,LOT_B,W10,4.3322,6.172,7.3917,9.2764,2.2927,2.3941,9.6938,9.8649,50.0,1,1,normal,0
IC_1950,LOT_A,W12,8.3644,13.6258,44.0686,86.873,2.2232,2.5427,10.4782,11.0744,50.0,1,1,early_drifter,1
IC_6139,LOT_E,W14,9.2377,10.0831,11.1213,12.1266,2.0619,2.0873,11.5782,11.729,50.0,1,1,normal,0
IC_2259,LOT_C,W07,9.0085,10.2054,11.849,13.3409,2.2612,2.3229,11.4795,11.5599,50.0,1,1,normal,0
IC_6877,LOT_A,W12,7.5785,9.0856,10.3079,11.6575,2.3296,2.3954,10.6348,10.7597,50.0,1,1,normal,0
IC_2467,LOT_E,W17,8.7179,9.9323,11.3458,12.1565,1.7917,1.878,11.5304,11.6411,50.0,1,1,normal,0
IC_4045,LOT_E,W20,7.7229,9.0132,10.5721,11.3586,2.426,2.5273,11.4119,11.6373,50.0,1,1,normal,0
IC_1927,LOT_E,W01,14.9474,16.4068,18.1553,18.8032,2.6553,2.7153,13.9652,14.1443,50.0,1,1,normal,0
IC_1492,LOT_D,W09,9.7014,10.4165,11.5446,12.033,2.2402,2.2581,11.6538,11.7446,50.0,1,1,normal,0
IC_4041,LOT_E,W08,10.9199,12.0691,13.2975,13.8508,2.069,2.1424,12.304,12.398,50.0,1,1,normal,0
IC_3926,LOT_B,W23,7.1449,7.9499,8.2767,9.0467,2.4805,2.5441,10.724,10.7233,50.0,1,1,normal,0
IC_5150,LOT_F,W16,11.4213,12.5882,13.8422,14.633,2.0404,2.1341,12.9823,13.1169,50.0,1,1,normal,0
IC_3963,LOT_C,W12,11.3018,12.4289,13.3413,14.0843,1.6342,1.7056,11.6797,11.9756,50.0,1,1,normal,0
IC_4786,LOT_A,W09,32.434,34.4813,36.7439,36.8919,4.3601,4.5331,15.2303,15.491,50.0,1,1,latent_distribution_outlier,1
IC_2876,LOT_A,W09,9.4108,10.5727,12.4134,12.3622,2.2054,2.2778,11.7167,11.9527,50.0,1,1,normal,0
IC_5285,LOT_B,W20,34.5307,36.3182,38.2396,38.7464,4.6571,4.7819,15.3182,15.5291,50.0,1,1,latent_distribution_outlier,1
IC_3112,LOT_C,W16,9.7426,11.3207,12.7095,14.2815,2.2142,2.3156,11.4666,11.4478,50.0,1,1,normal,0
IC_5057,LOT_D,W17,10.7844,11.8526,12.5105,14.1606,2.3589,2.3893,12.4861,12.6865,50.0,1,1,normal,0
IC_6408,LOT_C,W03,10.2298,11.3077,11.9868,12.6897,2.1342,2.2052,11.489,11.7026,50.0,1,1,normal,0
IC_3472,LOT_D,W13,11.6149,12.5334,13.291,14.7439,2.513,2.6261,13.087,13.3249,50.0,1,1,normal,0
IC_3707,LOT_B,W01,8.1911,9.6992,10.8758,12.5526,2.6662,2.7863,11.6518,11.6391,50.0,1,1,normal,0
IC_1106,LOT_D,W24,11.4595,12.8383,13.8748,14.0456,2.5537,2.6293,12.7709,12.8986,50.0,1,1,normal,0
IC_5987,LOT_F,W13,10.7287,11.7911,12.7052,13.1071,2.7152,2.7661,13.972,14.0216,50.0,1,1,normal,0
IC_2356,LOT_F,W14,11.4453,12.5262,13.9754,14.9003,2.0485,2.0945,14.5589,14.6987,50.0,1,1,normal,0
IC_1368,LOT_E,W09,45.4851,47.3178,48.5621,48.9519,4.6404,4.7298,17.5775,17.8662,50.0,1,1,latent_distribution_outlier,1
IC_2413,LOT_C,W20,11.6448,12.7052,13.3929,13.757,2.2584,2.3138,12.1006,12.3286,50.0,1,1,normal,0
IC_1346,LOT_C,W03,11.5212,12.9628,14.2078,14.6475,1.8412,1.9501,10.5219,10.6624,50.0,1,1,normal,0
IC_4259,LOT_A,W13,13.3023,14.3679,15.892,16.8881,3.1698,3.2276,12.1025,12.2879,50.0,1,1,normal,0
IC_2764,LOT_B,W15,38.6623,40.0222,41.3758,42.1576,5.347,5.4352,14.487,14.7269,50.0,1,1,latent_distribution_outlier,1
IC_2050,LOT_C,W16,10.2673,13.74,35.8928,61.9455,2.0705,2.2424,11.7182,12.1483,50.0,1,1,early_drifter,1
IC_6519,LOT_C,W14,9.719,10.745,11.7794,13.1345,2.3384,2.4359,11.8345,12.0157,50.0,1,1,normal,0
IC_1434,LOT_F,W17,10.5026,11.5016,12.0212,12.2865,1.9429,1.9715,14.9799,15.1732,50.0,1,1,normal,0
IC_1279,LOT_C,W11,13.1019,14.8211,16.7642,17.5384,2.406,2.4636,11.942,12.0969,50.0,1,1,normal,0
IC_4580,LOT_F,W23,8.368,9.503,10.2571,11.0163,2.2273,2.3303,12.7848,12.9153,50.0,1,1,normal,0
IC_5096,LOT_E,W16,10.3312,11.5469,13.2296,13.7334,2.5421,2.6561,12.8504,12.786,50.0,1,1,normal,0
IC_6876,LOT_D,W15,11.5915,12.6023,13.8727,15.1173,2.5414,2.6308,12.8662,12.9729,50.0,1,1,normal,0
IC_5839,LOT_E,W02,9.2956,10.7523,11.7949,12.6823,2.2962,2.3915,11.5476,11.6624,50.0,1,1,normal,0
IC_3139,LOT_B,W16,8.2546,9.4862,11.5373,12.4257,1.9921,2.0465,12.8594,12.9113,50.0,1,1,normal,0
IC_5196,LOT_C,W21,13.2238,14.8098,16.3479,17.3428,2.2313,2.3074,14.5343,14.5512,50.0,1,1,normal,0
IC_1517,LOT_E,W17,10.2456,11.5215,13.2523,14.3653,2.1574,2.1956,12.9016,13.0601,50.0,1,1,normal,0
IC_6085,LOT_F,W08,9.1443,10.6207,11.99,13.2976,2.1058,2.2112,12.8738,12.9397,50.0,1,1,normal,0
IC_1264,LOT_E,W14,8.3651,9.2798,10.4785,11.0052,1.8084,1.8684,12.7662,12.9521,50.0,1,1,normal,0
IC_3376,LOT_E,W21,10.7667,11.853,13.3834,14.1505,2.1972,2.2451,12.389,12.5458,50.0,1,1,normal,0
IC_6964,LOT_E,W03,9.7657,10.6732,12.0916,12.8413,2.1882,2.2514,12.7035,12.8095,50.0,1,1,normal,0
IC_6968,LOT_E,W08,11.435,13.0174,14.2278,14.7496,2.4788,2.5724,12.8924,13.1306,50.0,1,1,normal,0
IC_6396,LOT_E,W07,11.5823,12.5269,12.7996,13.0655,2.1095,2.1347,12.166,12.4511,50.0,1,1,normal,0
IC_3577,LOT_E,W01,10.5173,15.2968,41.9872,77.5837,2.3424,2.6168,12.5572,13.1069,50.0,1,1,early_drifter,1
IC_2786,LOT_A,W14,11.7823,13.0931,14.7677,15.4235,2.5149,2.5903,11.894,12.1061,50.0,1,1,normal,0
IC_4848,LOT_F,W12,10.8176,11.7168,12.6373,13.3109,2.3828,2.4551,14.8736,15.0125,50.0,1,1,normal,0
IC_2001,LOT_B,W05,10.1717,11.1256,12.2574,12.272,2.5408,2.5522,10.6411,10.7895,50.0,1,1,normal,0
IC_4412,LOT_D,W19,10.5388,11.6394,12.8387,13.6444,2.6819,2.7324,12.7283,12.978,50.0,1,1,normal,0
IC_1101,LOT_B,W24,9.3807,9.9861,10.7556,11.1857,2.1526,2.139,10.674,10.777,50.0,1,1,normal,0
IC_1733,LOT_B,W17,9.3739,10.4741,11.2332,12.0968,2.67,2.6932,11.0145,11.2499,50.0,1,1,normal,0
IC_2411,LOT_A,W19,9.8885,11.4957,13.031,14.0625,2.2551,2.3188,11.3724,11.651,50.0,1,1,normal,0
IC_5636,LOT_C,W14,11.7406,12.5609,13.5687,13.7256,2.3462,2.4286,12.8901,12.9845,50.0,1,1,normal,0
IC_1697,LOT_B,W15,7.6169,9.3027,10.6528,12.5178,2.2081,2.3475,11.3551,11.6049,50.0,1,1,normal,0
IC_6611,LOT_E,W13,8.3357,9.2173,10.9985,11.5607,1.7422,1.8178,11.4535,11.6877,50.0,1,1,normal,0
IC_4176,LOT_A,W16,43.0403,44.0992,45.6569,46.8499,5.0865,5.1514,17.33,17.3629,50.0,1,1,latent_distribution_outlier,1
IC_6793,LOT_E,W20,8.7876,10.031,11.3575,12.5576,2.2921,2.3562,12.5221,12.6731,50.0,1,1,normal,0
IC_1993,LOT_A,W01,8.435,9.7598,11.3674,12.1431,2.5349,2.5949,10.3063,10.4857,50.0,1,1,normal,0
IC_5031,LOT_C,W23,12.5298,13.7304,15.2899,15.9182,2.3923,2.472,12.0584,12.2745,50.0,1,1,normal,0
IC_3424,LOT_B,W10,8.5389,9.7279,10.9342,11.3882,2.443,2.4673,9.5537,9.5706,50.0,1,1,normal,0
IC_6850,LOT_E,W17,12.261,14.0121,15.2871,15.5551,2.2586,2.3473,12.5456,12.8206,50.0,1,1,normal,0
IC_3288,LOT_D,W05,7.0551,8.2363,9.3883,10.1519,2.2457,2.2902,12.8695,13.1373,50.0,1,1,normal,0
IC_6078,LOT_C,W02,11.5516,12.6803,13.2298,14.2615,2.06,2.1361,11.895,12.0754,50.0,1,1,normal,0
IC_4371,LOT_F,W08,11.7061,12.6877,13.3486,14.3724,2.5378,2.6281,13.5065,13.6299,50.0,1,1,normal,0
IC_2442,LOT_B,W23,8.8441,10.6085,12.2013,12.913,2.5537,2.7049,10.872,11.2362,50.0,1,1,normal,0
IC_5537,LOT_B,W23,11.8233,12.8494,14.7898,15.4111,2.3717,2.4346,10.871,10.9551,50.0,1,1,normal,0
IC_1017,LOT_E,W13,11.3595,12.1331,12.9827,13.7132,2.35,2.3395,13.9667,14.1283,50.0,1,1,normal,0
IC_5284,LOT_E,W19,9.8525,11.211,12.8969,13.5023,1.6854,1.7958,12.5213,12.9082,50.0,1,1,normal,0
IC_4662,LOT_E,W07,7.3234,9.0715,10.4651,10.9149,2.3619,2.5169,12.3766,12.6006,50.0,1,1,normal,0
IC_6557,LOT_C,W22,10.4032,11.6425,12.3359,13.315,2.0703,2.1436,10.5826,10.7784,50.0,1,1,normal,0
IC_5533,LOT_E,W21,8.8075,9.6509,10.169,11.2255,1.6096,1.6244,13.7326,13.7208,50.0,1,1,normal,0
IC_6183,LOT_D,W11,9.6731,10.9017,11.9461,12.2996,2.2782,2.3879,12.6764,12.7816,50.0,1,1,normal,0
IC_6613,LOT_A,W04,6.7489,8.4363,9.5802,10.6921,2.2721,2.3691,9.6583,9.9301,50.0,1,1,normal,0
IC_4698,LOT_C,W07,12.7183,13.7667,14.5297,15.3983,2.2115,2.3284,12.9935,12.9248,50.0,1,1,normal,0
IC_1619,LOT_B,W07,8.8269,10.0577,10.9917,11.2665,3.0682,3.2065,12.2895,12.4282,50.0,1,1,normal,0
IC_6766,LOT_A,W08,10.6269,11.9644,13.4085,13.3051,2.3759,2.4593,11.1296,11.371,50.0,1,1,normal,0
IC_2106,LOT_F,W05,11.3184,12.6255,13.616,14.6959,2.3103,2.4036,13.7724,14.0524,50.0,1,1,normal,0
IC_6880,LOT_D,W08,10.2386,11.7907,12.6403,13.8657,2.1597,2.2408,11.7519,11.8208,50.0,1,1,normal,0
IC_3860,LOT_D,W02,8.2345,9.4173,10.4296,10.9984,2.1449,2.1863,12.3188,12.5368,50.0,1,1,normal,0
IC_6920,LOT_B,W12,8.9316,9.8251,10.3361,11.7103,2.2317,2.2361,13.1506,13.1854,50.0,1,1,normal,0
IC_5170,LOT_D,W17,10.7569,15.9155,44.0171,81.532,2.5705,2.8964,10.7644,11.4738,50.0,1,1,early_drifter,1
IC_3036,LOT_F,W19,9.1698,10.8475,12.3429,13.2627,2.005,2.098,13.8795,13.993,50.0,1,1,normal,0
IC_3626,LOT_C,W04,12.1589,13.9834,15.3781,17.0228,2.6751,2.7577,10.5788,10.8441,50.0,1,1,normal,0
IC_2878,LOT_D,W15,38.5366,40.1297,42.1481,43.2376,5.0428,5.1738,16.6915,16.8229,50.0,1,1,latent_distribution_outlier,1
IC_2470,LOT_E,W15,11.3615,12.6562,13.8148,14.535,2.0168,2.0438,13.4349,13.6791,50.0,1,1,normal,0
IC_1507,LOT_C,W07,11.9368,13.2802,14.7067,15.2471,2.277,2.3848,11.2561,11.283,50.0,1,1,normal,0
IC_6717,LOT_C,W01,9.7312,11.1996,12.8993,13.7535,2.2959,2.3872,11.4041,11.7888,50.0,1,1,normal,0
IC_6637,LOT_E,W13,8.8571,9.7296,11.2458,11.3385,2.0182,2.0718,12.4565,12.4992,50.0,1,1,normal,0
IC_5828,LOT_A,W07,9.0816,9.8528,10.9753,11.4171,2.3424,2.4008,11.2956,11.4234,50.0,1,1,normal,0
IC_3669,LOT_C,W18,11.228,12.8133,14.1941,15.5596,2.5588,2.6776,11.2691,11.4046,50.0,1,1,normal,0
IC_6838,LOT_D,W14,44.8596,47.4137,48.9219,50.1138,5.0763,5.2757,16.4928,17.0596,50.0,1,1,latent_distribution_outlier,1
IC_2813,LOT_A,W24,10.0853,10.9424,11.6379,12.8239,2.4778,2.563,10.8056,10.7911,50.0,1,1,normal,0
IC_3226,LOT_C,W04,40.5534,42.403,43.8006,44.5993,4.5658,4.6696,15.6768,15.8253,50.0,1,1,latent_distribution_outlier,1
IC_1855,LOT_A,W10,8.0252,9.7244,11.4164,12.1267,2.3914,2.4814,11.3139,11.6928,50.0,1,1,normal,0
IC_2794,LOT_D,W05,11.2647,12.7255,14.1923,15.363,2.361,2.4084,11.1629,11.3103,50.0,1,1,normal,0
IC_5437,LOT_E,W23,9.237,10.4545,11.3126,11.3578,2.1271,2.1962,12.0608,12.3908,50.0,1,1,normal,0
IC_4262,LOT_F,W18,9.7741,11.2618,12.7401,13.3575,1.7653,1.893,14.0374,14.118,50.0,1,1,normal,0
IC_6453,LOT_D,W18,10.6723,14.9844,39.9333,71.1039,2.8915,3.1727,12.0233,12.404,50.0,1,1,early_drifter,1
IC_5773,LOT_C,W18,10.4971,11.3985,12.0265,12.9781,2.0829,2.1342,11.0345,11.1704,50.0,1,1,normal,0
IC_4984,LOT_F,W21,11.2736,12.2216,12.7796,13.5436,1.7107,1.7512,13.4032,13.4863,50.0,1,1,normal,0
IC_5365,LOT_F,W17,9.2952,10.425,11.5706,12.9786,1.7783,1.8503,13.4737,13.5811,50.0,1,1,normal,0
IC_4735,LOT_F,W17,11.1575,12.5241,13.7988,14.7697,2.1719,2.2401,11.5173,11.86,50.0,1,1,normal,0
IC_5659,LOT_E,W06,11.3158,12.4823,13.7847,14.3594,2.6456,2.7015,12.4223,12.6402,50.0,1,1,normal,0
IC_6403,LOT_A,W24,10.3412,15.6217,43.8656,80.0228,2.5207,2.8545,11.395,12.0803,50.0,1,1,early_drifter,1
IC_3865,LOT_D,W07,10.1512,13.2595,32.1549,54.6617,2.2903,2.4342,10.311,10.7048,50.0,1,1,early_drifter,1
IC_4096,LOT_D,W24,8.9272,10.2272,11.4559,12.4419,2.2941,2.3729,11.5403,11.8347,50.0,1,1,normal,0
IC_5738,LOT_D,W20,8.3205,9.6179,10.9067,12.0429,2.2359,2.3272,11.5709,11.6845,50.0,1,1,normal,0
IC_2818,LOT_C,W08,12.1009,13.809,15.2476,16.0733,2.1822,2.2392,12.6625,12.9786,50.0,1,1,normal,0
IC_2759,LOT_C,W18,11.1988,12.6383,14.1705,14.4078,2.2896,2.3729,10.7067,10.9454,50.0,1,1,normal,0
IC_5048,LOT_F,W12,11.0541,12.1746,13.2932,13.3128,1.9005,1.9278,14.0066,14.3583,50.0,1,1,normal,0
IC_5041,LOT_B,W06,6.6926,7.6549,9.1646,9.1866,1.9388,2.0492,9.8538,10.0542,50.0,1,1,normal,0
IC_2287,LOT_C,W13,11.8544,12.9328,14.2041,14.2976,2.4005,2.4393,12.8355,13.1255,50.0,1,1,normal,0
IC_6320,LOT_D,W08,10.3093,10.7894,12.0415,12.7775,2.4947,2.5826,11.643,11.8015,50.0,1,1,normal,0
IC_2097,LOT_B,W15,9.0253,10.4179,12.4129,12.9692,2.2736,2.3777,12.1196,12.2578,50.0,1,1,normal,0
IC_1105,LOT_B,W04,8.2317,9.7206,11.4296,12.5612,2.6452,2.7138,12.0144,12.1692,50.0,1,1,normal,0
IC_4039,LOT_C,W19,13.172,14.3779,15.738,16.9802,2.1793,2.2683,11.5804,11.6332,50.0,1,1,normal,0
IC_2423,LOT_A,W21,8.5424,9.5765,10.0,10.9707,2.5449,2.6558,11.312,11.3988,50.0,1,1,normal,0
IC_2992,LOT_D,W21,10.88,12.2912,13.9402,14.0833,2.2392,2.2682,11.8563,11.9613,50.0,1,1,normal,0
IC_5595,LOT_C,W13,10.6089,11.6671,12.5686,13.0649,2.3215,2.393,11.8181,11.9889,50.0,1,1,normal,0
IC_2277,LOT_A,W21,9.7636,11.2754,12.5168,13.2104,2.6238,2.7395,12.2428,12.5608,50.0,1,1,normal,0
IC_2637,LOT_C,W04,9.964,11.3534,12.2893,12.9691,2.086,2.1642,11.002,11.1464,50.0,1,1,normal,0
IC_3242,LOT_F,W05,9.5827,10.2068,11.4411,12.0331,2.1363,2.209,12.6602,12.9335,50.0,1,1,normal,0
IC_6986,LOT_F,W22,13.516,15.3104,17.0621,18.1629,2.5412,2.6655,13.2434,13.4056,50.0,1,1,normal,0
IC_1465,LOT_F,W02,9.477,10.5537,11.5091,11.0939,1.5226,1.5879,13.2553,13.4075,50.0,1,1,normal,0
IC_4366,LOT_C,W22,44.1533,46.5945,49.1829,49.0827,5.3891,5.5398,16.3617,16.7163,50.0,1,1,latent_distribution_outlier,1
IC_2585,LOT_F,W13,10.3244,11.4321,12.4194,13.237,2.71,2.7797,12.2623,12.3236,50.0,1,1,normal,0
IC_2651,LOT_D,W16,7.9156,9.3492,10.8027,11.5907,2.1036,2.2144,11.216,11.426,50.0,1,1,normal,0
IC_1857,LOT_A,W02,9.2408,10.683,12.3076,13.3228,2.5997,2.7238,11.0802,11.3391,50.0,1,1,normal,0
IC_3408,LOT_D,W10,7.6975,9.0376,10.437,11.0233,2.1552,2.2795,11.758,11.9015,50.0,1,1,normal,0
IC_4986,LOT_E,W15,9.7947,11.1143,12.6346,13.6122,2.2575,2.3233,12.1187,12.425,50.0,1,1,normal,0
IC_2985,LOT_F,W17,12.2221,12.9537,13.6653,14.7764,2.1931,2.2453,12.9109,12.948,50.0,1,1,normal,0
IC_3211,LOT_E,W05,11.1521,12.0875,12.2586,12.8096,2.1409,2.1729,12.3866,12.5489,50.0,1,1,normal,0
IC_5477,LOT_E,W05,6.4426,8.063,9.6023,10.3306,2.4013,2.4364,12.1136,12.4738,50.0,1,1,normal,0
IC_2523,LOT_C,W01,11.493,12.5528,13.8409,13.9901,2.0523,2.133,12.6848,12.7625,50.0,1,1,normal,0
IC_3884,LOT_F,W13,8.7387,10.3983,11.641,12.6714,1.8774,1.9376,12.0369,12.254,50.0,1,1,normal,0
IC_4208,LOT_E,W07,11.1856,11.987,12.5371,13.2466,2.1328,2.1489,14.0392,14.2114,50.0,1,1,normal,0
IC_6196,LOT_F,W16,10.9897,12.3862,14.5275,16.0073,1.6452,1.7005,14.0412,14.2832,50.0,1,1,normal,0
IC_3554,LOT_D,W22,7.2618,8.0526,8.991,9.3838,2.5852,2.6385,12.1308,12.0706,50.0,1,1,normal,0
IC_1926,LOT_C,W04,10.2713,11.0202,11.9798,12.2776,2.1328,2.1873,12.8147,12.8238,50.0,1,1,normal,0
IC_5960,LOT_F,W06,11.1896,12.123,13.3193,14.6847,2.2926,2.3741,13.9514,14.0684,50.0,1,1,normal,0
IC_3006,LOT_F,W06,11.598,12.3191,13.0094,13.598,2.6384,2.6812,13.5792,13.5138,50.0,1,1,normal,0
IC_6819,LOT_C,W05,12.2995,13.7921,15.0358,16.7252,1.9652,2.0494,11.4542,11.6072,50.0,1,1,normal,0
IC_6930,LOT_A,W21,9.4057,11.1879,12.5655,13.208,2.3095,2.4218,11.8466,12.2262,50.0,1,1,normal,0
IC_2721,LOT_C,W20,10.7682,12.3709,13.6573,15.1253,2.0223,2.1501,11.2646,11.3797,50.0,1,1,normal,0
IC_1746,LOT_D,W14,9.9401,11.0943,12.1393,12.6298,2.5368,2.6019,10.675,10.9932,50.0,1,1,normal,0
IC_4889,LOT_B,W22,9.6363,11.1307,13.1224,14.2484,2.8082,2.9073,11.2801,11.3104,50.0,1,1,normal,0
IC_3924,LOT_E,W06,9.3729,10.6704,11.8208,13.0027,2.1896,2.3177,12.2192,12.427,50.0,1,1,normal,0
IC_2795,LOT_D,W02,9.9703,11.5928,13.0833,14.522,2.5421,2.6359,12.3729,12.4259,50.0,1,1,normal,0
IC_6005,LOT_B,W04,11.9744,13.3905,15.0919,15.941,2.7923,2.8642,12.0769,12.3405,50.0,1,1,normal,0
IC_2726,LOT_F,W11,10.3366,11.539,12.3715,13.3527,1.8936,1.9478,13.0193,13.1366,50.0,1,1,normal,0
IC_6892,LOT_F,W13,10.6538,12.0413,13.6257,14.5863,2.4095,2.4687,12.7802,12.872,50.0,1,1,normal,0
IC_4541,LOT_C,W05,11.0146,12.0712,12.9611,14.1622,2.3599,2.3913,10.9165,11.0509,50.0,1,1,normal,0
IC_1049,LOT_C,W21,10.6018,11.4085,12.9726,12.9851,2.258,2.2538,11.711,11.8258,50.0,1,1,normal,0
IC_3007,LOT_B,W14,9.0991,10.2949,11.311,12.0526,2.2008,2.2771,7.8874,8.0342,50.0,1,1,normal,0
IC_5509,LOT_F,W06,11.2101,12.1674,14.0543,14.2808,2.3128,2.3704,13.4199,13.5349,50.0,1,1,normal,0
IC_4567,LOT_F,W15,11.5637,12.5627,13.1598,14.4596,2.5613,2.6169,12.5027,12.6448,50.0,1,1,normal,0
IC_1967,LOT_C,W07,13.0468,14.4783,16.2245,16.8854,2.4442,2.5234,9.582,9.6699,50.0,1,1,normal,0
IC_1798,LOT_B,W18,7.9249,9.436,11.4856,11.6856,2.4424,2.5486,10.8986,11.1433,50.0,1,1,normal,0
IC_4217,LOT_E,W20,11.7545,13.0405,14.4975,15.0844,2.513,2.6484,12.9654,13.0819,50.0,1,1,normal,0
IC_6409,LOT_A,W15,10.2943,15.2382,44.0558,81.8553,2.8333,3.1268,12.0178,12.6357,50.0,1,1,early_drifter,1
IC_3512,LOT_D,W24,8.7139,14.734,47.9603,92.9066,2.571,2.9165,12.5773,13.2528,50.0,1,1,early_drifter,1
IC_5388,LOT_D,W01,10.9604,11.9668,13.2666,14.1247,2.6811,2.7298,11.8119,12.0091,50.0,1,1,normal,0
IC_3962,LOT_B,W18,8.2282,9.0151,9.9752,11.2585,2.4762,2.5461,10.2021,10.3113,50.0,1,1,normal,0
IC_3258,LOT_A,W04,9.8967,10.8505,11.5587,11.815,2.4047,2.4687,11.4068,11.4942,50.0,1,1,normal,0
IC_1892,LOT_D,W24,8.8991,10.4336,11.7567,13.014,2.2464,2.3414,10.5308,10.726,50.0,1,1,normal,0
IC_6092,LOT_E,W17,12.4073,13.4068,14.0487,14.589,2.663,2.782,12.7502,12.9549,50.0,1,1,normal,0
IC_1161,LOT_A,W08,7.4592,9.1567,10.7734,11.5962,2.5646,2.6975,10.0693,10.208,50.0,1,1,normal,0
IC_4440,LOT_B,W12,7.8499,8.78,9.9629,10.303,2.4259,2.404,11.9122,12.0352,50.0,1,1,normal,0
IC_5915,LOT_A,W21,7.2505,8.5588,10.0937,10.1092,2.7318,2.7951,11.3278,11.5911,50.0,1,1,normal,0
IC_1987,LOT_F,W12,12.0579,13.0679,14.0002,14.4589,2.2222,2.3156,11.85,11.9146,50.0,1,1,normal,0
IC_1428,LOT_F,W10,11.3088,12.198,12.8652,13.6607,2.3635,2.4103,14.9848,15.1255,50.0,1,1,normal,0
IC_2789,LOT_F,W17,10.5204,11.4537,13.0904,13.3402,2.3627,2.4255,13.054,13.1245,50.0,1,1,normal,0
IC_2540,LOT_D,W10,8.0918,8.9394,9.2222,10.3669,2.1595,2.2432,12.7187,12.878,50.0,1,1,normal,0
IC_2783,LOT_E,W22,36.5964,38.9428,41.3397,40.62,4.3647,4.5115,17.3181,17.5137,50.0,1,1,latent_distribution_outlier,1
IC_6455,LOT_A,W23,13.2908,14.8571,15.9206,17.0591,2.8345,2.9315,13.6865,13.8902,50.0,1,1,normal,0
IC_3520,LOT_D,W24,43.4972,45.4756,48.0964,49.7797,5.0859,5.1796,17.4827,17.89,50.0,1,1,latent_distribution_outlier,1
IC_6220,LOT_F,W06,8.6533,9.7599,11.1521,12.015,1.4489,1.5116,12.9374,13.2623,50.0,1,1,normal,0
IC_5353,LOT_F,W02,11.2537,12.6498,14.5994,15.5189,1.9452,2.0516,13.2545,13.4082,50.0,1,1,normal,0
IC_4050,LOT_F,W02,10.1061,10.914,12.1736,13.2511,2.1959,2.2274,13.922,14.0186,50.0,1,1,normal,0
IC_2376,LOT_D,W22,8.915,10.3561,12.3374,12.5701,2.2765,2.3748,11.4929,11.7458,50.0,1,1,normal,0
IC_1764,LOT_F,W06,13.0462,14.3138,15.4412,15.5604,2.0265,2.1104,13.4779,13.6075,50.0,1,1,normal,0
IC_3792,LOT_B,W07,7.8133,8.9921,9.509,10.6383,2.4459,2.5186,11.2494,11.3357,50.0,1,1,normal,0
IC_3958,LOT_B,W02,5.1255,6.3684,7.989,9.7345,1.8551,1.9543,10.6642,10.8809,50.0,1,1,normal,0
IC_5740,LOT_C,W14,12.3828,13.6835,14.0848,16.0854,1.943,2.062,12.977,13.1978,50.0,1,1,normal,0
IC_1561,LOT_A,W09,8.2128,9.4548,10.2495,10.6677,2.4799,2.5601,10.8844,11.1073,50.0,1,1,normal,0
IC_4811,LOT_B,W12,8.1756,9.9797,11.5915,12.1745,2.2251,2.3603,12.8812,13.0376,50.0,1,1,normal,0
IC_3421,LOT_B,W03,8.57,9.4223,10.5998,11.4114,2.3724,2.42,11.3409,11.4717,50.0,1,1,normal,0
IC_6623,LOT_E,W18,36.202,38.429,41.3111,42.7252,4.4916,4.6055,15.4164,15.7651,50.0,1,1,latent_distribution_outlier,1
IC_6488,LOT_A,W18,8.2519,9.5986,11.518,13.1849,2.2478,2.3239,11.3948,11.4617,50.0,1,1,normal,0
IC_1112,LOT_F,W22,9.8087,10.5299,11.7945,12.0547,2.1569,2.2112,12.6407,12.677,50.0,1,1,normal,0
IC_3017,LOT_A,W11,10.4002,11.5986,13.0085,14.023,2.8304,2.8666,11.4288,11.5757,50.0,1,1,normal,0
IC_3199,LOT_B,W19,7.5696,8.8676,11.2222,11.5245,2.4146,2.4841,10.1319,10.3111,50.0,1,1,normal,0
IC_1124,LOT_D,W19,10.1684,12.0099,13.7728,14.9655,2.1433,2.26,12.2058,12.4326,50.0,1,1,normal,0
IC_5366,LOT_E,W19,9.8247,11.5237,12.8866,13.2732,2.0453,2.1317,12.0873,12.2531,50.0,1,1,normal,0
IC_3588,LOT_C,W04,57.756,60.5676,77.5016,88.0,5.6441,5.8487,18.6359,18.8145,50.0,0,0,gross_failure,1
IC_1290,LOT_B,W07,8.0988,9.2192,10.3337,10.7475,2.3515,2.4119,10.5024,10.5481,50.0,1,1,normal,0
IC_6295,LOT_A,W06,11.763,13.4425,14.7074,15.7454,2.7327,2.8273,11.7564,12.1897,50.0,1,1,normal,0
IC_5179,LOT_E,W03,8.0928,8.9306,9.6306,10.8972,2.1905,2.195,11.3767,11.3817,50.0,1,1,normal,0
IC_2703,LOT_F,W07,11.8362,13.179,14.5016,15.4768,2.3155,2.4179,13.2925,13.2448,50.0,1,1,normal,0
IC_4153,LOT_E,W23,10.947,12.1247,13.584,14.8529,1.9528,2.0412,11.8715,12.0446,50.0,1,1,normal,0
IC_2318,LOT_F,W23,9.8302,11.3926,12.4077,13.4293,1.7766,1.8554,12.5367,12.8457,50.0,1,1,normal,0
IC_2691,LOT_C,W20,12.3761,16.1483,36.8904,66.3494,2.4526,2.6635,12.3626,12.8657,50.0,1,1,early_drifter,1
IC_2647,LOT_F,W15,11.0561,12.6699,14.1588,15.3599,2.437,2.515,13.743,14.0201,50.0,1,1,normal,0
IC_6770,LOT_F,W02,10.6658,11.615,12.5654,13.2502,2.1692,2.1979,14.0954,14.2385,50.0,1,1,normal,0
IC_3174,LOT_C,W19,12.1356,13.0862,13.4596,14.0985,2.2249,2.2982,12.5662,12.7895,50.0,1,1,normal,0
IC_6321,LOT_C,W09,44.454,46.3619,47.3021,48.3724,4.7766,4.8812,17.2765,17.4669,50.0,1,1,latent_distribution_outlier,1
IC_2984,LOT_B,W18,13.9673,14.76,16.2003,16.0962,2.7845,2.8806,11.0337,11.0758,50.0,1,1,normal,0
IC_5990,LOT_D,W10,11.4996,13.2082,14.6322,16.4414,2.4927,2.5668,11.4686,11.6555,50.0,1,1,normal,0
IC_6084,LOT_A,W04,8.6057,10.0365,11.4703,12.3319,2.4326,2.5104,11.0783,11.358,50.0,1,1,normal,0
IC_4875,LOT_D,W17,9.9375,11.2552,12.6537,13.4987,2.6576,2.7917,12.1576,12.3264,50.0,1,1,normal,0
IC_5534,LOT_D,W02,10.5972,11.4814,12.7427,13.0452,2.2097,2.235,12.5997,12.6161,50.0,1,1,normal,0
IC_2945,LOT_D,W06,10.1923,15.3032,41.2363,78.3303,2.4637,2.8185,9.9832,10.5086,50.0,1,1,early_drifter,1
IC_6869,LOT_E,W19,9.6123,10.7786,10.8067,11.8497,1.9196,2.0035,12.0658,12.3126,50.0,1,1,normal,0
IC_2753,LOT_C,W09,73.0034,81.9868,99.1033,122.1488,7.3067,7.8308,22.3322,23.2996,50.0,0,0,gross_failure,1
IC_1771,LOT_E,W02,11.7986,12.7741,14.1508,15.1426,2.8155,2.8558,12.8376,12.9326,50.0,1,1,normal,0
IC_1100,LOT_D,W22,10.4414,11.235,12.1395,12.6935,2.7199,2.7911,11.0343,11.1301,50.0,1,1,normal,0
IC_1609,LOT_A,W07,9.4522,11.1566,12.2477,13.7038,2.5581,2.741,10.8635,11.0538,50.0,1,1,normal,0
IC_1725,LOT_F,W07,10.9458,11.9235,13.9926,14.1288,2.2258,2.2664,13.1539,13.2895,50.0,1,1,normal,0
IC_2949,LOT_C,W10,11.8218,12.4197,13.6544,14.1523,2.1279,2.178,12.2862,12.3516,50.0,1,1,normal,0
IC_6620,LOT_D,W04,8.5112,9.8367,11.7644,13.4392,2.5752,2.6886,10.5601,10.589,50.0,1,1,normal,0
IC_3246,LOT_B,W09,8.8687,10.1194,11.8303,13.477,2.7975,2.8778,10.7581,10.9229,50.0,1,1,normal,0
IC_6415,LOT_F,W22,9.6785,11.6114,13.0041,13.847,2.5282,2.6283,12.8561,13.168,50.0,1,1,normal,0
IC_6576,LOT_C,W08,13.513,14.2519,15.2328,16.333,2.5752,2.5937,11.8277,11.9137,50.0,1,1,normal,0
IC_5191,LOT_A,W06,9.0357,10.3836,11.8215,12.4754,2.1047,2.1926,10.6954,10.8175,50.0,1,1,normal,0
IC_6173,LOT_B,W21,8.0692,13.5493,41.0961,77.3346,2.4813,2.8058,11.626,12.2751,50.0,1,1,early_drifter,1
IC_4673,LOT_A,W05,11.3497,13.0944,14.6354,16.2713,2.5905,2.7398,11.4787,11.7149,50.0,1,1,normal,0
IC_4934,LOT_B,W20,10.8459,12.4039,14.2575,14.887,2.5411,2.6611,10.7611,10.8721,50.0,1,1,normal,0
IC_5854,LOT_B,W20,7.7862,8.9152,10.0806,10.2249,2.6929,2.789,9.4725,9.5107,50.0,1,1,normal,0
IC_1058,LOT_D,W16,5.2266,6.4114,7.7348,9.072,2.2165,2.343,11.4319,11.6849,50.0,1,1,normal,0
IC_4645,LOT_A,W05,12.968,14.1591,15.6054,15.8092,2.5603,2.6313,10.0838,10.2461,50.0,1,1,normal,0
IC_4995,LOT_C,W06,13.2567,19.0198,51.2091,92.8452,2.3967,2.7332,10.7264,11.442,50.0,1,1,early_drifter,1
IC_1817,LOT_C,W23,10.7876,12.1186,13.6811,14.3029,1.9713,2.0864,11.6352,11.7965,50.0,1,1,normal,0
IC_5775,LOT_A,W24,10.0487,11.545,12.6304,12.8557,2.5346,2.6054,11.0194,11.331,50.0,1,1,normal,0
IC_4729,LOT_C,W04,11.5424,16.3358,41.9865,76.2475,2.1025,2.3498,12.0305,12.5081,50.0,1,1,early_drifter,1
IC_6786,LOT_C,W14,12.419,18.717,53.3823,98.2812,2.3211,2.7112,11.0069,11.5786,50.0,1,1,early_drifter,1
IC_6105,LOT_B,W06,6.3542,8.0082,9.8975,10.4558,2.4557,2.5468,10.3486,10.7901,50.0,1,1,normal,0
IC_1494,LOT_A,W19,8.5264,9.4682,10.3561,11.2752,1.9695,1.9925,12.0016,12.1502,50.0,1,1,normal,0
IC_6860,LOT_B,W23,7.0,13.0362,48.113,93.5399,2.7388,3.14,9.4785,10.2738,50.0,1,1,early_drifter,1
IC_2286,LOT_D,W10,9.0397,10.486,11.8645,12.3726,2.3532,2.4105,11.1094,11.2865,50.0,1,1,normal,0
IC_6331,LOT_C,W08,11.713,12.8418,13.8777,15.0919,2.0796,2.1497,11.6222,11.8436,50.0,1,1,normal,0
IC_4097,LOT_A,W12,11.0874,12.6441,14.2597,15.5049,2.9292,3.0253,11.5194,11.6746,50.0,1,1,normal,0
IC_3758,LOT_E,W23,69.6483,72.287,88.5526,116.0937,7.0269,7.2039,22.0408,22.4538,50.0,0,0,gross_failure,1
IC_4744,LOT_E,W16,10.8009,11.9161,13.2699,13.2554,2.3371,2.3501,12.0041,12.1252,50.0,1,1,normal,0
IC_5547,LOT_D,W13,8.2574,9.2981,10.8037,11.8884,2.7131,2.772,12.1699,12.3165,50.0,1,1,normal,0
IC_5331,LOT_C,W14,80.2201,82.7736,89.9288,105.1751,7.86,8.0417,21.123,21.481,50.0,0,0,gross_failure,1
IC_2622,LOT_A,W11,9.8892,10.9112,12.0237,13.5001,2.2841,2.3704,10.9301,11.0371,50.0,1,1,normal,0
IC_2178,LOT_E,W11,11.4707,12.3681,13.143,13.9834,1.8876,1.9104,13.3243,13.5118,50.0,1,1,normal,0
IC_5899,LOT_B,W23,6.939,8.0468,9.3622,9.7144,2.3466,2.4065,11.3759,11.5965,50.0,1,1,normal,0
IC_3543,LOT_C,W09,10.3724,11.9049,13.7016,13.8152,2.2102,2.2948,11.919,12.0191,50.0,1,1,normal,0
IC_3892,LOT_E,W16,13.2635,14.4822,15.4708,15.2612,2.4033,2.4754,12.9381,13.0011,50.0,1,1,normal,0
IC_4221,LOT_C,W22,11.9165,13.3222,14.9749,16.0043,2.6425,2.7217,12.364,12.5254,50.0,1,1,normal,0
IC_6313,LOT_D,W04,8.0828,9.0283,10.159,10.906,2.0459,2.0629,11.6863,11.7645,50.0,1,1,normal,0
IC_4088,LOT_B,W16,6.4435,7.632,8.5772,9.0747,2.1074,2.1445,12.0575,12.1951,50.0,1,1,normal,0
IC_6818,LOT_D,W24,11.4476,12.3117,13.0799,14.1028,2.3483,2.4195,12.622,12.6922,50.0,1,1,normal,0
IC_5406,LOT_E,W23,10.1058,11.6494,13.2255,14.1313,2.1967,2.3228,11.9129,12.1509,50.0,1,1,normal,0
IC_4478,LOT_C,W21,11.8897,12.9113,14.0022,14.946,2.4139,2.4599,12.1997,12.3713,50.0,1,1,normal,0
IC_4002,LOT_D,W17,9.2289,10.6817,11.7538,12.6683,2.4651,2.5437,11.8951,11.9071,50.0,1,1,normal,0
IC_1678,LOT_C,W13,10.3904,11.6018,12.1688,12.9139,2.3305,2.4258,10.6713,10.8658,50.0,1,1,normal,0
IC_2226,LOT_F,W03,11.7717,12.6965,13.8781,14.284,1.8614,1.919,13.4706,13.5111,50.0,1,1,normal,0
IC_6601,LOT_E,W02,12.3294,13.6972,14.9448,15.3957,2.4014,2.5676,12.4315,12.6692,50.0,1,1,normal,0
IC_2968,LOT_F,W07,10.8219,12.1008,12.9548,14.2181,1.626,1.7535,15.0512,15.2113,50.0,1,1,normal,0
IC_4107,LOT_A,W13,6.7192,8.4811,9.9687,10.296,2.5256,2.6292,11.5714,11.7971,50.0,1,1,normal,0
IC_2675,LOT_D,W15,11.3406,12.6628,14.3257,14.7322,2.4979,2.595,10.7521,10.9559,50.0,1,1,normal,0
IC_4165,LOT_A,W11,11.5828,12.7689,13.3875,13.915,2.731,2.8008,12.0073,12.1418,50.0,1,1,normal,0
IC_1529,LOT_A,W02,8.3509,10.1262,11.6172,12.8969,1.9741,2.0812,11.5961,11.9937,50.0,1,1,normal,0
IC_1903,LOT_A,W11,9.6531,11.007,12.2258,13.6896,2.1486,2.2352,12.114,12.2254,50.0,1,1,normal,0
IC_5732,LOT_B,W12,12.0046,13.1411,14.8531,15.4301,3.0515,3.0855,10.6045,10.7348,50.0,1,1,normal,0
IC_6111,LOT_B,W16,7.0,13.003,47.295,90.4188,2.4176,2.8256,10.3249,11.1653,50.0,1,1,early_drifter,1
IC_2564,LOT_B,W17,9.3607,10.6304,11.845,12.8107,2.5953,2.6345,12.1301,12.3307,50.0,1,1,normal,0
IC_4820,LOT_F,W03,11.4407,13.2059,14.2947,15.6459,1.9542,2.0433,13.2372,13.5353,50.0,1,1,normal,0
IC_2038,LOT_D,W19,9.4095,10.9361,12.3829,12.9733,1.9959,2.0909,11.2603,11.49,50.0,1,1,normal,0
IC_5451,LOT_B,W06,6.5083,7.3081,8.4267,9.1716,2.5519,2.5743,11.0718,11.1281,50.0,1,1,normal,0
IC_4834,LOT_B,W03,66.2837,75.4533,82.4794,92.5481,7.1296,7.6808,17.7681,18.7785,50.0,0,0,gross_failure,1
IC_2107,LOT_A,W08,8.1993,13.0268,38.1816,72.2681,2.3216,2.6661,10.8014,11.3253,50.0,1,1,early_drifter,1
IC_4598,LOT_D,W13,8.9106,10.0711,10.8039,12.3753,2.0274,2.1612,11.3071,11.2871,50.0,1,1,normal,0
IC_5434,LOT_C,W16,11.8976,13.146,15.0927,16.1912,2.1822,2.1991,11.7448,12.0015,50.0,1,1,normal,0
IC_4261,LOT_F,W12,11.3386,12.7648,13.7481,14.5767,2.2014,2.3242,13.1976,13.5386,50.0,1,1,normal,0
IC_6575,LOT_A,W19,10.7037,12.4215,13.734,15.1658,2.6352,2.7243,11.0373,11.3455,50.0,1,1,normal,0
IC_1176,LOT_B,W11,10.6124,16.5254,50.2844,92.1315,2.6395,2.9769,9.4084,10.1485,50.0,1,1,early_drifter,1
IC_4145,LOT_E,W17,9.9605,11.671,12.8659,14.1652,2.4791,2.6085,12.5128,12.6987,50.0,1,1,normal,0
IC_5551,LOT_E,W13,11.2943,12.3759,13.8033,14.9504,2.6249,2.7184,13.5936,13.5916,50.0,1,1,normal,0
IC_1232,LOT_E,W15,9.0346,10.0952,11.4027,11.9364,1.8126,1.9079,12.1239,11.9862,50.0,1,1,normal,0
IC_6305,LOT_E,W17,9.6648,10.6246,12.2448,12.8981,2.4339,2.5311,12.3832,12.5239,50.0,1,1,normal,0
IC_5989,LOT_D,W15,8.8419,9.9988,11.5441,11.7985,2.2688,2.2779,11.1141,11.1725,50.0,1,1,normal,0
IC_6586,LOT_B,W01,8.4086,9.4744,10.7115,10.9201,2.4705,2.5215,10.383,10.519,50.0,1,1,normal,0
IC_4510,LOT_E,W06,11.9714,13.014,14.2176,15.1048,2.5482,2.6225,13.1496,13.306,50.0,1,1,normal,0
IC_1553,LOT_E,W07,11.1719,12.2685,12.7511,13.839,2.315,2.447,12.174,12.2562,50.0,1,1,normal,0
IC_6073,LOT_E,W23,9.4564,10.9514,12.3119,12.9577,2.0658,2.1541,11.949,12.0613,50.0,1,1,normal,0
IC_6449,LOT_A,W16,9.4171,11.1052,12.9014,13.5687,2.7986,2.8945,11.7541,11.9921,50.0,1,1,normal,0
IC_6047,LOT_A,W12,8.54,9.4382,10.7607,11.886,2.6431,2.6848,11.8264,11.9321,50.0,1,1,normal,0
IC_3496,LOT_D,W03,10.5768,11.5249,11.6686,13.2037,2.7832,2.8212,10.8428,10.8897,50.0,1,1,normal,0
IC_1304,LOT_D,W13,10.6642,11.4975,12.4337,13.572,2.4506,2.4663,10.9329,11.2302,50.0,1,1,normal,0
IC_5932,LOT_C,W15,10.763,11.538,12.4376,13.005,2.1655,2.1862,11.327,11.4337,50.0,1,1,normal,0
IC_6658,LOT_B,W12,9.2937,10.5498,11.6446,12.9778,2.8362,2.8707,11.7822,11.9938,50.0,1,1,normal,0
IC_2143,LOT_D,W10,8.5404,9.4803,10.0142,11.2955,2.3359,2.3912,11.4101,11.6549,50.0,1,1,normal,0
IC_5207,LOT_F,W01,12.878,14.1103,15.8569,16.7615,2.8209,2.8639,12.368,12.6525,50.0,1,1,normal,0
IC_5785,LOT_F,W23,9.4496,10.3433,11.4678,11.5182,1.7142,1.7736,14.0341,14.1059,50.0,1,1,normal,0
IC_5660,LOT_A,W12,10.9007,11.9112,12.7271,13.6384,2.6359,2.6988,11.4848,11.5632,50.0,1,1,normal,0
IC_1714,LOT_E,W21,11.3726,12.5866,14.0894,14.9332,1.9951,2.0729,13.4537,13.4434,50.0,1,1,normal,0
IC_2623,LOT_E,W15,11.2138,11.9676,13.3779,13.6233,2.1502,2.2097,12.6034,12.6055,50.0,1,1,normal,0
IC_2694,LOT_B,W06,38.8104,39.7998,42.1307,42.9342,4.8319,4.8869,15.7844,16.0137,50.0,1,1,latent_distribution_outlier,1
IC_4436,LOT_B,W18,8.3495,9.4644,10.1644,10.2673,2.4106,2.489,12.1164,12.2453,50.0,1,1,normal,0
IC_4058,LOT_F,W22,11.0741,14.6599,35.0129,62.6787,2.5569,2.796,12.5349,12.9573,50.0,1,1,early_drifter,1
IC_5711,LOT_E,W02,11.2195,12.6629,14.4608,15.1321,2.2932,2.3859,12.0426,12.3246,50.0,1,1,normal,0
IC_1090,LOT_E,W09,9.6612,10.7383,11.4203,12.8258,2.497,2.5397,12.1043,12.3286,50.0,1,1,normal,0
IC_5289,LOT_F,W11,14.079,15.1741,16.705,17.1883,2.0473,2.1644,14.5218,14.6228,50.0,1,1,normal,0
IC_4484,LOT_A,W23,9.2423,13.534,35.9385,68.5331,2.7978,3.0044,10.8843,11.3178,50.0,1,1,early_drifter,1
IC_5925,LOT_D,W04,8.6781,10.511,12.1676,13.2301,2.2148,2.3366,12.8834,13.0099,50.0,1,1,normal,0
IC_6309,LOT_B,W07,40.6648,41.6443,43.5844,43.7627,4.5508,4.6195,14.881,15.2101,50.0,1,1,latent_distribution_outlier,1
IC_3584,LOT_E,W03,8.4505,9.4083,9.9212,10.5671,2.0962,2.1541,11.8947,11.9438,50.0,1,1,normal,0
IC_2387,LOT_F,W10,9.4575,10.5352,11.7095,11.7673,1.8352,1.8825,13.3439,13.4308,50.0,1,1,normal,0
IC_2206,LOT_C,W23,12.0125,12.9943,13.7926,14.418,2.1823,2.2118,11.4597,11.631,50.0,1,1,normal,0
IC_3209,LOT_E,W08,9.8038,11.0167,12.0711,13.1832,1.9502,1.9909,11.5244,11.4612,50.0,1,1,normal,0
IC_4027,LOT_A,W20,8.5428,9.6001,10.5505,11.4084,2.689,2.7382,11.3051,11.4019,50.0,1,1,normal,0
IC_2390,LOT_C,W07,12.1094,13.9191,14.9553,16.7137,2.0756,2.1723,11.5668,11.8232,50.0,1,1,normal,0
IC_5024,LOT_B,W09,7.0417,8.3927,10.1996,11.456,2.183,2.2409,12.1577,12.3508,50.0,1,1,normal,0
IC_4741,LOT_C,W12,33.8385,36.5125,37.9196,37.2,3.8304,3.9778,14.2268,14.5144,50.0,1,1,latent_distribution_outlier,1
IC_2300,LOT_C,W20,11.9667,16.5766,42.8467,77.0612,2.2949,2.555,12.2248,12.7683,50.0,1,1,early_drifter,1
IC_6037,LOT_D,W12,12.0916,17.0276,43.6416,77.8596,2.7512,3.0182,12.4391,12.8928,50.0,1,1,early_drifter,1
IC_1749,LOT_C,W01,10.4354,11.57,11.7537,12.8385,2.1755,2.2945,10.9624,11.1687,50.0,1,1,normal,0
IC_1617,LOT_A,W20,11.0177,12.2918,13.7699,14.5924,2.8656,2.9902,11.484,11.6483,50.0,1,1,normal,0
IC_6873,LOT_C,W12,12.6923,13.4637,14.0889,15.4994,2.3948,2.4598,11.1369,11.2743,50.0,1,1,normal,0
IC_6286,LOT_C,W16,11.5829,12.4388,13.5771,14.1758,2.4053,2.493,12.3427,12.2776,50.0,1,1,normal,0
IC_1594,LOT_C,W10,9.8155,10.8878,11.9672,12.7855,2.009,2.1341,10.3147,10.5753,50.0,1,1,normal,0
IC_4078,LOT_B,W03,8.5312,9.4393,10.28,10.7835,2.1731,2.2068,12.6391,12.6517,50.0,1,1,normal,0
IC_3009,LOT_C,W10,10.4377,12.3945,13.8073,14.7661,2.3482,2.5138,11.9398,12.1125,50.0,1,1,normal,0
IC_1366,LOT_F,W08,8.9605,10.4597,11.9986,13.4025,2.1829,2.2459,12.7697,12.8806,50.0,1,1,normal,0
IC_4393,LOT_B,W19,6.8265,8.5806,9.9935,11.2318,2.1027,2.158,11.5585,11.7411,50.0,1,1,normal,0
IC_4317,LOT_D,W16,8.4106,9.6667,11.3373,12.1527,2.3033,2.4478,11.5517,11.8034,50.0,1,1,normal,0
IC_3540,LOT_E,W13,10.8996,11.6347,12.4182,13.1518,2.487,2.5361,12.5872,12.5983,50.0,1,1,normal,0
IC_2304,LOT_F,W06,11.2397,12.7606,14.564,15.8017,2.211,2.3476,13.127,13.3054,50.0,1,1,normal,0
IC_6520,LOT_D,W04,10.4729,11.5569,12.3787,12.7427,2.3743,2.4413,10.2844,10.3739,50.0,1,1,normal,0
IC_2967,LOT_C,W10,12.6137,13.5119,14.3116,15.3578,2.3752,2.3773,11.1563,11.2291,50.0,1,1,normal,0
IC_2597,LOT_C,W05,10.8077,12.2544,13.7381,14.4018,1.8705,1.9585,12.6745,12.9487,50.0,1,1,normal,0
IC_6902,LOT_E,W11,10.2791,11.4061,11.8485,12.9998,2.3446,2.4004,13.0151,13.0386,50.0,1,1,normal,0
IC_4783,LOT_A,W13,9.9442,10.8858,12.6306,12.1631,2.0452,2.0889,12.0488,12.1762,50.0,1,1,normal,0
IC_4296,LOT_A,W20,10.8246,12.259,13.0133,13.9732,3.0402,3.1323,11.9405,12.1184,50.0,1,1,normal,0
IC_6082,LOT_E,W20,10.1112,11.0613,12.1958,12.0676,2.2435,2.3259,11.694,11.7573,50.0,1,1,normal,0
IC_2589,LOT_E,W01,11.2253,12.8583,14.4779,14.7294,2.6088,2.7387,13.4842,13.6744,50.0,1,1,normal,0
IC_2337,LOT_B,W24,9.1091,10.5671,12.5694,13.3811,2.7439,2.8156,10.679,10.9139,50.0,1,1,normal,0
IC_1712,LOT_B,W18,10.686,11.8953,13.1152,13.7821,2.4655,2.5481,10.6938,10.8581,50.0,1,1,normal,0
IC_4833,LOT_B,W22,5.2575,6.6639,8.0348,8.7798,2.4211,2.4628,9.9577,10.1537,50.0,1,1,normal,0
IC_3760,LOT_A,W19,12.3872,16.61,39.2552,70.0944,2.5084,2.7784,12.3035,12.9025,50.0,1,1,early_drifter,1
IC_5787,LOT_A,W17,8.9375,9.9732,10.8019,10.9705,2.4799,2.5058,10.8941,11.1589,50.0,1,1,normal,0
IC_2181,LOT_E,W13,9.2406,10.4572,12.0088,12.5678,2.2962,2.3892,12.322,12.5547,50.0,1,1,normal,0
IC_6194,LOT_F,W13,11.7424,15.1096,31.9312,55.8243,1.6624,1.8112,13.9284,14.3308,50.0,1,1,early_drifter,1
IC_5728,LOT_F,W21,8.4084,9.5591,10.3021,11.4696,1.8827,1.9505,13.6512,13.7349,50.0,1,1,normal,0
IC_3350,LOT_D,W07,10.4696,11.8631,14.0344,14.1229,2.2248,2.2879,11.5074,11.5568,50.0,1,1,normal,0
IC_2948,LOT_B,W03,38.1097,39.8254,42.2422,42.2965,5.0223,5.1282,15.3384,15.7244,50.0,1,1,latent_distribution_outlier,1
IC_2392,LOT_C,W01,11.7117,12.6221,12.9144,13.9752,2.2367,2.2864,12.5696,12.621,50.0,1,1,normal,0
IC_4063,LOT_C,W22,45.4301,47.1138,49.0678,51.3398,4.9153,5.0152,16.212,16.3856,50.0,1,1,latent_distribution_outlier,1
IC_4141,LOT_C,W17,10.9606,12.0744,13.7679,15.4048,2.5229,2.6066,11.469,11.6048,50.0,1,1,normal,0
IC_4346,LOT_E,W17,8.4156,10.0623,11.5293,12.5893,2.3182,2.3963,12.3832,12.3951,50.0,1,1,normal,0
IC_1222,LOT_B,W21,10.384,11.6943,12.9283,13.0948,2.495,2.5461,11.9298,12.1906,50.0,1,1,normal,0
IC_4464,LOT_C,W04,11.8633,13.054,14.2179,15.2967,2.3279,2.4244,12.6101,12.7716,50.0,1,1,normal,0
IC_5688,LOT_F,W02,8.4963,9.7159,10.464,11.8539,1.9954,2.033,13.7455,13.975,50.0,1,1,normal,0
IC_6531,LOT_C,W24,14.2831,15.6019,16.2863,17.5678,2.1616,2.2784,11.7259,11.7131,50.0,1,1,normal,0
IC_6020,LOT_A,W02,7.8039,8.8792,10.3862,10.8086,2.5953,2.639,11.1697,11.5022,50.0,1,1,normal,0
IC_6950,LOT_F,W22,11.8675,18.6214,53.6847,100.5041,2.3876,2.8088,13.1332,13.968,50.0,1,1,early_drifter,1
IC_1329,LOT_B,W15,8.1612,9.8109,11.3616,12.959,2.6666,2.8067,11.5337,11.6842,50.0,1,1,normal,0
IC_2421,LOT_D,W09,9.8993,13.7868,34.7692,62.8446,2.4817,2.6975,12.073,12.5544,50.0,1,1,early_drifter,1
IC_5506,LOT_F,W05,12.0177,13.1022,14.5326,15.2722,2.0378,2.145,13.7851,13.8648,50.0,1,1,normal,0
IC_6563,LOT_D,W23,10.5995,12.1114,13.5785,15.0744,2.8148,2.9528,10.6914,10.7704,50.0,1,1,normal,0
IC_5354,LOT_D,W22,10.4235,11.305,12.674,12.9227,2.5919,2.6694,11.9762,12.2534,50.0,1,1,normal,0
IC_1302,LOT_D,W07,11.4208,15.4257,37.3375,67.579,2.457,2.6762,12.0365,12.4829,50.0,1,1,early_drifter,1
IC_2745,LOT_E,W18,10.0864,11.0988,12.0478,12.7318,2.6208,2.7002,11.4877,11.4278,50.0,1,1,normal,0
IC_6304,LOT_D,W03,9.3153,10.4229,12.1508,13.1098,2.3516,2.4374,12.4499,12.6073,50.0,1,1,normal,0
IC_2039,LOT_D,W01,11.7065,13.137,14.3346,15.6163,2.7725,2.8581,12.5826,12.8021,50.0,1,1,normal,0
IC_4991,LOT_B,W10,9.8375,13.135,32.3237,58.9774,2.582,2.7009,10.5383,10.9188,50.0,1,1,early_drifter,1
IC_6882,LOT_B,W02,8.6496,10.3113,12.2301,12.5871,2.4201,2.5556,10.2597,10.584,50.0,1,1,normal,0
IC_2834,LOT_F,W21,11.2414,12.541,13.1855,14.1116,2.0659,2.1312,13.3648,13.4958,50.0,1,1,normal,0
IC_6457,LOT_D,W16,7.0894,8.2253,8.5398,9.7516,2.3291,2.4136,11.2689,11.3422,50.0,1,1,normal,0
IC_2466,LOT_C,W23,9.7325,11.4288,12.9761,13.6483,2.0053,2.0984,10.959,11.1406,50.0,1,1,normal,0
IC_2993,LOT_E,W22,8.9296,9.8599,10.6669,11.2978,2.1038,2.1163,11.4766,11.5263,50.0,1,1,normal,0
IC_3992,LOT_C,W04,11.4553,12.9843,14.211,15.2404,1.9649,2.0463,12.1419,12.1631,50.0,1,1,normal,0
IC_3167,LOT_A,W16,10.2124,11.1966,11.7549,13.0009,1.9388,1.9881,12.3773,12.43,50.0,1,1,normal,0
IC_5484,LOT_F,W14,10.2176,15.9041,48.5202,91.2886,2.0007,2.3607,13.3263,13.9202,50.0,1,1,early_drifter,1
IC_1922,LOT_E,W06,57.5384,65.8486,81.4243,97.8669,5.897,6.4169,20.2377,21.2183,50.0,0,0,gross_failure,1
IC_1805,LOT_A,W01,11.5252,12.8302,13.7239,14.5105,2.5981,2.6671,12.1646,12.3531,50.0,1,1,normal,0
IC_2891,LOT_A,W15,8.107,9.5791,11.0965,11.6301,2.1802,2.2625,11.94,11.9938,50.0,1,1,normal,0
IC_6292,LOT_C,W03,15.1923,16.4147,18.6081,18.5658,2.3052,2.3796,11.9903,11.9551,50.0,1,1,normal,0
IC_6512,LOT_E,W24,11.5157,12.7334,13.4683,14.4708,2.1699,2.2226,12.2941,12.4488,50.0,1,1,normal,0
IC_3388,LOT_C,W03,12.9869,13.9923,14.7054,16.1962,2.4994,2.5421,12.7016,12.7987,50.0,1,1,normal,0
IC_5309,LOT_B,W21,9.5179,10.4784,11.3665,12.7872,2.7795,2.7647,11.4902,11.5629,50.0,1,1,normal,0
IC_2751,LOT_E,W21,8.4111,9.5584,11.2644,11.3737,2.5275,2.6115,12.5825,12.8894,50.0,1,1,normal,0
IC_5669,LOT_C,W05,12.328,14.4679,16.1192,17.0018,2.4781,2.6287,12.0674,12.2073,50.0,1,1,normal,0
IC_4532,LOT_B,W15,6.8853,7.732,8.2234,8.7761,2.2398,2.3067,11.0057,11.2887,50.0,1,1,normal,0
IC_1999,LOT_E,W07,11.6596,12.3993,13.1405,14.0133,2.1349,2.1717,13.2397,13.3635,50.0,1,1,normal,0
IC_2120,LOT_D,W20,8.7564,10.4186,12.2072,13.7183,2.7858,2.8752,11.7033,11.8982,50.0,1,1,normal,0
IC_4782,LOT_D,W13,9.507,10.3861,11.7129,12.4605,2.697,2.7512,11.5661,11.6028,50.0,1,1,normal,0
IC_4137,LOT_C,W20,10.9446,12.1192,14.265,15.2085,2.199,2.2652,11.2902,11.4898,50.0,1,1,normal,0
IC_6480,LOT_D,W22,10.1646,11.0724,12.2362,12.756,2.6699,2.7499,12.4214,12.535,50.0,1,1,normal,0
IC_6915,LOT_B,W23,8.9923,10.6392,12.2232,13.3269,2.4197,2.5291,11.3328,11.6935,50.0,1,1,normal,0
IC_2975,LOT_C,W23,12.1796,13.3467,14.3284,15.0298,2.0651,2.1183,12.4457,12.3117,50.0,1,1,normal,0
IC_3243,LOT_A,W13,11.4567,12.6219,13.5456,14.5444,2.9322,2.9974,13.183,13.2349,50.0,1,1,normal,0
IC_2558,LOT_A,W08,44.2194,46.6568,48.605,49.9255,5.5894,5.7075,16.6426,16.8652,50.0,1,1,latent_distribution_outlier,1
IC_2978,LOT_C,W02,84.5478,91.427,106.6864,129.0578,8.0734,8.457,22.0626,22.8903,50.0,0,0,gross_failure,1
IC_4507,LOT_D,W08,9.959,11.0109,12.0777,12.1809,2.5575,2.6194,11.2511,11.4529,50.0,1,1,normal,0
IC_3731,LOT_B,W10,7.4493,8.4167,8.6397,9.7203,2.7297,2.75,10.2493,10.5694,50.0,1,1,normal,0
IC_5459,LOT_E,W14,54.362,59.3398,67.517,83.1504,5.834,6.132,19.3036,19.7994,50.0,0,0,gross_failure,1
IC_5495,LOT_E,W07,11.9171,13.8175,15.635,16.0958,2.5181,2.7099,12.148,12.3487,50.0,1,1,normal,0
IC_2007,LOT_C,W06,10.9471,12.75,13.9125,15.5988,2.1162,2.24,12.0102,12.2823,50.0,1,1,normal,0
IC_1898,LOT_B,W22,8.0845,9.0856,9.761,10.2687,2.4291,2.5343,9.3504,9.3297,50.0,1,1,normal,0
IC_6319,LOT_A,W15,9.5238,10.7742,12.6593,12.688,2.4512,2.5066,11.5624,11.7219,50.0,1,1,normal,0
IC_4521,LOT_D,W18,82.0151,87.1415,95.9518,112.0927,8.2164,8.5328,21.9356,22.5842,50.0,0,0,gross_failure,1
IC_4244,LOT_F,W22,9.3467,10.6405,12.5524,13.7555,2.1775,2.2688,12.7245,12.941,50.0,1,1,normal,0
IC_5190,LOT_B,W12,9.2989,10.3566,10.8195,11.2698,2.5857,2.6322,11.4501,11.5311,50.0,1,1,normal,0
IC_6450,LOT_F,W04,10.9643,12.0616,13.5068,14.3738,2.7269,2.7702,13.5735,13.7206,50.0,1,1,normal,0
IC_2204,LOT_A,W04,9.8943,11.0092,11.3164,11.4578,2.475,2.5691,10.5921,10.8077,50.0,1,1,normal,0
IC_3123,LOT_E,W09,12.7384,13.8422,15.3153,16.0531,2.0471,2.0415,13.8534,13.9076,50.0,1,1,normal,0
IC_2141,LOT_D,W19,10.3525,11.6279,12.4938,13.7507,2.6351,2.7171,11.315,11.4775,50.0,1,1,normal,0
IC_3573,LOT_E,W01,9.2415,10.9911,12.5672,13.8077,2.3556,2.4638,11.5929,11.9145,50.0,1,1,normal,0
IC_6124,LOT_D,W13,13.6534,14.0436,15.0965,15.7354,2.9475,2.9892,13.0195,13.0962,50.0,1,1,normal,0
IC_5063,LOT_D,W05,8.1564,9.0225,10.4742,11.1995,2.5059,2.5528,11.1416,11.235,50.0,1,1,normal,0
IC_5613,LOT_B,W01,11.1195,12.1148,12.8625,13.4917,3.0195,3.0795,11.5794,11.5397,50.0,1,1,normal,0
IC_2029,LOT_D,W08,10.7311,11.6616,12.4677,13.0696,2.3042,2.3443,10.8858,10.9988,50.0,1,1,normal,0
IC_2607,LOT_A,W16,7.8597,9.0977,10.5068,10.4551,2.3887,2.4595,11.2117,11.3681,50.0,1,1,normal,0
IC_4675,LOT_F,W15,9.8248,11.5634,13.0628,13.7127,1.6607,1.7214,14.3898,14.6077,50.0,1,1,normal,0
IC_4530,LOT_F,W02,10.1697,11.4989,12.2268,12.9695,2.1054,2.1696,14.1692,14.4061,50.0,1,1,normal,0
IC_2863,LOT_B,W04,6.8683,7.5349,8.9169,8.466,2.5742,2.6129,10.0607,10.1641,50.0,1,1,normal,0
IC_1399,LOT_A,W01,5.3886,6.6575,7.7946,8.9927,1.971,2.0355,11.8077,11.8699,50.0,1,1,normal,0
IC_5271,LOT_D,W15,10.2102,15.1477,41.319,77.3861,2.5168,2.8137,11.6679,12.2747,50.0,1,1,early_drifter,1
IC_6451,LOT_C,W16,12.8877,13.9306,14.9435,15.6556,2.5313,2.5985,13.0175,13.2217,50.0,1,1,normal,0
IC_5565,LOT_E,W14,8.4581,9.7602,11.5747,11.9108,1.8722,1.9837,12.5068,12.5783,50.0,1,1,normal,0
IC_6021,LOT_E,W15,8.2918,9.1467,9.7536,10.6767,1.9499,1.9469,11.1528,11.1319,50.0,1,1,normal,0
IC_5358,LOT_E,W10,9.4814,10.7635,12.2868,13.2238,2.0725,2.1542,11.763,11.9523,50.0,1,1,normal,0
IC_3312,LOT_C,W19,12.7015,14.0162,15.2694,16.4779,2.1583,2.2156,12.3884,12.4572,50.0,1,1,normal,0
IC_4901,LOT_D,W21,10.9502,12.1685,13.015,13.4271,2.3739,2.39,12.2316,12.3941,50.0,1,1,normal,0
IC_3026,LOT_D,W01,13.4281,14.5961,15.642,16.6745,2.657,2.7643,12.4292,12.6223,50.0,1,1,normal,0
IC_1663,LOT_D,W15,8.7055,9.4842,9.7624,11.4243,2.4639,2.5222,11.1796,11.4497,50.0,1,1,normal,0
IC_5034,LOT_B,W23,8.1431,8.9744,9.9153,10.4298,2.569,2.6003,11.2167,11.4052,50.0,1,1,normal,0
IC_5631,LOT_D,W24,46.1518,47.2769,49.0641,50.1325,5.5063,5.5092,17.6137,17.8295,50.0,1,1,latent_distribution_outlier,1
IC_2383,LOT_C,W07,32.4298,33.5528,34.6176,37.1771,3.7272,3.8224,15.8043,16.0853,50.0,1,1,latent_distribution_outlier,1
IC_4240,LOT_F,W03,9.4303,10.6057,11.6422,13.2399,1.9347,2.0093,12.7638,12.6745,50.0,1,1,normal,0
IC_3127,LOT_E,W23,9.5083,10.0064,10.8008,11.4727,1.6167,1.691,12.6334,12.7258,50.0,1,1,normal,0
IC_4779,LOT_D,W04,11.1242,12.6056,14.3652,14.9815,2.8067,2.9195,11.4657,11.7225,50.0,1,1,normal,0
IC_4784,LOT_A,W16,8.6431,9.5231,10.2921,10.3746,2.7152,2.7831,11.4563,11.5508,50.0,1,1,normal,0
IC_1651,LOT_A,W06,10.8395,11.9078,13.0404,13.6058,3.2117,3.2665,12.1723,12.228,50.0,1,1,normal,0
IC_1483,LOT_D,W15,11.1144,12.7058,13.8302,15.3888,2.4099,2.5208,11.9179,12.1263,50.0,1,1,normal,0
IC_6728,LOT_A,W04,8.9396,13.2446,36.9094,68.9056,2.9725,3.221,11.3871,11.9566,50.0,1,1,early_drifter,1
IC_4766,LOT_B,W20,6.7389,7.5795,8.2835,9.0807,2.3015,2.3737,10.5375,10.7191,50.0,1,1,normal,0
IC_3488,LOT_A,W16,10.1889,11.4277,12.7659,13.2199,2.5885,2.65,12.4434,12.5678,50.0,1,1,normal,0
IC_3492,LOT_F,W03,9.5739,11.2331,13.3931,14.0518,1.6761,1.7983,11.5383,11.868,50.0,1,1,normal,0
IC_6901,LOT_B,W07,9.7175,11.2641,12.5171,13.3682,2.5005,2.58,11.1964,11.5643,50.0,1,1,normal,0
IC_5436,LOT_C,W19,70.9225,74.2197,82.9471,100.8715,6.6885,6.8582,19.5795,19.7567,50.0,0,0,gross_failure,1
IC_5335,LOT_B,W12,8.543,9.9425,11.1654,11.6531,2.8329,2.9248,10.246,10.5337,50.0,1,1,normal,0
IC_4564,LOT_A,W06,40.2464,41.6181,43.4138,44.055,4.7791,4.8303,16.0808,16.1883,50.0,1,1,latent_distribution_outlier,1
IC_5239,LOT_F,W06,10.217,11.5723,12.8631,14.2986,1.835,1.8945,14.2283,14.4055,50.0,1,1,normal,0
IC_6721,LOT_D,W15,9.8285,10.5092,11.3787,12.0505,2.227,2.236,11.9172,11.9446,50.0,1,1,normal,0
IC_5081,LOT_A,W10,10.9279,12.5736,14.3537,15.0364,2.5924,2.6709,11.4436,11.5616,50.0,1,1,normal,0
IC_4475,LOT_C,W11,12.1706,13.5057,14.6945,15.4283,2.3835,2.4605,12.4948,12.5482,50.0,1,1,normal,0
IC_1586,LOT_D,W05,10.2896,11.1269,12.39,12.803,2.6464,2.7211,12.3251,12.442,50.0,1,1,normal,0
IC_4990,LOT_C,W23,10.5604,15.5978,43.765,82.0277,2.0233,2.2819,12.1714,12.715,50.0,1,1,early_drifter,1
IC_4173,LOT_A,W24,7.2024,8.6605,9.639,10.5005,2.5171,2.6227,10.5929,10.7482,50.0,1,1,normal,0
IC_2774,LOT_E,W18,13.5966,15.3408,16.6194,18.0821,2.5017,2.607,13.2035,13.5462,50.0,1,1,normal,0
IC_6027,LOT_A,W17,10.6144,11.9844,13.6665,14.5009,2.5113,2.5825,12.5678,12.7714,50.0,1,1,normal,0
IC_5183,LOT_F,W04,11.1429,12.63,13.8983,14.7801,2.3751,2.4481,13.3234,13.4464,50.0,1,1,normal,0
IC_2469,LOT_F,W20,66.9647,70.0909,86.0006,111.5558,6.5222,6.7338,22.6921,23.2322,50.0,0,0,gross_failure,1
IC_4310,LOT_A,W08,8.6261,9.9405,11.66,11.9483,2.3654,2.4319,11.4133,11.726,50.0,1,1,normal,0
IC_4313,LOT_E,W11,44.029,45.342,47.2114,47.3178,5.205,5.3254,17.2605,17.4739,50.0,1,1,latent_distribution_outlier,1
IC_3894,LOT_C,W19,12.2422,13.1935,13.9586,14.1263,2.4752,2.5083,13.55,13.8202,50.0,1,1,normal,0
IC_6427,LOT_E,W10,12.0473,13.3943,14.6545,16.267,2.0455,2.1375,13.0158,13.3382,50.0,1,1,normal,0
IC_1559,LOT_F,W09,10.214,11.5989,13.0319,13.3715,1.9389,2.0111,15.0373,15.1253,50.0,1,1,normal,0
IC_5577,LOT_E,W13,7.9843,9.0448,10.2677,11.6316,1.6879,1.7596,11.9466,12.0655,50.0,1,1,normal,0
IC_6718,LOT_C,W21,11.0169,11.6673,12.3936,13.5664,2.1274,2.2308,12.1996,12.2246,50.0,1,1,normal,0
IC_4200,LOT_D,W13,9.6365,11.3116,12.5807,13.4195,2.5163,2.6291,10.869,11.0759,50.0,1,1,normal,0
IC_1009,LOT_C,W19,12.2334,13.2333,13.9412,14.1457,2.6447,2.7189,11.1453,11.344,50.0,1,1,normal,0
IC_2512,LOT_C,W23,7.8086,9.5331,10.39,11.5586,1.8593,1.9531,11.4621,11.7569,50.0,1,1,normal,0
IC_1251,LOT_A,W24,11.1697,12.1609,13.0581,13.4002,2.8339,2.9018,11.3492,11.384,50.0,1,1,normal,0
IC_3850,LOT_C,W21,10.887,12.1586,13.2317,14.1883,2.0447,2.1497,12.4299,12.7902,50.0,1,1,normal,0
IC_1205,LOT_F,W14,9.3726,10.6769,12.0881,13.076,1.9792,2.0386,13.5658,13.7651,50.0,1,1,normal,0
IC_6083,LOT_E,W24,10.4816,15.0175,41.8395,78.3055,2.3129,2.5966,12.5836,13.1747,50.0,1,1,early_drifter,1
IC_5482,LOT_D,W06,10.4348,11.504,12.3458,13.1492,2.5144,2.5595,10.3739,10.5929,50.0,1,1,normal,0
IC_3574,LOT_D,W07,11.2688,12.2436,12.6861,14.151,2.6171,2.7043,10.334,10.4657,50.0,1,1,normal,0
IC_3674,LOT_A,W21,8.0591,8.807,9.2509,9.7617,2.3933,2.4482,10.9013,11.1964,50.0,1,1,normal,0
IC_2775,LOT_D,W02,8.8499,10.2926,11.2547,12.1767,1.9754,2.0804,11.6497,11.7972,50.0,1,1,normal,0
IC_5247,LOT_A,W09,10.7855,11.8912,12.6756,14.3261,2.8019,2.8685,12.2442,12.4106,50.0,1,1,normal,0
IC_1448,LOT_B,W04,8.6674,9.5521,10.8183,11.3324,2.683,2.7724,11.1019,11.1428,50.0,1,1,normal,0
IC_2919,LOT_C,W02,10.2218,11.0026,11.7431,12.9778,2.2224,2.2885,11.3936,11.521,50.0,1,1,normal,0
IC_2248,LOT_D,W11,9.5012,10.7331,11.9952,12.4018,2.3205,2.3981,12.3915,12.475,50.0,1,1,normal,0
IC_3742,LOT_E,W04,11.5241,13.0524,14.3388,15.4593,2.337,2.4271,13.8536,13.9468,50.0,1,1,normal,0
IC_3842,LOT_C,W02,33.1032,34.5338,36.2545,38.5253,3.8007,3.8762,14.0675,14.2343,50.0,1,1,latent_distribution_outlier,1
IC_5347,LOT_A,W22,9.163,9.972,11.0,12.289,2.1569,2.2334,10.9905,10.9412,50.0,1,1,normal,0
IC_4756,LOT_B,W10,35.1303,37.0434,39.8015,40.2808,4.3646,4.4848,15.8296,16.0096,50.0,1,1,latent_distribution_outlier,1
IC_4046,LOT_E,W13,9.7712,11.6522,13.0682,14.2937,2.1753,2.3008,11.9608,12.4377,50.0,1,1,normal,0
IC_1277,LOT_E,W21,12.3632,13.9252,15.4164,16.5583,2.7294,2.7906,13.2815,13.4544,50.0,1,1,normal,0
IC_3630,LOT_E,W20,10.3048,11.1041,12.6216,13.5855,2.4191,2.4353,12.4018,12.4977,50.0,1,1,normal,0
IC_3759,LOT_A,W16,10.2555,11.8257,13.307,14.0048,3.0609,3.156,11.3806,11.4752,50.0,1,1,normal,0
IC_1845,LOT_E,W21,13.5262,14.6656,15.816,17.211,2.1967,2.2725,14.2478,14.4182,50.0,1,1,normal,0
IC_3651,LOT_D,W12,9.0693,10.6602,11.7778,12.8186,2.5825,2.6686,12.7748,12.9494,50.0,1,1,normal,0
IC_6864,LOT_E,W13,8.5879,9.6101,10.3822,10.7035,1.8532,1.9234,12.3854,12.3558,50.0,1,1,normal,0
IC_3950,LOT_F,W06,11.3386,12.6143,14.0503,15.0588,2.2102,2.3009,13.9972,14.0225,50.0,1,1,normal,0
IC_5860,LOT_F,W17,12.1408,13.0088,13.868,14.1771,1.9247,1.9889,14.1758,14.4336,50.0,1,1,normal,0
IC_3537,LOT_B,W06,9.8734,11.277,12.8634,13.1544,2.479,2.584,10.1828,10.324,50.0,1,1,normal,0
IC_5446,LOT_B,W23,9.0401,10.6796,12.5935,13.2508,2.574,2.6821,11.2179,11.399,50.0,1,1,normal,0
IC_1730,LOT_A,W06,12.4812,13.2899,14.7823,14.2964,2.6742,2.7447,11.4816,11.6088,50.0,1,1,normal,0
IC_2815,LOT_F,W19,8.67,10.4681,11.6716,13.1147,2.0108,2.0896,13.1753,13.3453,50.0,1,1,normal,0
IC_2237,LOT_B,W10,8.9784,10.6662,12.2484,13.0806,2.4245,2.497,11.9579,12.0201,50.0,1,1,normal,0
IC_3869,LOT_E,W21,8.9517,10.3531,11.425,11.9796,1.9647,2.0552,12.1841,12.7069,50.0,1,1,normal,0
IC_4966,LOT_E,W07,11.9068,12.7383,13.8281,15.0132,2.1293,2.238,12.1397,12.243,50.0,1,1,normal,0
IC_2698,LOT_C,W11,11.66,13.3579,15.46,16.4366,2.2152,2.3356,11.5417,11.8781,50.0,1,1,normal,0
IC_6712,LOT_E,W21,10.8176,12.3931,13.4543,14.7376,2.389,2.5198,12.8026,12.9168,50.0,1,1,normal,0
IC_3415,LOT_C,W22,10.285,11.6774,12.9469,14.19,2.0752,2.1734,11.979,12.1398,50.0,1,1,normal,0
IC_5572,LOT_A,W03,7.8726,10.8207,27.1907,49.29,2.237,2.4123,10.7391,11.2128,50.0,1,1,early_drifter,1
IC_6046,LOT_A,W14,7.6577,8.488,9.1867,10.1342,2.6552,2.697,11.7767,11.7461,50.0,1,1,normal,0
IC_5673,LOT_A,W03,8.6837,9.3536,10.2248,11.1698,2.2211,2.2756,11.7081,11.7558,50.0,1,1,normal,0
IC_3913,LOT_C,W22,11.4998,12.9672,14.5094,15.2932,2.1024,2.1858,11.4322,11.7858,50.0,1,1,normal,0
IC_1034,LOT_B,W15,10.8391,11.762,12.8708,13.0298,3.0948,3.1581,12.0528,12.1646,50.0,1,1,normal,0
IC_6346,LOT_F,W07,9.2087,10.1491,11.4871,13.3437,1.9463,1.9676,13.7066,13.8593,50.0,1,1,normal,0
IC_6059,LOT_D,W12,8.2932,9.3339,10.1507,10.488,2.5529,2.5796,11.7697,11.9343,50.0,1,1,normal,0
IC_3219,LOT_F,W20,9.0507,9.8891,11.4225,12.0889,2.0279,2.0632,12.9627,13.0072,50.0,1,1,normal,0
IC_5004,LOT_F,W22,10.865,13.997,29.939,52.3492,1.7761,1.9341,13.6151,14.0621,50.0,1,1,early_drifter,1
IC_4060,LOT_C,W16,9.4807,10.0211,11.2659,11.5183,1.9958,2.0489,11.8099,11.9,50.0,1,1,normal,0
IC_4773,LOT_D,W10,9.73,10.3713,11.4038,11.7354,2.3523,2.3726,11.3994,11.5491,50.0,1,1,normal,0
IC_6322,LOT_A,W07,7.8981,8.8956,9.6531,9.8361,2.1621,2.2138,11.2048,11.2139,50.0,1,1,normal,0
IC_3650,LOT_C,W13,12.4352,13.5408,15.0095,16.2879,1.9772,2.0081,12.1984,12.3598,50.0,1,1,normal,0
IC_5338,LOT_F,W05,11.889,13.4633,15.8519,17.1591,2.2241,2.3244,14.9299,15.1148,50.0,1,1,normal,0
IC_2997,LOT_F,W01,10.3323,11.943,13.8896,14.2927,2.2345,2.3195,13.9963,14.2145,50.0,1,1,normal,0
IC_4755,LOT_A,W05,9.8991,11.1731,12.1048,13.5276,2.7963,2.8905,11.1469,11.3057,50.0,1,1,normal,0
IC_5033,LOT_D,W05,9.6275,10.6244,11.6253,12.6328,2.2933,2.3488,11.3389,11.3606,50.0,1,1,normal,0
IC_6683,LOT_B,W07,8.3487,9.4158,11.1672,11.2056,2.7475,2.8676,9.0068,9.1331,50.0,1,1,normal,0
IC_1724,LOT_F,W19,10.2221,11.3528,12.6081,13.1651,1.6489,1.6912,12.6064,12.8094,50.0,1,1,normal,0
IC_4590,LOT_B,W24,9.4788,10.7377,11.7304,12.6102,2.7135,2.8247,10.4559,10.5784,50.0,1,1,normal,0
IC_3993,LOT_A,W04,12.4859,13.1966,14.967,14.4469,2.7693,2.8415,12.2357,12.2695,50.0,1,1,normal,0
IC_6100,LOT_D,W09,9.834,11.3575,12.6163,13.6861,2.614,2.6697,13.0924,13.1561,50.0,1,1,normal,0
IC_6306,LOT_E,W23,9.1326,9.8595,10.9053,11.6433,2.3243,2.3711,12.7915,12.9623,50.0,1,1,normal,0
IC_5213,LOT_D,W18,11.9109,13.4274,14.8457,15.4027,2.4904,2.5943,11.6734,11.8417,50.0,1,1,normal,0
IC_3819,LOT_A,W20,8.1497,8.9347,9.8826,10.363,2.4732,2.4789,11.3992,11.5368,50.0,1,1,normal,0
IC_3776,LOT_F,W23,13.2041,14.8396,16.2551,17.2645,1.9389,2.0692,14.4186,14.6251,50.0,1,1,normal,0
IC_2503,LOT_B,W23,7.3695,8.7381,9.9514,10.7789,2.6007,2.653,10.4949,10.7056,50.0,1,1,normal,0
IC_3586,LOT_D,W18,10.1856,11.6756,13.6248,15.1264,2.4285,2.5985,13.2049,13.3303,50.0,1,1,normal,0
IC_2874,LOT_E,W01,10.1136,10.8673,11.6961,12.7608,2.1717,2.2072,12.2267,12.232,50.0,1,1,normal,0
IC_4442,LOT_F,W07,9.8341,10.8156,11.9502,12.3566,1.7948,1.8502,13.0341,13.0604,50.0,1,1,normal,0
IC_2792,LOT_F,W14,11.5622,12.7852,14.2919,15.4365,2.5921,2.6732,13.5486,13.6309,50.0,1,1,normal,0
IC_6592,LOT_B,W09,7.8564,13.1901,43.8214,85.1686,2.5479,2.8309,10.4582,11.1117,50.0,1,1,early_drifter,1
IC_1109,LOT_D,W10,9.9931,14.4444,37.088,68.5973,2.6199,2.9112,12.8511,13.4232,50.0,1,1,early_drifter,1
IC_2293,LOT_E,W12,11.1813,12.2069,13.1905,14.0646,2.4901,2.5404,12.175,12.2902,50.0,1,1,normal,0
IC_5916,LOT_E,W24,8.5754,9.2562,9.9512,10.3234,2.0819,2.1394,11.9086,11.9813,50.0,1,1,normal,0
IC_4734,LOT_C,W05,9.6811,14.2294,39.8119,73.1566,2.1992,2.5177,11.7002,12.3772,50.0,1,1,early_drifter,1
IC_2314,LOT_E,W08,11.0353,12.73,14.6163,15.5392,2.2455,2.341,12.0664,12.2918,50.0,1,1,normal,0
IC_2875,LOT_E,W04,10.6289,12.0181,14.0665,14.4569,1.9928,2.1061,12.861,12.9572,50.0,1,1,normal,0
IC_2265,LOT_B,W07,8.3936,9.678,10.2609,11.3826,2.7716,2.801,12.1564,12.2826,50.0,1,1,normal,0
IC_6115,LOT_F,W16,12.2373,13.2897,14.2251,15.0018,2.4839,2.5085,12.0471,12.0974,50.0,1,1,normal,0
IC_4070,LOT_B,W21,4.6959,5.7353,7.1006,8.5119,1.903,1.9536,10.1266,10.4103,50.0,1,1,normal,0
IC_4421,LOT_F,W07,9.7812,11.0417,12.3983,13.4142,2.1108,2.1974,13.2711,13.6339,50.0,1,1,normal,0
IC_2340,LOT_F,W01,11.5453,12.1956,12.8271,13.4101,2.1485,2.1472,12.4335,12.633,50.0,1,1,normal,0
IC_1054,LOT_C,W10,52.0078,55.4916,66.2511,94.9029,5.4518,5.6442,17.2392,17.6372,50.0,0,0,gross_failure,1
IC_4095,LOT_A,W02,11.7854,12.6036,13.2802,13.9434,2.6451,2.7174,12.0073,12.0903,50.0,1,1,normal,0
IC_3533,LOT_C,W14,8.3843,9.8384,11.4307,11.7612,2.1753,2.2422,10.1781,10.436,50.0,1,1,normal,0
IC_6515,LOT_E,W08,12.4511,14.1961,15.5092,16.1725,2.6656,2.829,12.3265,12.5701,50.0,1,1,normal,0
IC_6506,LOT_C,W22,12.7273,14.1479,14.763,14.9709,2.3043,2.3671,11.7901,12.1461,50.0,1,1,normal,0
IC_5502,LOT_D,W12,8.5455,9.7975,10.702,11.3713,2.3384,2.3782,11.9918,12.342,50.0,1,1,normal,0
IC_5461,LOT_F,W02,11.1068,11.925,12.9951,13.7025,1.9716,1.9967,12.4678,12.5338,50.0,1,1,normal,0
IC_2855,LOT_B,W04,7.0892,7.896,9.1467,10.3229,2.37,2.451,12.319,12.4193,50.0,1,1,normal,0
IC_3764,LOT_C,W20,10.5013,12.12,13.0318,14.2193,2.075,2.1763,11.1885,11.4172,50.0,1,1,normal,0
IC_2403,LOT_A,W22,9.8573,10.8786,11.9496,12.8193,2.4669,2.4784,12.007,12.1576,50.0,1,1,normal,0
IC_5037,LOT_F,W11,11.2289,12.72,14.2636,15.8582,2.3947,2.4806,14.4037,14.6613,50.0,1,1,normal,0
IC_3518,LOT_B,W03,5.1189,6.2106,6.7132,8.2441,2.5252,2.5393,10.9876,11.1707,50.0,1,1,normal,0
IC_6193,LOT_F,W24,11.1279,11.7586,13.0273,13.3209,2.18,2.2622,13.1842,13.234,50.0,1,1,normal,0
IC_4248,LOT_C,W16,11.2993,13.0679,14.8579,15.2134,2.36,2.4677,11.2535,11.4078,50.0,1,1,normal,0
IC_1185,LOT_B,W04,7.9822,9.3365,10.5211,11.5286,2.4442,2.5223,11.6866,12.0135,50.0,1,1,normal,0
IC_1498,LOT_E,W21,12.6003,14.2115,15.1706,16.321,2.6559,2.7106,13.0153,13.1121,50.0,1,1,normal,0
IC_2197,LOT_D,W17,10.4631,12.0128,13.6493,15.2188,2.5258,2.6154,11.7524,12.1035,50.0,1,1,normal,0
IC_5486,LOT_A,W04,7.1887,8.2584,9.7021,9.673,2.3072,2.4417,11.6301,11.8195,50.0,1,1,normal,0
IC_4458,LOT_D,W21,8.2046,9.316,10.4693,11.1415,2.2225,2.3078,10.9733,11.0276,50.0,1,1,normal,0
IC_4271,LOT_B,W08,9.1868,10.7551,12.4744,13.6597,2.4935,2.6113,9.8805,9.9422,50.0,1,1,normal,0
IC_2761,LOT_E,W14,7.6774,9.0144,10.6165,10.6806,2.076,2.1557,11.9697,12.2409,50.0,1,1,normal,0
IC_5739,LOT_F,W14,10.2619,11.4523,12.4936,13.1068,2.1799,2.2974,12.1223,12.2506,50.0,1,1,normal,0
IC_3117,LOT_D,W07,12.1843,14.0675,15.1193,15.9623,2.778,2.8968,12.7488,12.9752,50.0,1,1,normal,0
IC_1790,LOT_A,W05,8.5137,10.2951,11.7316,11.8705,2.4927,2.6294,11.2613,11.4591,50.0,1,1,normal,0
IC_2970,LOT_A,W03,9.3517,10.4145,11.6095,12.1252,2.6669,2.7409,11.6436,11.7475,50.0,1,1,normal,0
IC_2841,LOT_B,W21,14.1357,15.7565,17.8294,17.844,2.81,2.9292,11.0172,11.1635,50.0,1,1,normal,0
IC_3065,LOT_C,W03,53.0228,60.6559,66.0531,90.6407,4.9174,5.4202,17.6346,18.5997,50.0,0,0,gross_failure,1
IC_4496,LOT_A,W21,11.336,12.8803,14.5352,16.2187,2.8569,2.9827,12.891,13.1132,50.0,1,1,normal,0
IC_6985,LOT_B,W04,8.4439,9.6951,10.6821,12.2135,2.7745,2.8333,11.0143,11.0928,50.0,1,1,normal,0
IC_2055,LOT_A,W08,11.1153,12.8135,14.7404,15.5547,2.4894,2.6054,12.1911,12.5044,50.0,1,1,normal,0
IC_4465,LOT_B,W12,8.5391,9.1627,10.2688,10.4932,3.0612,3.0513,10.2671,10.4261,50.0,1,1,normal,0
IC_1306,LOT_B,W16,8.0313,9.1127,10.5002,11.4848,2.387,2.4375,11.4961,11.4924,50.0,1,1,normal,0
IC_5129,LOT_C,W15,11.6001,13.0977,14.2443,14.6917,2.045,2.1851,12.1794,12.5768,50.0,1,1,normal,0
IC_1959,LOT_C,W20,12.9818,13.9039,14.7425,15.3067,2.4897,2.5499,12.3354,12.3352,50.0,1,1,normal,0
IC_2927,LOT_C,W13,11.0906,12.1016,13.1443,14.6409,2.3526,2.4245,11.4149,11.5441,50.0,1,1,normal,0
IC_4674,LOT_E,W07,10.6259,11.5722,12.5873,12.4878,1.9894,2.0214,12.8131,12.809,50.0,1,1,normal,0
IC_2782,LOT_D,W23,11.1872,12.974,14.3465,15.2617,2.3612,2.4478,11.2234,11.3125,50.0,1,1,normal,0
IC_4211,LOT_E,W02,9.6015,10.6488,11.4469,12.5994,2.1161,2.1917,12.6366,12.8495,50.0,1,1,normal,0
IC_3825,LOT_A,W11,9.3199,10.9549,12.5581,13.1455,2.1876,2.2966,10.5302,10.6137,50.0,1,1,normal,0
IC_3952,LOT_F,W15,10.4737,11.4472,12.4562,12.7963,1.7658,1.8388,12.9512,13.258,50.0,1,1,normal,0
IC_4561,LOT_C,W01,8.8579,9.6997,10.5881,10.5582,1.8144,1.8552,11.5812,11.6432,50.0,1,1,normal,0
IC_2838,LOT_A,W14,10.2566,11.242,12.4394,12.2648,2.2195,2.2537,11.1081,11.2682,50.0,1,1,normal,0
IC_1446,LOT_E,W06,8.8906,12.1554,28.462,53.5519,2.3186,2.496,12.4074,12.8169,50.0,1,1,early_drifter,1
IC_4956,LOT_C,W24,11.3265,12.6517,14.3299,15.0555,2.3215,2.4336,12.6009,12.773,50.0,1,1,normal,0
IC_2565,LOT_B,W18,10.2315,11.4308,12.3606,13.6378,2.5878,2.6589,11.8685,12.0299,50.0,1,1,normal,0
IC_1175,LOT_D,W15,9.1778,10.3122,11.3095,12.5665,2.1913,2.2387,11.4727,11.547,50.0,1,1,normal,0
IC_5763,LOT_B,W19,9.4447,10.9207,12.6212,13.0381,2.0258,2.1257,11.529,11.775,50.0,1,1,normal,0
IC_3868,LOT_E,W03,8.7305,10.1261,11.7178,12.8416,2.2829,2.3666,12.306,12.5667,50.0,1,1,normal,0
IC_2342,LOT_A,W12,13.5246,14.5116,15.3616,15.9245,2.6049,2.6522,11.7889,12.035,50.0,1,1,normal,0
IC_2009,LOT_F,W08,78.616,80.6976,90.0151,100.6276,7.5431,7.6625,23.8821,24.2316,50.0,0,0,gross_failure,1
IC_6389,LOT_D,W07,9.6281,15.1235,46.3061,89.1441,2.1351,2.4538,11.2017,11.7254,50.0,1,1,early_drifter,1
IC_3695,LOT_D,W01,10.191,11.5137,13.5109,14.4288,2.5046,2.5446,11.933,12.1829,50.0,1,1,normal,0
IC_1269,LOT_F,W07,37.6236,39.2561,40.685,41.0058,4.5218,4.6239,17.08,17.1575,50.0,1,1,latent_distribution_outlier,1
IC_2225,LOT_F,W16,9.5637,10.2641,11.5662,11.1364,2.4043,2.5152,12.8448,13.0321,50.0,1,1,normal,0
IC_6905,LOT_C,W13,10.5858,11.9553,13.0695,13.3886,2.2941,2.3531,11.5563,11.6192,50.0,1,1,normal,0
IC_3946,LOT_E,W03,10.4154,11.1991,12.0521,12.8673,2.763,2.8267,12.3906,12.3643,50.0,1,1,normal,0
IC_1907,LOT_F,W17,32.2483,34.611,36.2768,37.6104,3.7484,3.8378,14.9994,15.1716,50.0,1,1,latent_distribution_outlier,1
IC_1268,LOT_E,W19,7.4457,8.2147,9.3868,9.9516,2.2013,2.2253,12.3468,12.5002,50.0,1,1,normal,0
IC_4952,LOT_D,W24,9.4302,10.9903,11.8791,12.4457,2.3405,2.4377,11.7273,11.9271,50.0,1,1,normal,0
IC_6404,LOT_E,W07,9.1153,10.4225,11.1789,11.8241,1.8472,1.9099,11.6107,11.8709,50.0,1,1,normal,0
IC_1612,LOT_A,W05,7.5267,8.6987,10.081,9.6298,2.3992,2.4358,11.2513,11.3758,50.0,1,1,normal,0
IC_4106,LOT_E,W07,9.482,10.6704,11.6999,12.7597,2.3368,2.4293,12.714,13.0241,50.0,1,1,normal,0
IC_5167,LOT_F,W13,10.9493,11.8703,13.0959,14.0495,1.9878,1.999,12.3803,12.2899,50.0,1,1,normal,0
IC_2099,LOT_B,W12,7.7566,8.9785,9.4313,10.4903,2.3737,2.4706,10.5704,10.6176,50.0,1,1,normal,0
IC_6438,LOT_A,W01,8.6281,9.7758,11.1625,11.9537,2.5352,2.668,11.3656,11.5737,50.0,1,1,normal,0
IC_1415,LOT_A,W13,13.1191,14.1031,14.7838,15.2745,2.8107,2.8704,10.5027,10.6062,50.0,1,1,normal,0
IC_2729,LOT_F,W10,9.5595,10.7471,12.0249,11.6907,2.1446,2.2411,14.2702,14.5772,50.0,1,1,normal,0
IC_1310,LOT_D,W17,9.6731,10.6065,11.6506,11.7938,2.6074,2.603,10.8826,11.056,50.0,1,1,normal,0
IC_5487,LOT_E,W13,7.6013,9.5115,10.5992,11.4252,2.2698,2.3761,11.8124,12.168,50.0,1,1,normal,0
IC_6205,LOT_A,W11,10.6637,14.0167,32.2138,59.4012,2.3612,2.5714,11.2439,11.585,50.0,1,1,early_drifter,1
IC_3723,LOT_C,W11,13.0393,14.3302,16.6162,16.9696,2.3558,2.4642,12.0533,12.1719,50.0,1,1,normal,0
IC_1614,LOT_D,W03,10.6372,12.0641,14.1923,15.417,2.4439,2.5025,11.7494,11.8218,50.0,1,1,normal,0
IC_2640,LOT_A,W06,8.8141,9.7062,10.6654,11.0751,2.7585,2.8499,10.8522,11.0627,50.0,1,1,normal,0
IC_1533,LOT_F,W15,11.2971,12.541,14.2282,15.8218,2.1595,2.194,12.5667,12.7548,50.0,1,1,normal,0
IC_2057,LOT_C,W03,11.6914,12.7929,13.4789,14.766,2.4937,2.5334,12.4718,12.7649,50.0,1,1,normal,0
IC_1247,LOT_F,W16,11.4959,12.6406,13.829,14.3038,1.9535,2.0243,14.2129,14.4499,50.0,1,1,normal,0
IC_4977,LOT_F,W07,11.4499,12.8893,13.7948,14.6337,1.826,1.8789,12.9203,12.9349,50.0,1,1,normal,0
IC_2247,LOT_D,W18,9.0471,10.0584,11.3523,11.9182,2.2947,2.3756,11.6202,11.7879,50.0,1,1,normal,0
IC_3938,LOT_B,W24,8.6569,9.7132,10.5159,11.1701,2.9027,3.0256,10.2803,10.2877,50.0,1,1,normal,0
IC_2334,LOT_F,W21,10.2785,11.5382,12.6531,13.0636,2.1224,2.1657,14.917,15.0734,50.0,1,1,normal,0
IC_1497,LOT_C,W13,11.3651,12.3459,13.4693,13.4054,2.1483,2.1887,12.4676,12.5516,50.0,1,1,normal,0
IC_3966,LOT_A,W06,9.3298,10.6816,11.5718,12.3903,2.8655,2.9268,11.3672,11.5304,50.0,1,1,normal,0
IC_4745,LOT_E,W21,8.6577,9.5035,10.3033,10.6222,2.133,2.1802,12.1316,12.3239,50.0,1,1,normal,0
IC_6632,LOT_B,W01,8.9679,9.7128,10.7268,11.537,2.4231,2.4065,9.7161,9.8373,50.0,1,1,normal,0
IC_3857,LOT_B,W12,11.2027,12.4256,13.9095,14.7081,2.7775,2.8372,12.054,12.1622,50.0,1,1,normal,0
IC_3212,LOT_B,W09,38.024,39.5382,40.7554,40.3665,5.1016,5.1826,14.0909,14.3376,50.0,1,1,latent_distribution_outlier,1
IC_5965,LOT_E,W05,11.4311,12.1261,13.491,13.841,2.1051,2.1839,13.3485,13.4534,50.0,1,1,normal,0
IC_1220,LOT_F,W06,10.1375,11.7872,13.3159,14.396,2.3189,2.3575,14.0009,14.0979,50.0,1,1,normal,0
IC_6866,LOT_E,W18,8.1651,9.6705,11.0627,12.5365,1.579,1.6284,11.6862,11.8678,50.0,1,1,normal,0
IC_5587,LOT_D,W16,9.4487,10.5506,11.5505,12.7205,2.1257,2.2094,11.7557,12.0404,50.0,1,1,normal,0
IC_1300,LOT_E,W22,10.5755,14.9571,38.4208,70.816,2.2077,2.4687,12.2459,12.8698,50.0,1,1,early_drifter,1
IC_2483,LOT_E,W10,35.415,36.6425,38.2414,38.8646,3.836,3.8789,16.269,16.4091,50.0,1,1,latent_distribution_outlier,1
IC_2766,LOT_D,W24,10.7167,11.7699,12.8837,13.0146,2.8545,2.9326,12.0526,12.0702,50.0,1,1,normal,0
IC_4160,LOT_C,W24,11.2866,12.6121,13.866,15.0121,2.1892,2.2561,12.097,12.2774,50.0,1,1,normal,0
IC_3867,LOT_E,W14,7.0355,7.9536,8.5612,9.8698,2.3041,2.3395,10.8289,10.9894,50.0,1,1,normal,0
IC_3503,LOT_D,W19,8.6965,12.0638,30.4404,54.5246,2.2085,2.3901,11.5431,11.9307,50.0,1,1,early_drifter,1
IC_4315,LOT_D,W02,9.9277,11.7145,13.4377,13.5649,2.4994,2.634,10.5441,10.8253,50.0,1,1,normal,0
IC_5997,LOT_F,W14,9.1551,10.9526,12.4341,13.8144,2.4272,2.5312,14.0093,14.2081,50.0,1,1,normal,0
IC_5494,LOT_D,W18,8.7665,9.7196,10.5615,10.5879,2.2377,2.3212,12.0104,11.9773,50.0,1,1,normal,0
IC_4574,LOT_E,W11,8.872,10.4099,12.0631,12.6666,2.4441,2.5471,12.5991,12.6835,50.0,1,1,normal,0
IC_6433,LOT_D,W22,9.4077,10.767,11.3132,12.5324,2.4307,2.5176,11.7242,11.6807,50.0,1,1,normal,0
IC_1506,LOT_C,W24,10.9993,11.6768,12.5539,13.0116,1.6152,1.614,12.0998,12.2074,50.0,1,1,normal,0
IC_2822,LOT_A,W23,12.7782,19.5317,53.8869,100.332,2.7682,3.2178,12.5111,13.5375,50.0,1,1,early_drifter,1
IC_6716,LOT_C,W24,13.8682,14.7586,15.4984,16.4519,2.1456,2.2106,11.8818,12.0808,50.0,1,1,normal,0
IC_2625,LOT_C,W15,45.7737,48.1517,49.6225,50.149,5.1519,5.292,16.3676,16.6386,50.0,1,1,latent_distribution_outlier,1
IC_2713,LOT_D,W04,10.8692,12.1311,13.3861,14.599,2.5164,2.604,12.4175,12.4976,50.0,1,1,normal,0
IC_6751,LOT_D,W02,8.3671,9.0971,10.2269,10.8865,2.1751,2.2199,11.9965,11.9702,50.0,1,1,normal,0
IC_6736,LOT_D,W12,10.1102,11.1153,11.609,13.043,2.0926,2.1694,11.1698,11.2677,50.0,1,1,normal,0
IC_2712,LOT_D,W10,11.0883,11.9941,13.2379,13.4072,2.4003,2.5169,11.7571,11.7676,50.0,1,1,normal,0
IC_1862,LOT_B,W10,8.0338,9.4066,10.6439,11.6582,2.0463,2.0962,10.2983,10.4307,50.0,1,1,normal,0
IC_6854,LOT_E,W17,8.5126,9.8635,11.1537,12.0983,2.1671,2.2784,12.5824,12.8478,50.0,1,1,normal,0
IC_3774,LOT_D,W16,10.9759,11.8381,13.2057,13.5882,2.6057,2.6606,12.6613,12.7859,50.0,1,1,normal,0
IC_1022,LOT_A,W13,8.9657,9.7637,11.5652,11.7795,2.4705,2.4979,11.7619,11.9069,50.0,1,1,normal,0
IC_4303,LOT_D,W15,10.3426,11.6219,12.8117,13.1648,2.7852,2.8371,12.4162,12.6285,50.0,1,1,normal,0
IC_6436,LOT_F,W03,13.9403,15.5961,16.7099,17.9854,2.3629,2.486,12.41,12.6284,50.0,1,1,normal,0
IC_5980,LOT_D,W14,12.7874,14.3493,15.8256,17.1932,2.7857,2.8256,11.8255,12.1453,50.0,1,1,normal,0
IC_1188,LOT_F,W05,9.7076,10.899,11.7478,12.8223,2.0543,2.1315,12.311,12.4035,50.0,1,1,normal,0
IC_6585,LOT_A,W05,12.7711,13.8356,15.8638,16.2442,2.9284,2.9849,10.5769,10.7014,50.0,1,1,normal,0
IC_4557,LOT_D,W22,10.2586,11.3243,12.0306,12.2667,2.584,2.6635,11.8553,11.9586,50.0,1,1,normal,0
IC_5456,LOT_A,W19,10.2908,11.1712,11.6953,12.5098,2.8685,2.9044,10.6328,10.7373,50.0,1,1,normal,0
IC_2937,LOT_C,W05,11.6202,12.4286,13.1919,14.3087,2.2494,2.2676,11.3572,11.5325,50.0,1,1,normal,0
IC_3556,LOT_F,W20,11.6616,13.1563,14.8003,15.5131,2.0491,2.1018,13.8024,14.0566,50.0,1,1,normal,0
IC_1249,LOT_E,W20,12.9424,14.523,15.8293,16.5734,2.8704,2.9155,13.9217,14.201,50.0,1,1,normal,0
IC_3286,LOT_D,W09,37.3246,39.4006,41.9704,43.8368,4.706,4.8379,15.7832,15.9476,50.0,1,1,latent_distribution_outlier,1
IC_1754,LOT_A,W05,7.348,8.1366,8.517,10.1981,2.1197,2.1793,10.9401,11.1312,50.0,1,1,normal,0
IC_5027,LOT_A,W14,9.0763,10.7853,12.3324,13.162,2.3421,2.4435,11.0912,11.3636,50.0,1,1,normal,0
IC_5432,LOT_B,W09,7.6908,8.7202,8.8317,9.7776,2.3641,2.4213,12.6126,12.7922,50.0,1,1,normal,0
IC_1826,LOT_A,W02,12.4694,13.3897,14.3413,14.6021,2.9894,3.0099,12.8255,12.9007,50.0,1,1,normal,0
IC_4111,LOT_D,W10,9.0191,10.2358,11.152,11.6373,2.1346,2.2052,11.7979,12.0132,50.0,1,1,normal,0
IC_3454,LOT_D,W23,9.0431,9.9539,11.2783,11.9794,2.335,2.4096,12.1408,12.4313,50.0,1,1,normal,0
IC_1142,LOT_D,W18,9.4372,11.1477,12.7317,14.7714,2.2287,2.3614,12.6948,12.9299,50.0,1,1,normal,0
IC_2127,LOT_F,W12,10.7374,12.2444,13.8431,15.1496,2.0353,2.1039,12.1873,12.5174,50.0,1,1,normal,0
IC_2292,LOT_F,W01,10.4648,11.6737,13.2406,14.3403,1.9658,2.0672,13.9164,14.0441,50.0,1,1,normal,0
IC_4219,LOT_A,W20,9.2606,10.2952,11.6328,12.3631,2.1233,2.1225,12.0864,12.1491,50.0,1,1,normal,0
IC_2461,LOT_C,W20,9.549,11.1474,12.9044,13.7954,1.8403,1.959,12.2087,12.4126,50.0,1,1,normal,0
IC_2632,LOT_A,W23,7.934,8.9333,10.4918,10.91,2.4111,2.4395,10.5421,10.6217,50.0,1,1,normal,0
IC_6909,LOT_F,W12,10.489,11.2808,12.0051,12.4761,2.1084,2.1463,12.3115,12.2972,50.0,1,1,normal,0
IC_4739,LOT_C,W08,41.7916,44.3862,45.9968,48.6901,4.486,4.5815,16.5162,16.8291,50.0,1,1,latent_distribution_outlier,1
IC_2904,LOT_A,W06,9.4484,10.6915,12.2591,13.0558,2.7002,2.7546,11.1305,11.3891,50.0,1,1,normal,0
IC_5201,LOT_F,W15,10.1903,11.2678,12.4475,13.6464,2.2126,2.2552,14.3973,14.4814,50.0,1,1,normal,0
IC_6687,LOT_D,W14,8.6757,9.8211,10.2507,10.8104,2.2183,2.2975,12.6034,12.6553,50.0,1,1,normal,0
IC_4731,LOT_B,W04,7.5178,9.1544,10.5663,11.4201,2.0377,2.1167,10.6607,10.9601,50.0,1,1,normal,0
IC_5742,LOT_F,W23,10.6801,12.1133,13.095,14.0929,2.2619,2.3799,13.7138,13.6547,50.0,1,1,normal,0
IC_3617,LOT_D,W04,8.772,9.6714,10.2187,11.0153,2.4242,2.4226,10.6192,10.7356,50.0,1,1,normal,0
IC_3298,LOT_C,W19,10.7352,11.6035,13.1151,14.1588,2.1987,2.2417,11.8324,11.832,50.0,1,1,normal,0
IC_2307,LOT_E,W16,10.1724,10.9996,12.1777,12.4369,2.3105,2.3417,12.2533,12.4502,50.0,1,1,normal,0
IC_5837,LOT_D,W12,12.2576,13.9684,14.9301,15.674,2.8366,2.9148,12.9883,13.3182,50.0,1,1,normal,0
IC_3448,LOT_A,W02,11.5687,12.5699,14.0092,14.1172,3.161,3.2253,12.1865,12.1608,50.0,1,1,normal,0
IC_2916,LOT_B,W04,11.2091,12.1915,12.8437,13.7041,2.9347,3.0285,11.7378,11.9836,50.0,1,1,normal,0
IC_6226,LOT_D,W23,8.3815,9.5697,11.1309,12.0074,2.5777,2.5737,11.822,12.058,50.0,1,1,normal,0
IC_2627,LOT_E,W24,12.5369,13.8069,14.9947,15.615,2.4162,2.5347,13.3725,13.4807,50.0,1,1,normal,0
IC_6329,LOT_F,W10,10.6881,12.4327,13.91,15.0589,2.2179,2.3434,12.9211,12.9839,50.0,1,1,normal,0
IC_3755,LOT_E,W04,8.0861,9.194,9.9799,11.4668,1.9854,2.05,12.1891,12.1895,50.0,1,1,normal,0
IC_6568,LOT_B,W08,8.1383,9.0184,10.3476,10.7804,2.2071,2.2612,12.4553,12.6134,50.0,1,1,normal,0
IC_1773,LOT_D,W23,10.3583,11.0251,11.964,12.6069,2.7069,2.7145,10.4703,10.4374,50.0,1,1,normal,0
IC_4963,LOT_C,W07,9.8701,10.9734,12.648,12.4683,2.3854,2.3914,12.1287,12.1245,50.0,1,1,normal,0
IC_4699,LOT_D,W02,10.7363,11.6129,12.1901,12.7151,2.715,2.76,11.3643,11.3457,50.0,1,1,normal,0
IC_3240,LOT_D,W03,11.3883,12.5159,13.8117,14.3874,2.4684,2.5637,12.0263,12.1019,50.0,1,1,normal,0
IC_2455,LOT_B,W20,7.0934,13.1167,46.3901,91.217,2.4973,2.9081,11.6779,12.484,50.0,1,1,early_drifter,1
IC_2642,LOT_B,W08,8.5854,9.5011,10.5622,12.1767,2.2498,2.2891,12.6511,12.5884,50.0,1,1,normal,0
IC_5874,LOT_D,W21,8.5841,9.9144,11.4225,12.2257,2.8116,2.8914,11.6572,11.9425,50.0,1,1,normal,0
IC_4004,LOT_C,W21,12.407,13.2446,14.323,14.5787,2.4558,2.4642,11.9935,11.9265,50.0,1,1,normal,0
IC_2231,LOT_B,W10,11.2617,12.2283,13.0657,13.7966,2.5502,2.6271,9.9898,9.9624,50.0,1,1,normal,0
IC_1979,LOT_F,W06,10.7816,12.1,13.0952,14.2987,1.6601,1.7968,13.8698,13.9533,50.0,1,1,normal,0
IC_2652,LOT_A,W05,12.3536,13.67,14.9707,15.8483,2.9269,2.9869,11.39,11.5838,50.0,1,1,normal,0
IC_5344,LOT_F,W18,8.7549,9.8714,10.4683,10.9513,1.5082,1.6181,13.0166,13.0656,50.0,1,1,normal,0
IC_4423,LOT_D,W18,10.7565,12.1381,13.6161,15.018,2.6288,2.7045,12.6416,12.7232,50.0,1,1,normal,0
IC_4084,LOT_E,W04,9.3095,10.9286,12.601,13.1842,2.0135,2.1153,11.7837,12.121,50.0,1,1,normal,0
IC_5888,LOT_E,W10,10.7108,11.4448,12.5189,12.6622,2.1199,2.2042,12.0418,12.015,50.0,1,1,normal,0
IC_4555,LOT_F,W21,12.3207,14.1035,15.4663,16.2533,2.0515,2.1516,14.2383,14.4797,50.0,1,1,normal,0
IC_1997,LOT_A,W17,7.5537,8.7908,9.8784,10.2439,2.897,2.9581,12.0464,12.1249,50.0,1,1,normal,0
IC_3646,LOT_C,W04,11.8183,13.0351,13.5608,14.0634,2.3959,2.5179,11.5642,11.7695,50.0,1,1,normal,0
IC_3741,LOT_E,W06,9.3485,10.9091,12.4729,13.4702,1.846,1.9829,11.5889,11.9243,50.0,1,1,normal,0
IC_6824,LOT_B,W16,8.3065,9.7867,11.2481,11.4784,2.382,2.455,12.8992,13.0641,50.0,1,1,normal,0
IC_6783,LOT_B,W01,5.7475,6.8289,7.8309,7.9484,2.2726,2.3323,11.0413,11.2205,50.0,1,1,normal,0
IC_4789,LOT_E,W04,11.0297,12.0476,13.3103,13.5311,2.8022,2.8462,12.0344,12.2861,50.0,1,1,normal,0
IC_3440,LOT_A,W23,10.4203,11.5458,12.105,13.1705,2.2412,2.2733,10.8029,11.0634,50.0,1,1,normal,0
IC_3160,LOT_D,W14,10.5165,12.1435,14.4248,15.2264,2.3484,2.468,12.5816,12.8064,50.0,1,1,normal,0
IC_3054,LOT_E,W13,12.4377,14.0884,15.3019,16.0856,2.1084,2.2124,12.1713,12.5492,50.0,1,1,normal,0
IC_1301,LOT_A,W14,10.9878,12.3626,13.9943,14.1498,2.6755,2.7874,11.1146,11.3003,50.0,1,1,normal,0
IC_5174,LOT_F,W16,12.3628,13.4544,14.7763,15.9274,2.0463,2.1113,13.2392,13.4882,50.0,1,1,normal,0
IC_5292,LOT_C,W12,10.9851,16.0942,44.834,84.715,1.8884,2.1657,10.9483,11.4416,50.0,1,1,early_drifter,1
IC_6157,LOT_A,W19,10.5407,12.1032,13.2026,13.988,2.3768,2.4642,10.8883,11.2311,50.0,1,1,normal,0
IC_6739,LOT_E,W07,10.3099,11.5025,12.8115,13.4567,2.4429,2.4922,12.6709,12.995,50.0,1,1,normal,0
IC_6526,LOT_A,W13,9.1854,10.3382,11.8775,12.8205,2.3891,2.5099,10.6124,10.8527,50.0,1,1,normal,0
IC_4186,LOT_D,W06,9.7329,11.1781,11.9727,13.3899,2.6954,2.7852,12.1352,12.1951,50.0,1,1,normal,0
IC_6297,LOT_D,W10,10.1341,10.8721,11.9958,11.5871,2.6285,2.6406,12.0723,12.1485,50.0,1,1,normal,0
IC_5957,LOT_A,W22,10.9702,12.2212,13.9097,15.3826,2.4191,2.5407,11.7993,11.9928,50.0,1,1,normal,0
IC_1539,LOT_A,W18,10.1357,14.2971,36.6245,68.2951,2.5857,2.7839,11.3916,12.0799,50.0,1,1,early_drifter,1
IC_6294,LOT_E,W21,4.2172,5.8757,7.9278,8.1855,1.8387,1.9799,11.8335,12.032,50.0,1,1,normal,0
IC_1792,LOT_F,W22,9.1017,10.2279,11.4584,12.6968,2.1365,2.1579,13.2331,13.5389,50.0,1,1,normal,0
IC_5703,LOT_E,W06,11.4642,12.9269,14.2628,15.7157,2.3095,2.3525,11.9552,12.1506,50.0,1,1,normal,0
IC_6538,LOT_C,W18,11.1751,11.9548,12.9696,13.648,1.8116,1.9347,10.8217,11.0136,50.0,1,1,normal,0
IC_2430,LOT_A,W05,7.1874,8.2788,9.2719,10.0343,1.9479,2.0341,11.5186,11.7803,50.0,1,1,normal,0
IC_3889,LOT_F,W14,37.0035,38.7607,39.9139,40.7115,4.1399,4.2126,18.19,18.3024,50.0,1,1,latent_distribution_outlier,1
IC_1598,LOT_E,W16,57.9597,60.2671,69.393,96.0902,5.9854,6.12,19.5561,19.8673,50.0,0,0,gross_failure,1
IC_2449,LOT_E,W06,9.5689,10.9607,12.3192,12.8839,2.2286,2.3492,12.122,12.4099,50.0,1,1,normal,0
IC_1656,LOT_D,W17,9.5375,11.0676,12.4279,13.4558,2.6785,2.7227,12.6912,12.8088,50.0,1,1,normal,0
IC_3531,LOT_D,W17,9.872,10.7276,11.7418,12.7967,2.3589,2.4147,12.1639,12.3506,50.0,1,1,normal,0
IC_1641,LOT_E,W11,9.4585,11.224,13.044,13.3765,2.1395,2.2392,12.3094,12.5956,50.0,1,1,normal,0
IC_5166,LOT_F,W17,9.2407,13.3625,35.983,67.3988,1.9005,2.1762,14.1836,14.6506,50.0,1,1,early_drifter,1
IC_1196,LOT_C,W22,10.3272,11.0881,12.1869,12.573,1.9232,1.9725,12.4142,12.4446,50.0,1,1,normal,0
IC_3420,LOT_F,W09,8.8887,10.1167,11.933,12.0747,1.8171,1.9079,12.7045,12.6925,50.0,1,1,normal,0
IC_2898,LOT_A,W06,7.0615,7.8594,8.9705,9.541,2.03,2.0711,11.2368,11.2188,50.0,1,1,normal,0
IC_4549,LOT_A,W02,13.0927,14.7632,16.7525,17.2526,2.8695,3.0188,12.5786,12.8189,50.0,1,1,normal,0
IC_1824,LOT_D,W01,11.6365,12.3592,13.405,13.7705,2.3706,2.4098,11.7417,11.8776,50.0,1,1,normal,0
IC_5782,LOT_F,W15,8.8936,9.9482,11.6975,12.5374,2.092,2.1637,12.678,12.9639,50.0,1,1,normal,0
IC_6593,LOT_F,W09,8.1366,13.6076,42.0589,82.1856,1.967,2.3196,13.4394,14.241,50.0,1,1,early_drifter,1
IC_6700,LOT_F,W12,8.951,10.7221,12.1454,13.9639,2.0381,2.1342,12.9156,13.2,50.0,1,1,normal,0
IC_2595,LOT_A,W14,10.067,11.4458,13.7055,14.407,2.7331,2.7629,10.5729,10.643,50.0,1,1,normal,0
IC_6113,LOT_A,W23,10.9645,12.2838,13.4695,14.5381,2.7604,2.8617,12.9697,13.0445,50.0,1,1,normal,0
IC_6165,LOT_E,W22,6.702,7.8977,9.4374,10.5475,1.7593,1.8382,10.9862,11.2221,50.0,1,1,normal,0
IC_3058,LOT_B,W21,8.1201,9.5442,11.2481,12.5064,2.1993,2.288,9.5987,9.7745,50.0,1,1,normal,0
IC_3613,LOT_C,W02,12.1618,13.7956,15.2569,16.4513,2.1616,2.2935,10.5517,10.8015,50.0,1,1,normal,0
IC_5176,LOT_D,W12,10.1946,11.2649,11.9231,13.2215,1.9869,2.0907,12.6274,12.8079,50.0,1,1,normal,0
IC_4887,LOT_A,W22,7.6899,9.0618,10.6392,10.3983,2.4874,2.5969,12.7401,12.9197,50.0,1,1,normal,0
IC_2439,LOT_D,W01,10.5084,11.957,13.2944,13.9822,2.8127,2.8219,11.9164,11.9663,50.0,1,1,normal,0
IC_3815,LOT_C,W08,10.0102,11.2774,11.9155,13.9073,2.3904,2.4476,10.0955,10.3326,50.0,1,1,normal,0
IC_6777,LOT_B,W22,7.4209,8.817,10.6542,10.9611,2.315,2.3761,11.6287,11.933,50.0,1,1,normal,0
IC_5368,LOT_D,W07,8.6161,10.279,11.5434,12.2665,2.3813,2.4408,11.8211,12.1624,50.0,1,1,normal,0
IC_4785,LOT_A,W13,11.1521,12.4442,13.5101,14.0212,2.8724,2.96,12.0442,12.0899,50.0,1,1,normal,0
IC_6805,LOT_C,W13,10.6275,11.8406,13.8273,14.2214,1.9435,2.0259,10.5251,10.7357,50.0,1,1,normal,0
IC_5986,LOT_E,W15,12.3834,13.8145,14.646,15.9803,2.6548,2.7046,12.1184,12.3213,50.0,1,1,normal,0
IC_2360,LOT_B,W23,7.6145,8.4844,9.61,10.0912,2.3442,2.3356,11.1966,11.3078,50.0,1,1,normal,0
IC_1738,LOT_F,W04,10.2042,11.4091,12.2549,13.3148,2.5057,2.5908,14.521,14.7772,50.0,1,1,normal,0
IC_2192,LOT_B,W03,8.2554,14.4811,48.5054,94.4159,2.5237,2.9184,10.8608,11.608,50.0,1,1,early_drifter,1
IC_5491,LOT_C,W01,11.4345,13.0489,14.0991,14.7737,2.1872,2.2698,10.7905,10.9848,50.0,1,1,normal,0
IC_3431,LOT_D,W05,9.3992,10.5478,11.6181,12.7985,2.1728,2.2403,12.105,12.3663,50.0,1,1,normal,0
IC_6791,LOT_E,W17,9.5906,10.534,11.5863,12.3669,1.7822,1.8527,12.3775,12.2773,50.0,1,1,normal,0
IC_3904,LOT_E,W03,8.6584,10.0536,11.0339,12.2685,2.2232,2.3835,11.3442,11.3353,50.0,1,1,normal,0
IC_2195,LOT_C,W19,11.5532,12.7077,13.5241,14.5202,1.8335,1.9213,11.6792,11.8014,50.0,1,1,normal,0
IC_3168,LOT_B,W14,5.6257,6.4091,7.3047,7.5547,2.1637,2.2308,10.761,10.8123,50.0,1,1,normal,0
IC_1239,LOT_C,W18,9.689,10.7237,11.7294,12.1003,2.2399,2.2703,12.1216,12.3635,50.0,1,1,normal,0
IC_2704,LOT_A,W24,8.5153,9.8577,11.5132,11.8069,2.0824,2.1868,11.6363,11.5666,50.0,1,1,normal,0
IC_6359,LOT_A,W22,10.2321,11.0144,11.9434,12.5818,2.8415,2.8705,12.3496,12.4082,50.0,1,1,normal,0
IC_4283,LOT_A,W14,6.7581,8.2698,9.253,10.6159,2.2489,2.3338,10.7258,10.8638,50.0,1,1,normal,0
IC_5585,LOT_C,W01,11.3469,12.2103,13.1234,13.9408,1.948,1.9706,12.2582,12.4935,50.0,1,1,normal,0
IC_2320,LOT_F,W05,42.097,44.3748,47.2376,47.4945,4.8219,4.9862,16.7375,17.2187,50.0,1,1,latent_distribution_outlier,1
IC_3210,LOT_B,W19,9.0379,10.033,10.8119,11.3703,2.6745,2.7841,11.0332,11.1636,50.0,1,1,normal,0
IC_5175,LOT_D,W04,11.7729,13.4096,14.783,15.7933,2.7385,2.8401,13.3503,13.5541,50.0,1,1,normal,0
IC_2149,LOT_E,W16,10.5885,17.4223,52.5524,100.8117,2.2139,2.6488,12.5635,13.5956,50.0,1,1,early_drifter,1
IC_6332,LOT_D,W04,8.6239,9.5441,10.8885,11.624,2.1022,2.1693,11.6472,11.8682,50.0,1,1,normal,0
IC_3103,LOT_F,W19,10.0489,14.1671,35.7236,65.2734,2.089,2.4166,11.0583,11.4207,50.0,1,1,early_drifter,1
IC_1963,LOT_C,W10,12.1352,13.343,14.0542,14.0923,1.9352,1.9882,11.05,11.2488,50.0,1,1,normal,0
IC_1722,LOT_D,W07,9.1753,10.542,11.7669,13.2632,2.9054,3.0094,12.4281,12.4777,50.0,1,1,normal,0
IC_5291,LOT_D,W02,9.83,11.2706,13.1124,13.9119,2.3737,2.454,12.4295,12.6587,50.0,1,1,normal,0
IC_1623,LOT_B,W04,11.0033,12.083,13.4623,13.9678,2.6274,2.6873,11.6853,11.865,50.0,1,1,normal,0
IC_2479,LOT_E,W08,11.0632,12.5825,13.9816,15.5082,2.4166,2.5273,13.3295,13.4772,50.0,1,1,normal,0
IC_6097,LOT_B,W14,8.7888,9.4666,10.2333,11.0476,2.2007,2.263,11.6732,11.6031,50.0,1,1,normal,0
IC_6199,LOT_E,W14,9.7293,11.3896,13.0993,13.2747,1.7219,1.8454,12.6462,12.7458,50.0,1,1,normal,0
IC_4019,LOT_B,W03,9.4962,10.5445,11.4771,11.6129,2.6295,2.737,10.972,11.0605,50.0,1,1,normal,0
IC_6026,LOT_B,W04,9.0695,10.0636,10.7303,11.7513,2.7011,2.7945,10.3347,10.4718,50.0,1,1,normal,0
IC_4199,LOT_A,W12,11.6417,12.6653,13.7019,14.2484,2.9179,2.9635,11.9435,12.188,50.0,1,1,normal,0
IC_1172,LOT_A,W01,11.7334,12.7948,12.8807,14.1239,2.7716,2.863,11.0799,11.2328,50.0,1,1,normal,0
IC_5794,LOT_F,W16,10.9743,11.9062,12.9489,13.0106,2.273,2.3372,13.5525,13.6277,50.0,1,1,normal,0
IC_4903,LOT_C,W18,12.9222,13.886,14.041,14.3131,1.8843,1.9745,10.9091,11.1206,50.0,1,1,normal,0
IC_3816,LOT_D,W23,84.7032,93.0969,105.1922,126.1367,8.6242,9.1125,22.7286,23.6327,50.0,0,0,gross_failure,1
IC_3452,LOT_C,W24,11.9131,13.0772,13.9109,15.2103,2.2614,2.3359,11.0093,11.3151,50.0,1,1,normal,0
IC_4399,LOT_D,W16,10.0634,11.3776,12.531,13.3855,2.5305,2.6067,12.8708,13.0405,50.0,1,1,normal,0
IC_2672,LOT_B,W20,8.7909,9.7878,10.8588,11.0943,2.8413,2.9053,10.1707,10.2908,50.0,1,1,normal,0
IC_6223,LOT_C,W21,9.8283,13.3656,31.3448,55.4141,2.536,2.7591,13.2492,13.5996,50.0,1,1,early_drifter,1
IC_5100,LOT_E,W16,8.8982,9.7398,10.2443,10.9359,1.9961,2.0613,12.5447,12.6403,50.0,1,1,normal,0
IC_6281,LOT_D,W11,8.2912,9.8779,11.2095,11.8378,2.3257,2.404,11.6478,11.8025,50.0,1,1,normal,0
IC_4037,LOT_D,W03,10.7204,12.5362,13.8877,14.6079,2.8548,2.9878,12.2914,12.2603,50.0,1,1,normal,0
IC_2708,LOT_E,W11,9.6188,11.2529,12.3475,13.6177,2.217,2.3157,12.6718,12.8623,50.0,1,1,normal,0
IC_1093,LOT_E,W11,10.3515,11.2384,12.5093,13.2539,2.4661,2.5184,13.2731,13.3672,50.0,1,1,normal,0
IC_5169,LOT_E,W15,13.3349,14.2747,15.1224,15.4329,2.4253,2.468,12.566,12.6018,50.0,1,1,normal,0
IC_1020,LOT_C,W19,12.6734,13.4675,14.1318,14.6797,2.4279,2.451,11.0299,11.241,50.0,1,1,normal,0
IC_6572,LOT_F,W22,11.6627,13.2474,14.4475,15.9847,1.5823,1.6865,13.4627,13.6593,50.0,1,1,normal,0
IC_3941,LOT_E,W02,10.0609,10.9498,12.1984,12.162,1.7666,1.8039,12.6264,12.6145,50.0,1,1,normal,0
IC_2669,LOT_C,W23,10.5783,11.5259,11.9414,13.9297,1.6476,1.7187,11.7399,11.9227,50.0,1,1,normal,0
IC_1353,LOT_E,W05,10.939,11.647,12.7688,13.158,1.7481,1.7734,11.0439,11.2609,50.0,1,1,normal,0
IC_5906,LOT_F,W05,10.9561,12.1189,12.9985,14.1363,2.1929,2.247,14.6871,14.9097,50.0,1,1,normal,0
IC_5283,LOT_D,W14,9.5574,16.0396,50.8642,96.0152,2.4641,2.8458,12.7715,13.7468,50.0,1,1,early_drifter,1
IC_1836,LOT_E,W10,11.1103,11.8145,12.6294,13.0262,2.2454,2.2898,13.1311,13.1373,50.0,1,1,normal,0
IC_1372,LOT_A,W12,10.8695,12.1075,12.6213,13.0927,2.5911,2.6466,10.0963,10.403,50.0,1,1,normal,0
IC_1992,LOT_F,W17,11.7165,13.0077,14.5134,14.9517,2.1873,2.238,13.9483,14.1668,50.0,1,1,normal,0
IC_1493,LOT_D,W14,9.2645,10.4716,12.0715,12.821,2.4798,2.5708,12.5212,12.7489,50.0,1,1,normal,0
IC_1082,LOT_E,W15,11.03,11.838,12.8663,13.6974,2.1939,2.2216,11.4741,11.3737,50.0,1,1,normal,0
IC_6075,LOT_F,W01,9.8658,15.6843,46.822,87.7741,1.6454,2.0089,13.5433,14.2017,50.0,1,1,early_drifter,1
IC_4512,LOT_E,W04,10.6799,11.5476,12.0611,13.8516,2.4629,2.5203,12.0891,12.3037,50.0,1,1,normal,0
IC_2718,LOT_E,W14,11.5114,12.5179,13.0372,14.0605,2.3674,2.4391,12.14,12.3579,50.0,1,1,normal,0
IC_3687,LOT_D,W14,9.4821,10.1816,11.1687,10.9598,2.5632,2.621,11.509,11.5806,50.0,1,1,normal,0
IC_1955,LOT_C,W05,12.2038,13.61,15.2021,16.2789,2.3711,2.4765,11.5667,11.9735,50.0,1,1,normal,0
IC_1178,LOT_D,W10,8.9051,10.4423,11.6254,11.9449,2.5614,2.6794,11.4467,11.523,50.0,1,1,normal,0
IC_5128,LOT_E,W03,9.7753,13.0078,30.3139,53.678,2.2015,2.4076,12.8368,13.4492,50.0,1,1,early_drifter,1
IC_1110,LOT_F,W03,39.8112,41.6122,42.8581,43.9981,4.7895,4.901,17.2289,17.6323,50.0,1,1,latent_distribution_outlier,1
IC_2290,LOT_A,W13,7.5658,8.6997,9.2981,9.887,2.0044,2.0679,11.1814,11.288,50.0,1,1,normal,0
IC_4924,LOT_A,W04,11.5564,12.6388,14.1766,14.8344,2.5248,2.6134,11.5128,11.5913,50.0,1,1,normal,0
IC_2705,LOT_B,W14,8.2595,9.6572,10.6583,10.9337,2.6047,2.6279,10.8773,11.0726,50.0,1,1,normal,0
IC_5956,LOT_A,W05,7.933,8.6013,9.684,9.5443,2.3509,2.3485,11.7409,11.6096,50.0,1,1,normal,0
IC_5606,LOT_D,W17,9.2445,10.2945,10.7234,11.504,2.4923,2.5631,11.5524,11.7065,50.0,1,1,normal,0
IC_2772,LOT_F,W21,10.7109,11.6559,12.7489,14.0663,2.0656,2.0935,13.0761,13.2975,50.0,1,1,normal,0
IC_1394,LOT_A,W19,6.7912,7.7023,8.6705,8.7983,2.5847,2.6215,10.9593,11.0847,50.0,1,1,normal,0
IC_5850,LOT_E,W10,12.4139,14.0672,15.6724,16.4114,2.5092,2.6397,12.8377,13.2238,50.0,1,1,normal,0
IC_6024,LOT_A,W14,9.5639,10.9329,11.835,12.0935,2.5686,2.6454,11.5796,11.6716,50.0,1,1,normal,0
IC_2281,LOT_C,W23,11.0015,12.635,13.1516,14.1237,2.1145,2.2167,9.7843,10.0837,50.0,1,1,normal,0
IC_2930,LOT_C,W07,9.2816,13.1579,35.1901,64.6881,2.3709,2.6264,10.7929,11.3951,50.0,1,1,early_drifter,1
IC_5093,LOT_B,W07,9.4901,10.6411,11.5822,12.1415,2.4473,2.4728,12.8953,13.0209,50.0,1,1,normal,0
IC_4056,LOT_D,W02,10.9247,12.7179,14.6578,15.3539,2.376,2.5022,10.1674,10.3379,50.0,1,1,normal,0
IC_5594,LOT_D,W24,9.4193,10.5407,11.5874,12.6629,2.3893,2.4638,11.092,11.2831,50.0,1,1,normal,0
IC_4453,LOT_E,W09,7.9317,9.0694,9.4201,10.1071,2.3635,2.4268,12.2883,12.306,50.0,1,1,normal,0
IC_4715,LOT_E,W20,10.693,11.5024,12.4847,13.0398,2.5021,2.5523,11.8354,11.9359,50.0,1,1,normal,0
IC_1832,LOT_F,W11,11.5044,12.5719,13.6011,14.1103,2.6918,2.7367,14.5477,14.7045,50.0,1,1,normal,0
IC_5121,LOT_C,W07,10.3628,12.1282,13.8231,14.7304,2.5566,2.6781,11.7392,12.0347,50.0,1,1,normal,0
IC_1850,LOT_D,W10,9.4516,10.5284,11.4843,11.5299,2.6642,2.7782,11.0574,11.0594,50.0,1,1,normal,0
IC_1941,LOT_A,W21,12.3232,14.1732,15.3902,16.0454,2.7473,2.8329,11.909,12.1003,50.0,1,1,normal,0
IC_3898,LOT_A,W14,13.2842,14.5558,16.1588,17.1276,2.4959,2.5643,11.6474,11.6366,50.0,1,1,normal,0
IC_2801,LOT_F,W14,10.3603,11.1252,12.0608,12.2341,1.6688,1.7415,13.7165,13.7901,50.0,1,1,normal,0
IC_2078,LOT_E,W23,12.9577,14.615,16.399,17.1682,2.3431,2.3994,13.0762,13.3198,50.0,1,1,normal,0
IC_1776,LOT_F,W18,63.2349,67.7306,86.32,108.022,6.3001,6.579,22.1567,22.7821,50.0,0,0,gross_failure,1
IC_5967,LOT_C,W16,9.4785,11.0748,12.3622,12.5608,2.3208,2.3882,11.7928,12.2176,50.0,1,1,normal,0
IC_1454,LOT_D,W21,10.3188,11.8617,13.2517,14.391,2.5563,2.5741,11.2031,11.3659,50.0,1,1,normal,0
IC_6530,LOT_D,W12,12.0507,13.7537,15.1532,17.097,2.6337,2.7907,11.9108,12.2759,50.0,1,1,normal,0
IC_3511,LOT_D,W08,12.8256,14.2564,15.825,15.1364,2.5404,2.5874,12.3345,12.5894,50.0,1,1,normal,0
IC_4850,LOT_F,W23,10.7023,12.231,13.9256,14.7342,3.1411,3.2501,13.9527,14.1727,50.0,1,1,normal,0
IC_6146,LOT_D,W08,7.4473,8.696,10.3503,10.6495,2.359,2.4099,9.4779,9.7641,50.0,1,1,normal,0
IC_4409,LOT_C,W13,10.3869,11.347,11.8135,12.5761,2.361,2.4367,11.604,11.735,50.0,1,1,normal,0
IC_4030,LOT_A,W13,9.8008,10.9749,11.8388,12.7612,2.3657,2.4888,11.5175,11.5978,50.0,1,1,normal,0
IC_1952,LOT_C,W13,11.5526,13.1574,14.4029,15.5602,2.2868,2.4229,12.0921,12.3416,50.0,1,1,normal,0
IC_5772,LOT_F,W03,7.8136,8.7584,9.9698,10.338,1.8902,1.9053,13.0653,13.2814,50.0,1,1,normal,0
IC_2742,LOT_A,W11,7.3683,8.6882,9.7228,10.7803,2.314,2.435,10.0459,10.1877,50.0,1,1,normal,0
IC_3005,LOT_C,W24,11.7149,12.5128,13.2027,14.2679,2.1508,2.1908,11.9984,12.116,50.0,1,1,normal,0
IC_4146,LOT_A,W19,11.8526,12.8186,14.292,14.2624,2.5025,2.5883,11.8932,12.0837,50.0,1,1,normal,0
IC_2648,LOT_D,W07,9.1053,10.725,11.8332,13.5556,2.3671,2.4283,11.1802,11.3797,50.0,1,1,normal,0
IC_2188,LOT_D,W08,9.3086,10.4551,12.0519,12.6823,2.5804,2.6171,12.8782,13.2266,50.0,1,1,normal,0
IC_5159,LOT_A,W16,9.252,10.7137,11.8677,13.3446,2.6789,2.7628,11.8764,12.0114,50.0,1,1,normal,0
IC_3634,LOT_A,W01,9.4765,10.6731,11.8927,12.9567,2.7683,2.8562,11.5102,11.8948,50.0,1,1,normal,0
IC_1248,LOT_F,W20,10.2319,11.7074,13.2847,14.8039,1.5212,1.6402,15.2994,15.4583,50.0,1,1,normal,0
IC_5371,LOT_E,W09,10.7826,12.5677,13.8679,15.1169,2.6102,2.7189,12.4504,12.7096,50.0,1,1,normal,0
IC_3947,LOT_F,W10,11.3578,12.7873,13.9489,14.62,1.9796,1.995,12.0959,12.2146,50.0,1,1,normal,0
IC_1055,LOT_A,W17,7.4306,8.318,8.9976,9.7204,2.092,2.1657,12.5269,12.567,50.0,1,1,normal,0
IC_5102,LOT_A,W12,10.078,11.2711,12.1855,12.6003,2.7542,2.8102,11.6119,11.7727,50.0,1,1,normal,0
IC_2631,LOT_E,W04,10.7293,11.5344,12.7314,13.6867,2.5216,2.5922,12.6325,12.7405,50.0,1,1,normal,0
IC_6705,LOT_B,W01,8.6994,10.0668,11.2696,12.3024,2.4332,2.5679,11.5692,11.8067,50.0,1,1,normal,0
IC_3771,LOT_C,W15,11.4882,12.4461,13.9838,14.4475,2.2488,2.3533,11.4394,11.4935,50.0,1,1,normal,0
IC_4758,LOT_A,W19,9.576,10.781,12.035,12.7003,2.5142,2.5425,10.6239,10.8457,50.0,1,1,normal,0
IC_6678,LOT_F,W16,10.4412,15.4864,43.0607,80.2847,2.1112,2.4985,13.7156,14.3615,50.0,1,1,early_drifter,1
IC_5568,LOT_F,W04,11.8149,12.7115,14.1973,13.9681,2.3772,2.396,13.1976,13.2696,50.0,1,1,normal,0
IC_3615,LOT_D,W23,11.8648,13.128,14.1302,14.2031,2.3246,2.3988,12.4026,12.5643,50.0,1,1,normal,0
IC_3538,LOT_E,W04,7.5179,9.3376,10.7167,11.9018,2.0552,2.1696,11.5471,11.683,50.0,1,1,normal,0
IC_1545,LOT_B,W03,7.9053,9.6361,10.3399,12.2191,2.0314,2.0903,11.3637,11.5664,50.0,1,1,normal,0
IC_4893,LOT_B,W04,8.5466,10.0173,11.3994,12.0204,2.4568,2.5133,11.4329,11.3257,50.0,1,1,normal,0
IC_5257,LOT_B,W06,11.5932,12.3401,13.6515,14.0866,2.7739,2.8314,9.8469,10.1313,50.0,1,1,normal,0
IC_2276,LOT_E,W17,10.533,12.2823,13.7275,14.7313,2.0491,2.1289,13.1099,13.3396,50.0,1,1,normal,0
IC_3502,LOT_D,W03,13.9058,14.5996,15.8789,16.1653,2.7684,2.8435,12.6138,12.8045,50.0,1,1,normal,0
IC_6149,LOT_F,W06,12.3661,14.0154,15.3682,16.8414,2.4115,2.5036,14.9312,15.0763,50.0,1,1,normal,0
IC_6863,LOT_F,W09,11.2009,12.501,13.5518,14.0373,2.4095,2.4804,13.3699,13.5756,50.0,1,1,normal,0
IC_5531,LOT_C,W03,10.7953,14.3504,33.7304,61.3669,2.313,2.4948,12.5448,13.0023,50.0,1,1,early_drifter,1
IC_1778,LOT_A,W03,10.2509,11.7968,12.955,14.3316,2.4933,2.5701,10.4986,10.4342,50.0,1,1,normal,0
IC_1299,LOT_A,W21,10.7535,11.9235,12.54,14.4258,2.693,2.777,12.0367,12.26,50.0,1,1,normal,0
IC_3576,LOT_C,W05,10.9956,12.7093,14.6238,15.3193,1.9337,2.0524,12.207,12.3758,50.0,1,1,normal,0
IC_4655,LOT_A,W21,80.9672,87.9365,107.7708,137.4456,8.5474,8.9083,21.4162,22.1594,50.0,0,0,gross_failure,1
IC_5750,LOT_C,W10,11.4331,17.2465,48.268,89.2518,2.0364,2.356,11.3693,12.1534,50.0,1,1,early_drifter,1
IC_5274,LOT_B,W23,8.5248,9.8597,11.109,12.1262,2.3673,2.463,10.5764,10.8378,50.0,1,1,normal,0
IC_3662,LOT_C,W20,13.1763,14.4903,15.5051,15.8624,2.0088,2.0976,11.5793,11.652,50.0,1,1,normal,0
IC_4435,LOT_F,W12,10.8141,12.1831,13.3377,14.5465,2.4683,2.5371,13.6284,14.0129,50.0,1,1,normal,0
IC_1123,LOT_E,W21,7.449,9.0026,9.9959,11.4257,2.1319,2.2497,12.7504,12.9562,50.0,1,1,normal,0
IC_4565,LOT_B,W23,10.2062,11.2516,12.6307,12.3785,2.2818,2.3373,12.6338,12.862,50.0,1,1,normal,0
IC_4254,LOT_F,W05,12.0108,12.4469,13.9382,14.3203,2.2013,2.1774,14.098,14.1492,50.0,1,1,normal,0
IC_6753,LOT_D,W17,11.4625,13.104,14.5297,16.0004,2.2721,2.3427,12.2529,12.3572,50.0,1,1,normal,0
IC_3443,LOT_B,W08,12.5858,13.7821,14.5865,15.2114,2.854,2.9355,13.8358,13.9647,50.0,1,1,normal,0
IC_6685,LOT_B,W09,9.7806,11.4695,13.0786,13.8512,2.842,2.9424,9.1633,9.368,50.0,1,1,normal,0
IC_2048,LOT_D,W08,39.1496,40.2035,42.4475,43.9524,4.7757,4.8282,16.1674,16.2757,50.0,1,1,latent_distribution_outlier,1
IC_4057,LOT_B,W16,11.3386,12.9729,14.7271,15.5022,2.685,2.78,9.8158,9.9525,50.0,1,1,normal,0
IC_4954,LOT_E,W07,9.4424,10.4143,11.898,12.4702,2.5024,2.5789,12.0673,12.2514,50.0,1,1,normal,0
IC_2402,LOT_B,W15,9.8016,10.9942,12.2356,12.9363,2.9339,2.9818,12.5523,12.6011,50.0,1,1,normal,0
IC_5644,LOT_A,W23,13.1007,14.5306,15.6665,17.3332,2.3692,2.4258,13.2775,13.3422,50.0,1,1,normal,0
IC_4378,LOT_B,W09,10.0963,11.8826,12.8289,14.2408,2.3581,2.477,10.4542,10.6231,50.0,1,1,normal,0
IC_3235,LOT_B,W23,12.2666,13.4734,14.4712,15.2126,3.0221,3.138,10.9235,11.1019,50.0,1,1,normal,0
IC_3905,LOT_C,W20,10.2129,10.6537,11.7245,11.8702,2.0955,2.1157,10.6892,10.7372,50.0,1,1,normal,0
IC_1610,LOT_C,W07,9.279,10.384,11.0744,12.211,2.4023,2.4534,12.7282,12.9433,50.0,1,1,normal,0
IC_3965,LOT_F,W21,10.4231,11.1893,12.3851,12.297,2.4036,2.4415,13.5731,13.5608,50.0,1,1,normal,0
IC_3738,LOT_E,W04,11.1509,12.3034,13.8215,14.4402,2.2952,2.3383,13.7186,13.7914,50.0,1,1,normal,0
IC_6633,LOT_E,W15,7.7682,9.2433,10.2305,11.4783,2.0789,2.1834,12.0653,12.2324,50.0,1,1,normal,0
IC_2477,LOT_A,W17,8.358,9.183,10.0881,10.7225,2.5178,2.5965,10.6263,10.7486,50.0,1,1,normal,0
IC_4293,LOT_A,W05,15.8396,17.2566,19.134,19.9204,3.1807,3.2505,12.6184,12.8006,50.0,1,1,normal,0
IC_1693,LOT_D,W19,11.6569,13.479,15.3135,16.202,2.6433,2.7716,11.9601,12.1419,50.0,1,1,normal,0
IC_4158,LOT_C,W02,12.4348,13.2555,14.275,14.2989,2.4885,2.5145,11.289,11.3977,50.0,1,1,normal,0
IC_6365,LOT_B,W23,6.5304,8.04,9.7614,10.7422,2.1793,2.2797,9.4991,9.5635,50.0,1,1,normal,0
IC_3550,LOT_B,W20,10.028,11.3757,12.6834,13.6711,2.033,2.1353,10.8625,10.834,50.0,1,1,normal,0
IC_3569,LOT_F,W23,13.2713,14.4905,15.4074,16.1244,2.3283,2.4509,13.7996,14.0801,50.0,1,1,normal,0
IC_4588,LOT_E,W01,10.8473,12.3214,13.8117,14.9886,2.2274,2.3299,12.3393,12.5536,50.0,1,1,normal,0
IC_4391,LOT_D,W22,10.1669,11.6149,13.1063,13.6276,2.9291,3.032,11.6552,11.7946,50.0,1,1,normal,0
IC_2250,LOT_C,W05,73.7354,83.1131,94.6501,118.8558,6.8007,7.3494,21.1065,22.2716,50.0,0,0,gross_failure,1
IC_5002,LOT_F,W06,13.7366,14.799,16.0286,16.2272,2.5744,2.6394,14.046,14.1429,50.0,1,1,normal,0
IC_6961,LOT_F,W23,11.3564,12.3323,14.4668,14.8919,2.0846,2.1301,13.3068,13.3947,50.0,1,1,normal,0
IC_3414,LOT_B,W05,11.1213,12.6044,14.5986,15.3675,2.6439,2.7198,12.3832,12.6238,50.0,1,1,normal,0
IC_2389,LOT_C,W15,10.2375,11.2662,12.3224,13.6628,2.1491,2.2023,12.4215,12.5207,50.0,1,1,normal,0
IC_6252,LOT_C,W21,10.7927,12.1748,13.9831,15.1807,2.2104,2.2717,11.6384,11.8075,50.0,1,1,normal,0
IC_6711,LOT_D,W03,9.8686,11.7583,13.3864,14.2244,2.1514,2.2565,11.3475,11.6332,50.0,1,1,normal,0
IC_1171,LOT_F,W11,12.0835,13.2095,13.6179,13.9776,2.1159,2.1636,14.0107,14.3014,50.0,1,1,normal,0
IC_5329,LOT_B,W17,7.1424,8.6063,9.9913,10.4512,1.9716,2.1091,11.6495,11.7061,50.0,1,1,normal,0
IC_2830,LOT_F,W06,9.066,10.5467,11.904,12.2508,2.1131,2.1441,12.5895,12.6832,50.0,1,1,normal,0
IC_4033,LOT_B,W23,8.8134,10.4427,12.2876,13.3448,2.0978,2.1904,10.6146,10.7973,50.0,1,1,normal,0
IC_3747,LOT_D,W22,7.1952,8.5798,10.1101,11.2262,2.4243,2.4837,10.59,10.7237,50.0,1,1,normal,0
IC_6696,LOT_B,W12,8.6136,9.6917,10.6184,10.9061,2.4837,2.5808,12.8207,13.029,50.0,1,1,normal,0
IC_3633,LOT_D,W17,9.5099,10.0374,10.9706,11.4891,2.2479,2.2824,12.2117,12.3795,50.0,1,1,normal,0
IC_2062,LOT_D,W13,9.9993,11.5031,12.3639,13.8077,2.3973,2.4604,12.3278,12.4858,50.0,1,1,normal,0
IC_3853,LOT_B,W18,9.1071,10.624,12.6445,12.7535,3.2625,3.3622,10.7887,10.9372,50.0,1,1,normal,0
IC_5280,LOT_B,W05,11.6094,13.2419,14.1987,14.7858,2.0296,2.1117,10.7551,11.1936,50.0,1,1,normal,0
IC_3624,LOT_F,W24,9.7914,10.751,11.7489,11.8963,2.2936,2.3155,12.5016,12.5114,50.0,1,1,normal,0
IC_3525,LOT_A,W13,9.6426,10.6777,11.5701,11.7598,2.6008,2.706,12.9349,13.0069,50.0,1,1,normal,0
IC_3170,LOT_A,W14,9.3165,15.697,48.9202,94.0844,2.5439,2.9387,11.2483,11.9271,50.0,1,1,early_drifter,1
IC_4913,LOT_D,W15,9.0559,10.2938,10.9586,11.7554,2.2745,2.3314,12.4662,12.8111,50.0,1,1,normal,0
IC_4718,LOT_E,W20,9.3587,10.2043,11.0033,11.7145,1.5928,1.6655,12.2955,12.5273,50.0,1,1,normal,0
IC_6957,LOT_F,W18,8.9396,9.775,10.4968,10.6665,1.6146,1.6472,13.0682,13.1948,50.0,1,1,normal,0
IC_1980,LOT_E,W23,9.1264,11.026,12.5227,12.7459,2.2333,2.3993,13.4241,13.7209,50.0,1,1,normal,0
IC_6528,LOT_F,W20,11.0224,11.6671,12.2498,11.9903,1.9558,1.995,15.4827,15.5132,50.0,1,1,normal,0
IC_6573,LOT_F,W13,9.4591,10.5603,11.9917,13.2892,2.4376,2.5095,12.209,12.4297,50.0,1,1,normal,0
IC_5954,LOT_B,W16,9.0844,11.0003,12.7283,13.2507,2.3685,2.4762,11.9817,12.1292,50.0,1,1,normal,0
IC_4702,LOT_D,W09,11.09,12.2545,13.9057,14.96,2.7634,2.8864,11.3437,11.53,50.0,1,1,normal,0
IC_3956,LOT_F,W01,9.8146,11.2868,12.7928,13.8509,1.4862,1.4981,12.8279,12.9699,50.0,1,1,normal,0
IC_5590,LOT_D,W03,9.946,11.5176,13.221,13.8469,2.3259,2.4106,12.1957,12.2941,50.0,1,1,normal,0
IC_5745,LOT_E,W05,9.1939,15.1456,47.9216,90.2371,2.1744,2.5798,11.6257,12.3527,50.0,1,1,early_drifter,1
IC_2851,LOT_E,W12,8.3014,9.1532,10.91,10.9708,1.3955,1.429,12.1821,12.2899,50.0,1,1,normal,0
IC_1099,LOT_B,W16,9.6304,10.6888,11.706,12.226,2.2104,2.3063,12.5667,12.7882,50.0,1,1,normal,0
IC_5333,LOT_D,W23,9.9066,11.7405,12.7664,14.4461,2.5969,2.6896,11.9357,12.2615,50.0,1,1,normal,0
IC_2687,LOT_A,W10,7.505,9.1599,10.3865,11.4539,2.4274,2.5164,11.7695,12.0308,50.0,1,1,normal,0
IC_2076,LOT_E,W12,11.75,12.9398,14.3884,15.2983,2.2805,2.3461,13.4557,13.5875,50.0,1,1,normal,0
IC_1509,LOT_E,W19,10.3723,11.3133,12.5206,13.0283,2.1261,2.1436,13.2987,13.4552,50.0,1,1,normal,0
IC_6761,LOT_D,W20,10.5043,11.6735,13.2171,13.1597,2.804,2.913,12.8004,12.9219,50.0,1,1,normal,0
IC_3349,LOT_A,W13,8.0041,12.7772,39.5249,74.3969,2.0497,2.3162,11.1611,11.8685,50.0,1,1,early_drifter,1
IC_1595,LOT_E,W11,10.323,11.8321,13.5604,14.4973,2.4648,2.5005,11.7446,11.9788,50.0,1,1,normal,0
IC_4249,LOT_F,W05,9.9242,11.4853,13.0279,14.5334,2.2865,2.3665,13.3243,13.4172,50.0,1,1,normal,0
IC_3367,LOT_A,W05,44.6115,45.5688,47.0078,48.324,5.3499,5.3962,16.1331,16.2452,50.0,1,1,latent_distribution_outlier,1
IC_4646,LOT_D,W10,9.7288,10.8558,12.097,12.224,2.3863,2.5,11.4629,11.6518,50.0,1,1,normal,0
IC_3154,LOT_A,W03,45.1979,46.6366,48.9785,48.7692,5.3393,5.4569,15.5974,15.772,50.0,1,1,latent_distribution_outlier,1
IC_6392,LOT_B,W21,9.3433,13.1475,34.2731,63.9579,2.3783,2.6073,9.8476,10.3164,50.0,1,1,early_drifter,1
IC_6682,LOT_F,W23,12.4635,13.0078,13.9543,14.1297,2.1945,2.2471,12.8559,13.1406,50.0,1,1,normal,0
IC_2036,LOT_B,W02,11.0182,14.2758,30.5697,53.8701,2.8135,3.028,11.7435,12.3124,50.0,1,1,early_drifter,1
IC_1908,LOT_C,W23,13.0452,14.8436,16.864,17.4668,2.3116,2.3938,13.0439,13.2615,50.0,1,1,normal,0
IC_3955,LOT_A,W12,9.4299,11.0194,12.3021,13.6762,2.6252,2.691,10.7563,11.0849,50.0,1,1,normal,0
IC_1138,LOT_B,W18,8.1457,9.4892,10.6451,12.2082,2.6494,2.7565,13.1398,13.349,50.0,1,1,normal,0
IC_4410,LOT_A,W15,10.5194,11.3477,12.4631,13.2212,2.4869,2.5359,11.7994,11.8898,50.0,1,1,normal,0
IC_2981,LOT_F,W03,10.181,11.4892,12.4072,13.3407,1.7939,1.8189,14.3177,14.5166,50.0,1,1,normal,0
IC_5765,LOT_D,W04,10.8522,11.9943,12.8693,13.7197,2.4615,2.5399,12.0875,12.3691,50.0,1,1,normal,0
IC_4355,LOT_B,W07,8.5489,9.5933,10.6017,11.2374,2.2257,2.324,11.5607,11.4203,50.0,1,1,normal,0
IC_6326,LOT_C,W08,11.9421,13.1892,14.3022,14.7375,2.4294,2.4754,10.1399,10.394,50.0,1,1,normal,0
IC_2198,LOT_D,W19,9.0343,10.3329,11.2128,11.6816,2.4823,2.5335,11.4384,11.4507,50.0,1,1,normal,0
IC_6030,LOT_D,W18,10.8973,12.5248,14.3494,14.6574,2.7173,2.806,12.4224,12.4943,50.0,1,1,normal,0
IC_6260,LOT_B,W12,7.4696,8.5285,9.396,10.4683,2.1318,2.178,11.1269,11.2476,50.0,1,1,normal,0
IC_6769,LOT_F,W22,12.0037,13.5746,15.2218,16.3369,2.0348,2.0733,14.9619,14.9852,50.0,1,1,normal,0
IC_4506,LOT_E,W20,9.8174,10.9214,11.6591,12.8019,2.264,2.3102,12.794,12.7271,50.0,1,1,normal,0
IC_6665,LOT_F,W15,11.4399,12.7868,14.4242,15.5858,1.8102,1.8941,13.4531,13.6347,50.0,1,1,normal,0
IC_2520,LOT_C,W07,11.729,13.1818,14.7258,15.525,2.3545,2.4733,11.9366,12.1545,50.0,1,1,normal,0
IC_3986,LOT_A,W12,10.3301,12.0958,13.2857,14.1837,2.5622,2.6498,11.2853,11.3647,50.0,1,1,normal,0
IC_4552,LOT_D,W04,10.8721,12.067,12.6332,13.7079,2.6115,2.6695,10.9091,11.032,50.0,1,1,normal,0
IC_3606,LOT_A,W09,13.8813,17.6119,39.0071,65.8724,3.3232,3.5839,12.1364,12.5626,50.0,1,1,early_drifter,1
IC_1650,LOT_E,W07,7.4819,8.635,10.4594,10.793,1.9323,2.0455,12.2542,12.5075,50.0,1,1,normal,0
IC_3684,LOT_D,W14,12.0223,13.7439,15.124,16.4795,3.2298,3.3474,12.1641,12.5818,50.0,1,1,normal,0
IC_3400,LOT_E,W08,8.0265,9.1426,10.6179,11.3462,1.9863,2.0596,11.3455,11.1975,50.0,1,1,normal,0
IC_1615,LOT_F,W22,8.9818,9.5734,10.8004,11.1383,2.3972,2.4117,13.5326,13.5292,50.0,1,1,normal,0
IC_5655,LOT_A,W05,9.2881,10.8803,12.5254,13.5471,2.4052,2.4369,11.8834,12.014,50.0,1,1,normal,0
IC_5883,LOT_F,W03,9.2104,9.7998,10.7382,12.362,1.9968,2.0687,12.7831,12.8566,50.0,1,1,normal,0
IC_3691,LOT_B,W17,10.6776,12.0378,13.7129,14.149,2.5726,2.6086,11.7861,11.9331,50.0,1,1,normal,0
IC_3907,LOT_C,W02,11.7864,12.5161,13.3071,14.0172,2.3038,2.3423,12.2432,12.3803,50.0,1,1,normal,0
IC_5158,LOT_E,W06,9.9943,11.5035,13.0095,14.0288,2.3239,2.4286,11.8884,11.9118,50.0,1,1,normal,0
IC_6134,LOT_A,W16,8.0767,9.4438,10.3494,11.9578,2.4118,2.4567,11.1301,11.3418,50.0,1,1,normal,0
IC_3763,LOT_E,W24,10.5271,11.5034,12.141,13.0968,2.0721,2.1339,12.3523,12.4051,50.0,1,1,normal,0
IC_6788,LOT_A,W15,10.807,11.716,12.832,13.0119,2.4902,2.5492,11.4097,11.2764,50.0,1,1,normal,0
IC_5008,LOT_C,W02,9.5971,10.6747,11.4644,12.3906,2.008,2.0752,10.4343,10.6392,50.0,1,1,normal,0
IC_3870,LOT_C,W11,13.9986,14.6705,15.4035,16.7612,2.1855,2.25,11.3195,11.7069,50.0,1,1,normal,0
IC_3510,LOT_D,W01,8.6247,9.6341,10.7657,11.248,2.2983,2.3611,12.4298,12.3251,50.0,1,1,normal,0
IC_3389,LOT_B,W06,7.7233,8.9072,9.9329,11.4633,2.6793,2.8093,10.8418,10.9082,50.0,1,1,normal,0
IC_4951,LOT_D,W14,11.1354,13.1143,13.8297,15.3079,2.7697,2.8118,11.3531,11.4296,50.0,1,1,normal,0
IC_2119,LOT_F,W05,9.3782,10.422,11.8784,12.3431,1.5556,1.6335,13.4531,13.4602,50.0,1,1,normal,0
IC_5156,LOT_F,W10,9.3674,9.9456,10.6367,12.1664,1.9865,2.0078,12.8376,12.9174,50.0,1,1,normal,0
IC_2236,LOT_D,W10,11.2506,13.185,14.604,15.9627,2.7194,2.8515,11.042,11.2497,50.0,1,1,normal,0
IC_6775,LOT_C,W20,43.838,45.0802,45.6576,47.654,4.4803,4.5741,16.0899,16.1538,50.0,1,1,latent_distribution_outlier,1
IC_3890,LOT_C,W08,12.8446,13.6899,15.4268,16.3942,2.2222,2.2705,11.7749,11.8208,50.0,1,1,normal,0
IC_3800,LOT_C,W02,12.7086,13.4714,14.3494,14.0869,2.2894,2.3647,11.9081,11.822,50.0,1,1,normal,0
IC_1679,LOT_D,W02,11.3977,12.5382,13.6538,14.3936,2.4003,2.4506,10.8943,11.0529,50.0,1,1,normal,0
IC_1568,LOT_D,W05,10.244,11.0504,12.4409,13.0837,2.6786,2.7548,13.0784,13.0808,50.0,1,1,normal,0
IC_5540,LOT_A,W03,12.9041,14.4807,16.3895,16.7484,2.7789,2.8518,11.9335,12.0332,50.0,1,1,normal,0
IC_1216,LOT_B,W15,9.2113,9.8427,10.5904,10.9892,2.7095,2.7744,10.0781,10.3205,50.0,1,1,normal,0
IC_2167,LOT_F,W11,9.2332,10.4196,12.0151,11.9262,2.1989,2.3283,13.1486,13.2077,50.0,1,1,normal,0
IC_1742,LOT_A,W16,7.8058,9.3191,10.8328,12.4218,2.0721,2.1647,10.8682,11.057,50.0,1,1,normal,0
IC_1385,LOT_C,W20,9.7302,10.7016,11.4282,12.3778,2.3083,2.4267,11.0965,11.1754,50.0,1,1,normal,0
IC_2837,LOT_D,W01,8.9943,10.0055,10.9705,11.4649,2.4567,2.4959,12.8488,13.0014,50.0,1,1,normal,0
IC_4292,LOT_C,W17,10.4633,12.0592,13.6751,15.5029,2.1056,2.2118,11.1871,11.1984,50.0,1,1,normal,0
IC_2210,LOT_C,W15,9.3104,11.0582,12.6666,13.7083,2.288,2.4022,12.3771,12.453,50.0,1,1,normal,0
IC_1478,LOT_F,W20,11.4937,13.113,14.5878,14.7518,2.0042,2.1244,12.8029,13.1431,50.0,1,1,normal,0
IC_5918,LOT_B,W24,9.2583,10.933,12.3744,13.2432,2.6114,2.7505,11.0801,11.3155,50.0,1,1,normal,0
IC_5272,LOT_F,W04,11.556,13.0615,14.4781,15.1353,2.1564,2.2592,12.645,12.7394,50.0,1,1,normal,0
IC_6063,LOT_E,W07,9.7407,10.6734,11.6029,11.7959,2.1375,2.1994,11.1773,11.3072,50.0,1,1,normal,0
IC_1969,LOT_C,W15,13.3017,14.6252,16.3189,17.2276,2.2226,2.2844,11.9039,12.0631,50.0,1,1,normal,0
IC_3089,LOT_A,W17,8.5852,9.7142,10.791,11.537,2.2436,2.2889,10.4655,10.7267,50.0,1,1,normal,0
IC_5632,LOT_C,W23,10.3231,11.1877,12.0152,12.1096,1.8897,1.9474,11.5362,11.5074,50.0,1,1,normal,0
IC_5116,LOT_A,W03,9.9056,10.9279,12.736,13.598,1.9207,1.9968,10.2475,10.4128,50.0,1,1,normal,0
IC_1409,LOT_A,W12,9.3171,10.9893,12.0728,12.7806,2.5002,2.6465,12.2067,12.5094,50.0,1,1,normal,0
IC_3874,LOT_D,W24,8.8562,10.2753,11.4746,12.7348,2.0533,2.0841,11.4049,11.4121,50.0,1,1,normal,0
IC_5118,LOT_C,W15,12.7657,14.2867,15.534,16.8069,2.6903,2.7792,11.5378,11.8801,50.0,1,1,normal,0
IC_5374,LOT_C,W07,11.9745,12.8192,13.7908,14.4868,2.5265,2.5837,11.8564,12.0198,50.0,1,1,normal,0
IC_3055,LOT_C,W11,9.878,11.0481,12.1379,12.2143,1.7109,1.7743,11.0856,11.241,50.0,1,1,normal,0
IC_1744,LOT_B,W04,7.1383,8.0191,8.9406,10.0053,2.4833,2.5681,9.5588,9.8129,50.0,1,1,normal,0
IC_6566,LOT_B,W07,8.1007,9.2866,10.5145,10.8442,2.2646,2.3744,11.3291,11.4628,50.0,1,1,normal,0
IC_5672,LOT_A,W20,8.1345,9.4618,11.1422,11.4049,2.6013,2.6769,11.4174,11.5789,50.0,1,1,normal,0
IC_3485,LOT_A,W19,6.9902,8.7057,10.4291,11.1266,2.3494,2.4703,12.0665,12.3197,50.0,1,1,normal,0
IC_3542,LOT_D,W19,8.2121,8.9322,9.7875,10.3394,2.0847,2.1247,10.5607,10.7591,50.0,1,1,normal,0
IC_3990,LOT_A,W24,8.9143,11.0478,12.2204,13.2056,2.4936,2.6206,10.8416,11.2412,50.0,1,1,normal,0
IC_6366,LOT_E,W15,9.1517,10.1492,11.6474,12.1832,2.3097,2.3787,12.8077,12.9096,50.0,1,1,normal,0
IC_1025,LOT_F,W18,13.0115,14.1178,14.6924,15.5023,2.3261,2.4336,13.4559,13.5192,50.0,1,1,normal,0
IC_2969,LOT_E,W20,13.3468,14.2611,15.3919,16.1498,2.764,2.8167,12.8403,12.7852,50.0,1,1,normal,0
IC_1846,LOT_A,W16,9.2428,11.1559,12.3047,13.4026,2.8874,3.0047,11.7442,11.9509,50.0,1,1,normal,0
IC_2191,LOT_E,W19,12.8897,13.99,14.8092,15.5713,2.279,2.3461,13.1942,13.3891,50.0,1,1,normal,0
IC_3094,LOT_D,W24,7.3133,8.9213,10.1933,10.9886,2.5941,2.6505,12.4055,12.6006,50.0,1,1,normal,0
IC_1468,LOT_B,W03,8.6469,9.5315,10.3173,11.7008,2.4984,2.5102,10.655,10.6384,50.0,1,1,normal,0
IC_5225,LOT_F,W23,12.0992,13.8064,15.4879,16.7917,2.0067,2.1443,13.8625,14.0715,50.0,1,1,normal,0
IC_5395,LOT_F,W14,11.546,12.9363,13.6836,14.9575,2.0305,2.1289,13.1785,13.6356,50.0,1,1,normal,0
IC_3544,LOT_B,W05,6.1632,7.4481,8.1202,9.2765,2.3706,2.4676,10.1222,10.3718,50.0,1,1,normal,0
IC_5580,LOT_B,W04,8.3615,9.827,11.0818,13.0935,2.4181,2.5207,10.6554,10.7729,50.0,1,1,normal,0
IC_4548,LOT_D,W06,9.1048,10.363,11.6752,12.605,2.6673,2.7329,12.5746,12.6268,50.0,1,1,normal,0
IC_6212,LOT_D,W18,10.6705,11.9087,13.2339,14.1092,2.403,2.4467,12.1007,12.352,50.0,1,1,normal,0
IC_1313,LOT_A,W06,8.7602,10.0327,11.518,11.3864,2.4469,2.4747,11.6377,11.795,50.0,1,1,normal,0
IC_4155,LOT_F,W19,10.9299,12.4986,13.6831,13.9056,2.2969,2.4011,13.0356,13.3765,50.0,1,1,normal,0
IC_3954,LOT_A,W03,8.04,13.0328,39.5452,75.8766,2.1574,2.4664,10.9227,11.3082,50.0,1,1,early_drifter,1
IC_3155,LOT_D,W05,9.7387,11.2711,12.5913,13.3759,2.7537,2.8453,10.9911,11.0938,50.0,1,1,normal,0
IC_1033,LOT_C,W24,12.0727,12.7858,13.4029,13.5959,2.4976,2.5392,11.8528,11.9835,50.0,1,1,normal,0
IC_2799,LOT_B,W13,12.3586,13.2802,13.9804,14.1009,2.7572,2.8312,12.7867,12.9602,50.0,1,1,normal,0
IC_1323,LOT_B,W17,9.1073,10.4812,11.6686,11.6264,1.9804,2.0598,10.3895,10.7126,50.0,1,1,normal,0
IC_5561,LOT_C,W24,11.231,12.1754,13.3311,13.7896,2.5175,2.6026,11.035,10.9441,50.0,1,1,normal,0
IC_3640,LOT_F,W16,10.8902,12.3693,13.6111,14.2743,2.5776,2.7297,14.1034,14.2708,50.0,1,1,normal,0
IC_5574,LOT_E,W01,9.7351,10.7897,11.8647,12.8145,2.1907,2.272,12.6254,12.7936,50.0,1,1,normal,0
IC_3796,LOT_B,W03,9.5513,11.021,12.0759,12.6285,2.5414,2.6048,10.5498,10.8837,50.0,1,1,normal,0
IC_3422,LOT_B,W19,7.1968,9.1429,10.4811,11.2244,2.3732,2.4911,9.3603,9.5684,50.0,1,1,normal,0
IC_2084,LOT_B,W07,8.6987,14.4372,45.2944,86.0046,2.3473,2.6313,11.2348,11.9323,50.0,1,1,early_drifter,1
IC_6168,LOT_C,W10,39.6264,41.4213,43.2091,44.4042,4.3694,4.5008,15.7373,15.8952,50.0,1,1,latent_distribution_outlier,1
IC_6158,LOT_B,W02,6.5818,8.0816,9.8134,10.8001,2.5231,2.5956,11.7747,11.7543,50.0,1,1,normal,0
IC_5748,LOT_D,W10,10.5877,11.6759,12.714,13.3057,2.7443,2.818,10.2969,10.3981,50.0,1,1,normal,0
IC_1737,LOT_D,W18,33.4821,34.5856,36.3761,36.663,4.0956,4.1198,16.2469,16.2202,50.0,1,1,latent_distribution_outlier,1
IC_2123,LOT_D,W14,8.6967,10.054,11.0411,12.3582,2.0793,2.1559,10.4628,10.7166,50.0,1,1,normal,0
IC_6571,LOT_B,W19,7.7052,9.1057,10.0943,11.3734,2.7231,2.8467,13.0766,13.3188,50.0,1,1,normal,0
IC_4711,LOT_D,W22,9.0856,10.3582,10.7114,11.5035,2.3969,2.4342,12.1596,12.2179,50.0,1,1,normal,0
IC_4545,LOT_D,W10,7.4922,8.3712,9.6429,9.8988,2.0753,2.1415,10.4763,10.3271,50.0,1,1,normal,0
IC_2474,LOT_F,W21,10.9319,12.0627,12.9987,14.1955,2.5127,2.5496,13.1346,13.3059,50.0,1,1,normal,0
IC_5409,LOT_B,W14,10.7752,11.8523,12.688,13.5937,2.6846,2.7417,12.5361,12.7224,50.0,1,1,normal,0
IC_2719,LOT_F,W19,11.9897,13.4916,14.7981,14.8457,2.281,2.378,13.4742,13.7234,50.0,1,1,normal,0
IC_2603,LOT_A,W08,6.9208,8.3248,9.618,9.4744,1.861,1.9259,11.3863,11.6076,50.0,1,1,normal,0
IC_1753,LOT_B,W16,10.4869,11.4179,12.2602,12.7332,3.0082,3.0008,11.5747,11.6033,50.0,1,1,normal,0
IC_1720,LOT_E,W12,9.6929,10.5782,12.0775,12.1704,2.2799,2.3523,12.5942,12.6727,50.0,1,1,normal,0
IC_4468,LOT_F,W08,11.0997,12.2545,13.6951,15.2862,2.3322,2.4084,14.3906,14.4172,50.0,1,1,normal,0
IC_2473,LOT_E,W11,7.3293,8.3319,8.8438,9.8448,1.9986,2.0818,12.4244,12.4326,50.0,1,1,normal,0
IC_4288,LOT_F,W17,8.742,10.2363,11.8144,12.7054,2.0294,2.1179,13.7169,13.8703,50.0,1,1,normal,0
IC_4472,LOT_C,W24,10.6344,11.323,12.1414,13.2119,2.1374,2.1899,11.3297,11.5174,50.0,1,1,normal,0
IC_1768,LOT_B,W23,8.107,9.3102,9.7406,11.154,2.33,2.3826,10.786,10.9524,50.0,1,1,normal,0
IC_4643,LOT_D,W03,9.8014,10.889,12.4347,13.2079,2.5453,2.5936,11.3033,11.4454,50.0,1,1,normal,0
IC_6748,LOT_B,W02,10.6616,11.9882,13.4271,14.4439,2.8475,2.9381,12.1095,12.2102,50.0,1,1,normal,0
IC_4020,LOT_E,W07,10.2767,11.0938,11.8207,12.5505,2.2686,2.3241,12.5399,12.573,50.0,1,1,normal,0
IC_2690,LOT_E,W16,12.7907,14.1368,15.5159,15.7483,2.4135,2.4877,13.4702,13.6349,50.0,1,1,normal,0
IC_3981,LOT_C,W05,10.7411,12.0774,13.5017,14.7068,2.0473,2.1502,11.6648,11.9549,50.0,1,1,normal,0
IC_5645,LOT_C,W20,10.9109,12.5923,13.5511,14.3177,1.8204,1.9019,13.0061,13.2547,50.0,1,1,normal,0
IC_2853,LOT_E,W11,11.5141,12.6967,13.9654,15.5497,2.6058,2.672,11.9962,12.09,50.0,1,1,normal,0
IC_1763,LOT_F,W23,10.7047,14.3182,33.9211,59.014,2.1894,2.4401,13.6431,14.1745,50.0,1,1,early_drifter,1
IC_2979,LOT_B,W07,4.4665,6.302,7.7822,8.8007,1.8021,1.8934,9.2427,9.485,50.0,1,1,normal,0
IC_3575,LOT_A,W14,12.2002,13.443,14.774,15.8578,2.7431,2.8479,12.181,12.3147,50.0,1,1,normal,0
IC_1700,LOT_F,W08,10.6767,12.3616,13.8412,15.1331,1.886,1.9308,12.5987,12.7159,50.0,1,1,normal,0
IC_6949,LOT_F,W10,11.7819,12.9181,14.3597,14.5063,2.3097,2.4018,13.3763,13.5603,50.0,1,1,normal,0
IC_1467,LOT_C,W22,10.4707,11.5803,13.3068,13.6871,2.0189,2.0655,12.3694,12.4795,50.0,1,1,normal,0
IC_1226,LOT_E,W23,9.8673,11.3302,12.3427,13.0322,2.1868,2.2453,13.0977,13.4246,50.0,1,1,normal,0
IC_6060,LOT_B,W14,43.5689,44.791,45.7209,46.6745,5.7221,5.7713,16.9836,17.0851,50.0,1,1,latent_distribution_outlier,1
IC_5098,LOT_A,W11,8.8506,10.3635,11.9614,12.5553,2.6815,2.7765,10.2409,10.3459,50.0,1,1,normal,0
IC_4849,LOT_F,W16,41.4296,42.6236,44.5285,44.8119,4.4643,4.5264,18.3721,18.4458,50.0,1,1,latent_distribution_outlier,1
IC_5413,LOT_F,W17,10.3984,10.9532,11.7029,12.8885,2.2626,2.2699,13.2541,13.2372,50.0,1,1,normal,0
IC_3439,LOT_E,W07,33.7127,36.0203,39.02,39.8157,4.099,4.3146,16.4441,16.8804,50.0,1,1,latent_distribution_outlier,1
IC_6032,LOT_F,W04,12.38,13.6651,15.4723,16.2113,2.1197,2.2414,12.839,13.0243,50.0,1,1,normal,0
IC_6703,LOT_D,W13,9.5868,10.7398,12.1846,12.5721,2.1748,2.2296,11.5101,11.6299,50.0,1,1,normal,0
IC_6681,LOT_A,W13,9.1118,9.993,11.0701,12.1238,2.4947,2.5505,11.6407,11.6495,50.0,1,1,normal,0
IC_2995,LOT_F,W23,13.2584,14.9899,15.9262,17.5112,2.6159,2.7657,14.2913,14.4908,50.0,1,1,normal,0
IC_1331,LOT_A,W05,8.2149,9.3995,10.4701,10.8215,2.2872,2.398,10.328,10.4913,50.0,1,1,normal,0
IC_6826,LOT_C,W08,9.412,11.0004,12.7582,13.1742,2.1701,2.2938,11.8896,12.0676,50.0,1,1,normal,0
IC_6537,LOT_C,W16,10.9181,11.759,12.5475,13.4696,1.9465,1.9911,10.9425,11.0589,50.0,1,1,normal,0
IC_5661,LOT_A,W17,9.6455,11.2724,13.1795,13.9227,2.147,2.203,11.4898,11.6462,50.0,1,1,normal,0
IC_5558,LOT_E,W22,7.4828,9.1017,10.5451,12.2945,1.9741,2.0416,11.2771,11.4257,50.0,1,1,normal,0
IC_2035,LOT_F,W06,10.4932,11.8651,12.807,14.5606,1.7237,1.7934,12.3296,12.363,50.0,1,1,normal,0
IC_6655,LOT_D,W07,11.9788,16.3653,41.0006,75.6936,2.6048,2.8514,11.1325,11.7692,50.0,1,1,early_drifter,1
IC_1633,LOT_C,W20,11.1741,12.5173,13.579,14.9665,2.4669,2.5567,12.1324,12.3787,50.0,1,1,normal,0
IC_1057,LOT_A,W04,8.726,10.2735,12.0731,13.3534,2.2484,2.3444,11.7991,11.8898,50.0,1,1,normal,0
IC_2594,LOT_F,W22,11.5434,12.269,12.4781,13.6304,2.314,2.3295,14.249,14.3602,50.0,1,1,normal,0
IC_6722,LOT_B,W01,6.6274,7.4647,9.4297,8.9504,2.2641,2.3105,11.0749,11.2254,50.0,1,1,normal,0
IC_4937,LOT_B,W16,36.4857,37.564,37.7912,38.5585,4.9795,5.0346,14.954,15.1369,50.0,1,1,latent_distribution_outlier,1
IC_6411,LOT_E,W03,12.6223,13.593,14.4024,15.1024,2.1514,2.2037,12.5504,12.6634,50.0,1,1,normal,0
IC_2263,LOT_B,W24,8.6457,9.9124,11.4905,12.2151,2.1642,2.2215,11.395,11.6145,50.0,1,1,normal,0
IC_6325,LOT_D,W20,10.1117,11.7193,13.3147,14.0786,2.2309,2.3792,12.0316,12.0325,50.0,1,1,normal,0
IC_1968,LOT_D,W21,8.7022,10.0938,11.1756,11.5076,2.2235,2.3239,10.6773,10.8422,50.0,1,1,normal,0
IC_6663,LOT_C,W10,12.6648,13.8522,15.2264,15.7674,2.466,2.5122,11.73,11.8713,50.0,1,1,normal,0
IC_5364,LOT_C,W09,12.2757,13.3341,14.1648,15.5261,2.2877,2.3793,11.7757,11.9058,50.0,1,1,normal,0
IC_6230,LOT_D,W12,38.0817,40.9459,43.4655,44.158,4.6272,4.7812,16.0752,16.2087,50.0,1,1,latent_distribution_outlier,1
IC_3081,LOT_E,W19,12.242,13.8207,15.6352,16.6437,1.9305,1.9854,12.3253,12.5885,50.0,1,1,normal,0
IC_3720,LOT_E,W04,7.9321,9.3694,10.868,11.2721,2.1455,2.2344,11.4918,11.6588,50.0,1,1,normal,0
IC_5696,LOT_F,W11,10.894,12.3182,13.3747,14.1146,2.3873,2.4619,14.3095,14.6496,50.0,1,1,normal,0
IC_2443,LOT_A,W13,9.7501,10.5947,12.206,13.0779,2.2584,2.3533,11.8709,12.0795,50.0,1,1,normal,0
IC_2664,LOT_C,W19,11.4004,12.2009,13.4938,14.0615,2.4758,2.5417,10.1601,10.2855,50.0,1,1,normal,0
IC_3628,LOT_A,W22,9.0554,10.3318,11.8307,12.47,2.6044,2.6972,11.0755,11.2486,50.0,1,1,normal,0
IC_2500,LOT_E,W18,9.5454,11.0176,12.712,13.4142,2.3029,2.3745,11.677,11.8009,50.0,1,1,normal,0
IC_6579,LOT_C,W15,12.5086,13.2728,14.7853,15.6912,2.2416,2.2984,10.58,10.7889,50.0,1,1,normal,0
IC_1917,LOT_E,W21,11.8353,13.2466,14.0922,14.8068,2.2033,2.2863,14.3487,14.3689,50.0,1,1,normal,0
IC_3670,LOT_A,W06,8.4228,10.1867,11.8563,12.8237,2.494,2.6096,11.8492,11.9711,50.0,1,1,normal,0
IC_6567,LOT_D,W04,8.8509,12.0889,29.4321,53.8981,2.4887,2.6639,10.8792,11.0641,50.0,1,1,early_drifter,1
IC_3773,LOT_A,W12,12.293,17.4937,47.746,87.6831,2.7149,3.0508,12.2148,12.9231,50.0,1,1,early_drifter,1
IC_5000,LOT_F,W02,10.7528,11.9626,13.4087,13.8993,2.7051,2.7752,13.6865,13.7125,50.0,1,1,normal,0
IC_4932,LOT_C,W14,10.7026,12.3222,13.6963,14.9725,2.2972,2.3991,12.1497,12.4352,50.0,1,1,normal,0
IC_5099,LOT_B,W21,6.2821,7.998,9.5792,10.7513,2.291,2.3766,10.004,10.318,50.0,1,1,normal,0
IC_5016,LOT_F,W03,10.718,11.7256,12.5487,13.5305,2.5947,2.6701,14.5797,14.776,50.0,1,1,normal,0
IC_3195,LOT_F,W11,10.4735,12.3345,13.8864,14.7161,1.7673,1.9522,13.9456,14.1335,50.0,1,1,normal,0
IC_1202,LOT_D,W19,10.3778,11.3725,13.0361,13.6787,2.5838,2.6306,11.5711,11.5384,50.0,1,1,normal,0
IC_4612,LOT_E,W04,8.5265,9.2553,10.06,10.0997,2.1165,2.1451,11.7291,11.8078,50.0,1,1,normal,0
IC_1274,LOT_D,W03,9.6188,10.5095,11.8541,12.2372,2.1789,2.2295,11.597,11.6749,50.0,1,1,normal,0
IC_6003,LOT_D,W07,9.8615,10.751,11.7687,12.1137,2.3452,2.3363,12.574,12.6001,50.0,1,1,normal,0
IC_2519,LOT_C,W20,9.8659,11.0325,12.3233,13.3245,1.9146,1.9941,11.8354,12.007,50.0,1,1,normal,0
IC_6164,LOT_C,W14,11.0621,11.9827,13.2646,13.3975,2.4371,2.4719,10.4216,10.7183,50.0,1,1,normal,0
IC_2618,LOT_E,W14,10.037,11.8725,13.255,14.0508,2.5975,2.7317,12.4675,12.606,50.0,1,1,normal,0
IC_2152,LOT_A,W01,11.2654,12.5907,14.0445,15.4678,3.1581,3.2701,11.493,11.7226,50.0,1,1,normal,0
IC_5803,LOT_E,W14,8.8026,10.5551,11.7978,12.6881,1.9438,2.04,11.2468,11.6287,50.0,1,1,normal,0
IC_2377,LOT_F,W21,10.0307,11.413,12.8752,14.4005,1.6536,1.7798,14.2896,14.5717,50.0,1,1,normal,0
IC_1639,LOT_E,W10,11.5481,18.0047,53.2408,101.6386,2.3864,2.7325,12.5342,13.2647,50.0,1,1,early_drifter,1
IC_6182,LOT_F,W04,11.5526,12.8077,13.9375,14.4104,1.9868,2.0715,13.5793,13.6898,50.0,1,1,normal,0
IC_6672,LOT_F,W21,9.4855,11.0435,12.4623,13.5344,2.0763,2.1384,13.0104,13.2558,50.0,1,1,normal,0
IC_6375,LOT_C,W01,10.3463,11.7505,13.3222,14.5026,2.3071,2.3734,11.5267,11.6847,50.0,1,1,normal,0
IC_3724,LOT_A,W01,7.799,9.3901,10.6757,12.4865,2.7461,2.8041,10.9793,11.1601,50.0,1,1,normal,0
IC_5674,LOT_C,W01,9.7071,10.64,11.0569,11.6983,1.919,1.9824,12.3846,12.5572,50.0,1,1,normal,0
IC_5760,LOT_A,W23,8.1867,9.6872,11.1503,11.8329,2.6675,2.7752,11.9157,12.0252,50.0,1,1,normal,0
IC_6351,LOT_C,W02,13.4018,14.4847,14.7652,15.7673,2.4558,2.5622,11.4947,11.7054,50.0,1,1,normal,0
IC_1675,LOT_C,W03,13.8443,14.93,16.4003,17.0991,2.4487,2.4871,12.6532,12.8227,50.0,1,1,normal,0
IC_3526,LOT_D,W07,9.2569,10.3896,11.9564,12.3022,2.4163,2.4511,12.7229,12.7632,50.0,1,1,normal,0
IC_3059,LOT_D,W05,10.9602,11.5703,12.9889,12.9934,2.7417,2.7726,12.0625,12.1225,50.0,1,1,normal,0
IC_4385,LOT_A,W09,8.3356,9.6954,11.2384,11.2406,2.3932,2.5083,10.6976,10.8425,50.0,1,1,normal,0
IC_1296,LOT_F,W19,10.782,12.0418,13.4901,13.3203,1.8622,1.9603,14.3437,14.5784,50.0,1,1,normal,0
IC_4024,LOT_F,W13,10.6867,11.8359,13.1953,14.0478,2.1381,2.1889,10.279,10.3789,50.0,1,1,normal,0
IC_2521,LOT_B,W05,74.4632,83.8759,94.004,116.9577,7.9437,8.5324,21.9546,23.1431,50.0,0,0,gross_failure,1
IC_3822,LOT_B,W04,7.1439,8.3082,8.353,9.6871,2.1593,2.2212,9.7766,10.0669,50.0,1,1,normal,0
IC_4514,LOT_B,W24,9.6889,11.3483,12.6354,13.786,2.2846,2.4122,10.7133,10.8624,50.0,1,1,normal,0
IC_4307,LOT_B,W12,11.2199,12.0686,13.152,14.2833,2.3549,2.3623,12.0117,12.1553,50.0,1,1,normal,0
IC_4340,LOT_C,W04,12.252,13.0726,14.1976,14.7573,2.4409,2.4885,11.7755,11.823,50.0,1,1,normal,0
IC_3817,LOT_B,W24,6.5684,7.7068,8.7222,8.9752,2.2331,2.2914,10.875,11.1753,50.0,1,1,normal,0
IC_2256,LOT_F,W03,10.7511,12.1673,13.9319,14.4995,2.4312,2.5857,13.5807,13.8382,50.0,1,1,normal,0
IC_3027,LOT_D,W16,12.3442,13.7935,15.397,16.3919,2.6776,2.8005,11.9494,12.1253,50.0,1,1,normal,0
IC_5431,LOT_A,W11,10.5791,11.2175,12.204,12.5311,2.2258,2.286,12.6811,12.7995,50.0,1,1,normal,0
IC_1739,LOT_B,W16,7.3035,8.659,10.1603,11.2229,2.1174,2.2149,10.1081,10.2671,50.0,1,1,normal,0
IC_6953,LOT_C,W13,12.3507,13.9971,15.2581,16.4605,2.4851,2.6153,12.8627,13.0362,50.0,1,1,normal,0
IC_2255,LOT_B,W06,8.4922,9.4346,10.0208,10.8108,2.4195,2.4463,10.7382,10.8049,50.0,1,1,normal,0
IC_3788,LOT_D,W17,8.9802,9.6491,10.6468,10.8668,2.3424,2.352,11.6686,11.7686,50.0,1,1,normal,0
IC_2987,LOT_F,W02,8.9931,9.9621,10.5856,11.4426,2.1718,2.2145,13.8786,13.9639,50.0,1,1,normal,0
IC_2324,LOT_E,W09,8.1399,9.8068,11.5891,11.7974,1.7519,1.8804,11.9898,12.0585,50.0,1,1,normal,0
IC_5818,LOT_C,W21,11.8456,13.5354,15.0264,17.1725,2.1117,2.1997,11.2339,11.3602,50.0,1,1,normal,0
IC_3944,LOT_F,W07,11.7198,12.7949,14.2142,14.6788,2.6275,2.6862,13.4477,13.6546,50.0,1,1,normal,0
IC_3801,LOT_C,W11,11.7171,12.626,13.3733,14.6224,2.1543,2.2283,12.4656,12.5436,50.0,1,1,normal,0
IC_4780,LOT_F,W02,10.407,11.9212,12.6544,13.7603,2.4899,2.6535,13.2828,13.3693,50.0,1,1,normal,0
IC_2138,LOT_D,W11,9.964,15.1912,43.8577,83.6002,2.4788,2.8022,12.8685,13.5851,50.0,1,1,early_drifter,1
IC_1732,LOT_B,W11,8.9324,10.4288,11.5329,12.8119,2.7894,2.9265,12.8625,13.0638,50.0,1,1,normal,0
IC_3460,LOT_C,W20,11.1225,12.7732,13.8993,15.2567,2.2951,2.4134,11.8013,12.1234,50.0,1,1,normal,0
IC_1948,LOT_E,W07,12.0265,12.9585,13.4324,14.1785,2.4523,2.5241,12.4741,12.6679,50.0,1,1,normal,0
IC_2974,LOT_C,W22,10.8592,11.96,12.8866,14.149,2.1317,2.1875,11.6775,11.8024,50.0,1,1,normal,0
IC_3959,LOT_A,W23,9.2043,10.4632,10.7693,12.3532,2.2522,2.302,11.9949,12.1801,50.0,1,1,normal,0
IC_2264,LOT_C,W03,12.5177,14.6188,15.7488,16.6931,2.2691,2.4365,11.9995,12.2555,50.0,1,1,normal,0
IC_5115,LOT_D,W01,7.634,8.2097,9.5661,9.8773,2.4599,2.4607,12.1324,12.1891,50.0,1,1,normal,0
IC_1902,LOT_F,W08,15.0919,16.447,17.2404,18.5481,2.316,2.4203,13.6308,13.7419,50.0,1,1,normal,0
IC_4841,LOT_C,W04,12.178,13.0465,13.3586,14.1079,2.241,2.3044,13.0857,13.2359,50.0,1,1,normal,0
IC_6574,LOT_D,W24,9.5099,11.0364,12.1481,13.641,2.7792,2.8842,11.7232,11.8525,50.0,1,1,normal,0
IC_5780,LOT_F,W12,10.6004,11.8279,12.9874,13.8786,1.7701,1.9073,13.0859,13.2095,50.0,1,1,normal,0
IC_1482,LOT_B,W02,9.9075,14.0544,36.0941,64.8135,2.8198,3.0874,11.9172,12.3387,50.0,1,1,early_drifter,1
IC_1513,LOT_D,W23,11.1363,12.8972,14.7336,15.6685,2.6014,2.6996,11.4183,11.5623,50.0,1,1,normal,0
IC_2957,LOT_E,W16,10.6351,11.391,12.0557,12.3088,2.3508,2.4436,12.5554,12.4818,50.0,1,1,normal,0
IC_3582,LOT_D,W12,8.2532,9.4302,10.5032,10.8082,2.411,2.4837,11.542,11.473,50.0,1,1,normal,0
IC_5224,LOT_A,W08,8.069,9.2808,10.9238,12.0231,2.4077,2.5144,11.974,12.186,50.0,1,1,normal,0
IC_5266,LOT_D,W23,10.1869,11.9881,13.4329,14.6819,2.5045,2.6272,11.2594,11.5921,50.0,1,1,normal,0
IC_3217,LOT_F,W14,10.4151,10.9731,12.3735,12.859,2.0031,2.0351,12.6098,12.7091,50.0,1,1,normal,0
IC_3135,LOT_B,W14,7.5462,8.8129,10.203,10.728,2.3364,2.3864,11.8841,11.7866,50.0,1,1,normal,0
IC_1692,LOT_B,W20,9.0531,10.5941,12.3769,13.3584,2.7471,2.8783,11.2947,11.5285,50.0,1,1,normal,0
IC_1541,LOT_E,W12,9.9802,11.0709,11.5931,11.1913,2.9223,2.9638,11.8144,11.9264,50.0,1,1,normal,0
IC_1425,LOT_D,W10,8.6081,10.3163,11.4025,12.8714,2.1996,2.3081,11.5691,11.6362,50.0,1,1,normal,0
IC_3931,LOT_F,W22,12.2278,13.2781,14.2443,14.5274,1.9957,2.0769,11.9689,11.7966,50.0,1,1,normal,0
IC_5135,LOT_C,W17,11.6018,12.7862,13.8214,14.3978,2.3221,2.3781,11.9724,12.2454,50.0,1,1,normal,0
IC_2536,LOT_D,W10,11.4752,12.2761,13.1349,13.5098,2.4165,2.4111,11.6858,11.6399,50.0,1,1,normal,0
IC_1349,LOT_D,W06,9.6321,11.3088,12.5586,14.1258,2.2743,2.3399,11.1947,11.651,50.0,1,1,normal,0
IC_6921,LOT_A,W22,7.9466,12.2781,36.2103,67.6663,2.4805,2.7474,12.3175,12.775,50.0,1,1,early_drifter,1
IC_5624,LOT_B,W22,6.4923,8.0562,10.0798,10.7326,2.3062,2.3783,9.3637,9.6582,50.0,1,1,normal,0
IC_1317,LOT_C,W12,13.1232,14.145,15.0294,15.7261,2.0905,2.1632,10.8563,10.9816,50.0,1,1,normal,0
IC_4973,LOT_F,W03,11.6602,12.6136,13.3583,13.8388,2.2773,2.3486,11.617,11.7953,50.0,1,1,normal,0
IC_1199,LOT_C,W16,10.2565,11.3851,12.7761,13.6538,2.2044,2.3103,10.7819,10.9029,50.0,1,1,normal,0
IC_4534,LOT_B,W04,10.1202,10.8598,11.8307,11.7849,2.7667,2.842,12.1826,12.3266,50.0,1,1,normal,0
IC_5948,LOT_A,W21,33.296,34.8475,37.3434,38.3154,4.4509,4.5829,17.0226,17.275,50.0,1,1,latent_distribution_outlier,1
IC_4308,LOT_D,W15,9.6532,10.4022,11.5227,12.6243,2.6696,2.7139,11.7665,11.8406,50.0,1,1,normal,0
IC_6848,LOT_C,W06,9.4346,10.1773,11.3508,11.5954,1.7971,1.9086,12.534,12.641,50.0,1,1,normal,0
IC_1925,LOT_F,W06,10.0824,11.2568,12.7867,14.1173,2.2344,2.3064,13.0186,13.0914,50.0,1,1,normal,0
IC_2964,LOT_B,W18,7.2348,8.594,9.5486,10.2343,2.473,2.5399,12.679,12.8768,50.0,1,1,normal,0
IC_4016,LOT_A,W10,9.3041,10.9465,12.1688,12.816,2.7827,2.9221,12.2144,12.4456,50.0,1,1,normal,0
IC_2758,LOT_C,W09,10.2482,11.5886,13.7325,13.9232,2.0626,2.1643,11.2826,11.3828,50.0,1,1,normal,0
IC_5819,LOT_D,W19,9.9872,11.07,12.3134,13.467,2.7131,2.7963,11.5238,11.704,50.0,1,1,normal,0
IC_1939,LOT_F,W04,7.5825,8.4394,9.3359,9.7141,1.3438,1.4077,13.2686,13.4481,50.0,1,1,normal,0
IC_1804,LOT_B,W02,7.9406,9.3642,10.9841,11.9074,1.9011,2.0166,11.0822,11.2014,50.0,1,1,normal,0
IC_5971,LOT_C,W23,11.4409,12.5456,13.8752,14.8952,2.1482,2.1882,11.5953,11.7268,50.0,1,1,normal,0
IC_1241,LOT_E,W09,10.1654,11.2179,12.5906,12.7536,2.0151,2.0981,13.2649,13.409,50.0,1,1,normal,0
