component_id,lot_id,wafer_id,val_0h,val_24h,val_96h,val_168h,iddq_0h,iddq_24h,tpd_0h,tpd_24h,static_limit,static_pass_0h,static_pass_24h,defect_type,is_defective
IC_1000,LOT_A,W21,11.1904,12.3577,13.7634,14.8474,2.3634,2.4211,11.8059,11.8066,50.0,1,1,normal,0
IC_1001,LOT_D,W14,11.0372,12.0068,13.5934,14.9062,2.6385,2.6993,11.2854,11.3504,50.0,1,1,normal,0
IC_1002,LOT_A,W12,11.4584,12.8887,14.1684,15.1824,2.456,2.5385,12.2516,12.5959,50.0,1,1,normal,0
IC_1003,LOT_C,W05,12.0345,15.9627,36.2962,64.6661,1.9849,2.2122,13.2128,13.7422,50.0,1,1,early_drifter,1
IC_1004,LOT_C,W04,13.5678,19.8657,52.6878,99.294,2.3606,2.7098,11.8231,12.654,50.0,1,1,early_drifter,1
IC_1005,LOT_F,W01,8.8691,9.6124,10.3339,12.2704,1.6971,1.7691,13.4044,13.3477,50.0,1,1,normal,0
IC_1006,LOT_B,W20,10.5721,11.6028,12.3159,13.021,2.5901,2.6447,9.1055,9.3772,50.0,1,1,normal,0
IC_1007,LOT_C,W24,10.3492,11.9112,13.2047,14.6992,1.9275,2.0042,10.4264,10.6207,50.0,1,1,normal,0
IC_1008,LOT_A,W08,8.4242,10.0167,11.6167,12.9601,2.6786,2.79,10.9722,11.1427,50.0,1,1,normal,0
IC_1009,LOT_C,W19,12.2334,13.2333,13.9412,14.1457,2.6447,2.7189,11.1453,11.344,50.0,1,1,normal,0
IC_1010,LOT_C,W17,12.2554,14.0729,15.107,15.3248,2.2742,2.3956,12.8718,12.9556,50.0,1,1,normal,0
IC_1011,LOT_D,W16,10.0695,10.9573,11.8304,12.7228,2.5635,2.6146,11.422,11.6142,50.0,1,1,normal,0
IC_1012,LOT_F,W03,10.9272,12.5107,14.3515,15.0379,2.2614,2.3733,12.2985,12.3947,50.0,1,1,normal,0
IC_1013,LOT_A,W24,39.4145,41.3026,43.416,44.7201,5.0637,5.1676,15.6774,15.8554,50.0,1,1,latent_distribution_outlier,1
IC_1014,LOT_E,W22,6.9758,7.6066,8.4216,9.5453,1.9999,2.0543,13.1447,13.3567,50.0,1,1,normal,0
IC_1015,LOT_F,W19,11.2021,12.0835,13.1739,14.0252,2.4231,2.4399,12.95,13.2323,50.0,1,1,normal,0
IC_1016,LOT_E,W07,11.6301,12.6143,14.0108,14.5849,2.1538,2.2339,11.4257,11.5018,50.0,1,1,normal,0
IC_1017,LOT_E,W13,11.3595,12.1331,12.9827,13.7132,2.35,2.3395,13.9667,14.1283,50.0,1,1,normal,0
IC_1018,LOT_B,W11,8.5167,9.3617,9.9666,10.5679,2.3221,2.3551,10.4061,10.5975,50.0,1,1,normal,0
IC_1019,LOT_A,W04,10.9256,12.1277,13.5611,14.5814,2.9071,3.0258,11.7265,11.8719,50.0,1,1,normal,0
IC_1020,LOT_C,W19,12.6734,13.4675,14.1318,14.6797,2.4279,2.451,11.0299,11.241,50.0,1,1,normal,0
IC_1021,LOT_E,W21,11.1463,11.624,13.1714,13.1315,2.4898,2.5369,12.7637,12.8769,50.0,1,1,normal,0
IC_1022,LOT_A,W13,8.9657,9.7637,11.5652,11.7795,2.4705,2.4979,11.7619,11.9069,50.0,1,1,normal,0
IC_1023,LOT_A,W06,8.3164,9.844,11.4552,12.2463,2.3947,2.5117,10.5403,10.8673,50.0,1,1,normal,0
IC_1024,LOT_D,W21,9.1861,9.7867,10.893,11.3523,2.4302,2.4765,11.197,11.1792,50.0,1,1,normal,0
IC_1025,LOT_F,W18,13.0115,14.1178,14.6924,15.5023,2.3261,2.4336,13.4559,13.5192,50.0,1,1,normal,0
IC_1026,LOT_E,W06,40.4847,43.1051,44.2565,46.9852,4.4797,4.6175,17.2438,17.5325,50.0,1,1,latent_distribution_outlier,1
IC_1027,LOT_C,W18,14.149,16.0061,17.0815,18.2716,2.7233,2.861,10.8599,11.2272,50.0,1,1,normal,0
IC_1028,LOT_D,W06,9.6499,10.978,12.3878,13.1775,2.6733,2.7486,10.8611,10.9602,50.0,1,1,normal,0
IC_1029,LOT_A,W23,7.8612,9.0079,9.9926,11.0358,2.1468,2.2307,11.0284,11.0624,50.0,1,1,normal,0
IC_1030,LOT_F,W13,10.5722,11.8459,13.0832,14.3139,2.1837,2.2612,14.0536,14.1284,50.0,1,1,normal,0
IC_1031,LOT_B,W14,9.3916,10.8361,12.4265,13.8405,2.2972,2.3771,12.2146,12.4103,50.0,1,1,normal,0
IC_1032,LOT_A,W17,5.9572,7.2691,9.3417,9.365,2.3272,2.4553,9.8269,9.8707,50.0,1,1,normal,0
IC_1033,LOT_C,W24,12.0727,12.7858,13.4029,13.5959,2.4976,2.5392,11.8528,11.9835,50.0,1,1,normal,0
IC_1034,LOT_B,W15,10.8391,11.762,12.8708,13.0298,3.0948,3.1581,12.0528,12.1646,50.0,1,1,normal,0
IC_1035,LOT_F,W18,13.2271,14.4572,14.9465,15.7856,2.3274,2.3705,13.3326,13.6307,50.0,1,1,normal,0
IC_1036,LOT_A,W08,10.7526,12.3753,13.6785,14.93,2.7713,2.8299,12.6369,12.9141,50.0,1,1,normal,0
IC_1037,LOT_C,W06,14.0658,14.9119,16.4035,16.1123,1.9673,2.061,11.4905,11.6433,50.0,1,1,normal,0
IC_1038,LOT_F,W07,11.8898,12.873,13.8046,13.8868,2.6915,2.7493,12.9469,12.8452,50.0,1,1,normal,0
IC_1039,LOT_E,W15,12.3195,14.056,15.4882,16.2457,2.3718,2.4857,13.3141,13.3723,50.0,1,1,normal,0
IC_1040,LOT_D,W11,12.4618,18.8664,52.9169,99.8887,3.0281,3.4528,11.3953,12.1513,50.0,1,1,early_drifter,1
IC_1041,LOT_E,W15,11.886,12.538,13.1117,13.263,2.5535,2.5948,12.5433,12.7885,50.0,1,1,normal,0
IC_1042,LOT_C,W22,7.8337,9.4568,11.3662,11.5037,1.721,1.8338,11.2242,11.4348,50.0,1,1,normal,0
IC_1043,LOT_C,W24,34.9745,36.2247,37.2229,37.738,4.1151,4.1824,16.1215,16.3961,50.0,1,1,latent_distribution_outlier,1
IC_1044,LOT_E,W23,9.4755,13.9244,36.6381,68.3448,2.154,2.4355,12.4063,12.8698,50.0,1,1,early_drifter,1
IC_1045,LOT_C,W19,11.2405,12.1727,13.0833,14.051,2.2834,2.3285,12.2012,12.3723,50.0,1,1,normal,0
IC_1046,LOT_D,W18,43.8529,44.9598,46.4651,46.6476,4.8725,4.9571,15.3286,15.631,50.0,1,1,latent_distribution_outlier,1
IC_1047,LOT_F,W12,10.5774,12.3542,13.7161,15.3117,2.7276,2.8543,12.3212,12.5445,50.0,1,1,normal,0
IC_1048,LOT_A,W05,8.9803,9.805,10.5355,11.297,2.8722,2.9522,10.8613,10.9629,50.0,1,1,normal,0
IC_1049,LOT_C,W21,10.6018,11.4085,12.9726,12.9851,2.258,2.2538,11.711,11.8258,50.0,1,1,normal,0
IC_1050,LOT_C,W17,9.1708,10.8091,12.1424,13.7333,1.9053,2.058,11.9032,12.197,50.0,1,1,normal,0
IC_1051,LOT_C,W05,11.3147,12.3241,13.4134,13.7807,2.3632,2.4423,11.4021,11.5865,50.0,1,1,normal,0
IC_1052,LOT_B,W09,10.1108,13.1813,29.3479,53.2634,2.5634,2.768,12.0986,12.4154,50.0,1,1,early_drifter,1
IC_1053,LOT_C,W12,11.7084,12.7045,13.7789,14.5809,2.3145,2.3164,12.4621,12.6099,50.0,1,1,normal,0
IC_1054,LOT_C,W10,52.0078,55.4916,66.2511,94.9029,5.4518,5.6442,17.2392,17.6372,50.0,0,0,gross_failure,1
IC_1055,LOT_A,W17,7.4306,8.318,8.9976,9.7204,2.092,2.1657,12.5269,12.567,50.0,1,1,normal,0
IC_1056,LOT_E,W14,9.2314,10.0591,10.9071,12.0751,2.4794,2.5119,12.0123,12.1749,50.0,1,1,normal,0
IC_1057,LOT_A,W04,8.726,10.2735,12.0731,13.3534,2.2484,2.3444,11.7991,11.8898,50.0,1,1,normal,0
IC_1058,LOT_D,W16,5.2266,6.4114,7.7348,9.072,2.2165,2.343,11.4319,11.6849,50.0,1,1,normal,0
IC_1059,LOT_A,W21,12.2579,13.2455,13.9458,14.3215,2.5696,2.6437,11.6111,11.73,50.0,1,1,normal,0
IC_1060,LOT_A,W09,11.1446,12.2059,13.5955,14.5653,2.7057,2.8167,11.9833,12.1293,50.0,1,1,normal,0
IC_1061,LOT_C,W17,11.1029,12.1716,13.1912,12.9384,1.8461,1.9517,11.6284,11.6342,50.0,1,1,normal,0
IC_1062,LOT_E,W11,10.5037,11.7952,13.2003,13.7431,2.2259,2.3224,13.0934,13.2277,50.0,1,1,normal,0
IC_1063,LOT_A,W24,9.6654,11.5165,13.0998,14.039,2.6973,2.8301,10.7574,11.0119,50.0,1,1,normal,0
IC_1064,LOT_A,W14,7.286,8.6589,9.7065,10.5153,2.019,2.136,12.2809,12.4071,50.0,1,1,normal,0
IC_1065,LOT_F,W11,11.111,11.9565,12.4166,13.1413,2.1768,2.1928,13.3006,13.4048,50.0,1,1,normal,0
IC_1066,LOT_A,W09,8.0376,9.2863,10.8667,11.6712,2.279,2.3405,12.296,12.4817,50.0,1,1,normal,0
IC_1067,LOT_F,W20,10.7756,12.4537,14.3656,14.5972,2.6282,2.7348,13.1666,13.4104,50.0,1,1,normal,0
IC_1068,LOT_C,W12,10.1748,11.9988,13.6064,14.7438,2.2317,2.3104,11.8772,12.1608,50.0,1,1,normal,0
IC_1069,LOT_D,W12,14.2802,15.5708,16.6547,17.5837,3.1128,3.144,11.7401,11.7586,50.0,1,1,normal,0
IC_1070,LOT_E,W15,9.3003,10.8331,11.603,13.3102,1.5521,1.6555,12.2389,12.3381,50.0,1,1,normal,0
IC_1071,LOT_D,W02,8.1902,9.477,10.871,11.707,2.0486,2.1093,10.095,10.1837,50.0,1,1,normal,0
IC_1072,LOT_A,W01,10.8515,11.851,12.4919,12.9209,2.2298,2.326,11.2436,11.5427,50.0,1,1,normal,0
IC_1073,LOT_C,W20,11.4778,13.0272,14.966,15.8217,2.2298,2.2628,12.5262,12.4225,50.0,1,1,normal,0
IC_1074,LOT_D,W23,11.5353,12.3119,13.4697,13.775,2.7971,2.8388,11.937,12.2305,50.0,1,1,normal,0
IC_1075,LOT_A,W12,10.9051,12.4712,14.2048,15.6281,2.3893,2.47,11.3378,11.5464,50.0,1,1,normal,0
IC_1076,LOT_B,W06,10.5037,12.0709,13.3928,14.9055,2.5671,2.6649,10.3448,10.3888,50.0,1,1,normal,0
IC_1077,LOT_D,W01,8.2341,8.9505,10.2577,10.7215,2.1914,2.302,9.6894,10.0044,50.0,1,1,normal,0
IC_1078,LOT_E,W15,12.4095,14.0255,15.4092,16.5985,2.3612,2.4747,12.2936,12.389,50.0,1,1,normal,0
IC_1079,LOT_C,W08,13.4239,14.5419,15.1822,15.9962,2.479,2.517,11.6067,11.7728,50.0,1,1,normal,0
IC_1080,LOT_D,W20,10.3196,11.3016,11.9924,12.4251,2.7257,2.7961,12.1312,12.1194,50.0,1,1,normal,0
IC_1081,LOT_A,W05,11.0373,12.4986,13.9693,14.9604,2.5786,2.6324,11.5221,11.8068,50.0,1,1,normal,0
IC_1082,LOT_E,W15,11.03,11.838,12.8663,13.6974,2.1939,2.2216,11.4741,11.3737,50.0,1,1,normal,0
IC_1083,LOT_D,W06,9.4906,10.2788,10.853,11.4079,2.3117,2.353,11.2107,11.3755,50.0,1,1,normal,0
IC_1084,LOT_B,W03,6.6868,7.8925,9.8865,10.5131,2.1225,2.1932,11.229,11.2816,50.0,1,1,normal,0
IC_1085,LOT_F,W23,12.3377,13.6697,15.093,16.2332,2.6094,2.6936,13.8326,13.9615,50.0,1,1,normal,0
IC_1086,LOT_F,W20,9.6028,10.2238,11.266,12.0221,1.824,1.8132,13.9652,14.0428,50.0,1,1,normal,0
IC_1087,LOT_E,W20,9.3633,11.1333,12.6203,13.6961,2.0066,2.1425,12.7005,12.823,50.0,1,1,normal,0
IC_1088,LOT_B,W02,12.9422,14.3813,15.9132,16.4098,2.5326,2.6098,11.7378,11.9634,50.0,1,1,normal,0
IC_1089,LOT_E,W14,36.0274,37.7616,41.118,42.8457,3.8278,3.915,16.3098,16.3683,50.0,1,1,latent_distribution_outlier,1
IC_1090,LOT_E,W09,9.6612,10.7383,11.4203,12.8258,2.497,2.5397,12.1043,12.3286,50.0,1,1,normal,0
IC_1091,LOT_F,W03,11.5036,12.7254,13.9746,14.3196,1.497,1.5539,13.7001,13.8452,50.0,1,1,normal,0
IC_1092,LOT_E,W20,8.4701,9.4611,9.9227,10.9562,2.3688,2.419,11.7885,11.8877,50.0,1,1,normal,0
IC_1093,LOT_E,W11,10.3515,11.2384,12.5093,13.2539,2.4661,2.5184,13.2731,13.3672,50.0,1,1,normal,0
IC_1094,LOT_B,W14,84.0347,93.5733,110.3309,127.4277,8.3511,8.9607,22.2222,23.4617,50.0,0,0,gross_failure,1
IC_1095,LOT_A,W02,11.0671,11.6829,12.3371,13.3751,2.627,2.6405,11.535,11.6921,50.0,1,1,normal,0
IC_1096,LOT_B,W11,9.4279,10.147,11.1652,11.9604,1.9845,1.9943,11.0119,11.0936,50.0,1,1,normal,0
IC_1097,LOT_A,W12,35.6575,38.0876,40.4433,41.0737,4.8201,4.9879,15.4781,15.7727,50.0,1,1,latent_distribution_outlier,1
IC_1098,LOT_D,W18,11.7141,13.1702,15.1949,15.9344,2.235,2.3247,12.219,12.4838,50.0,1,1,normal,0
IC_1099,LOT_B,W16,9.6304,10.6888,11.706,12.226,2.2104,2.3063,12.5667,12.7882,50.0,1,1,normal,0
IC_1100,LOT_D,W22,10.4414,11.235,12.1395,12.6935,2.7199,2.7911,11.0343,11.1301,50.0,1,1,normal,0
IC_1101,LOT_B,W24,9.3807,9.9861,10.7556,11.1857,2.1526,2.139,10.674,10.777,50.0,1,1,normal,0
IC_1102,LOT_F,W24,9.8127,11.4801,12.6946,13.8945,2.0272,2.1136,13.3665,13.7144,50.0,1,1,normal,0
IC_1103,LOT_A,W23,8.7794,10.2737,12.0127,13.1098,2.2458,2.3193,11.5879,11.6729,50.0,1,1,normal,0
IC_1104,LOT_B,W18,9.938,11.4988,12.6642,13.4716,2.4563,2.5658,8.8185,8.9258,50.0,1,1,normal,0
IC_1105,LOT_B,W04,8.2317,9.7206,11.4296,12.5612,2.6452,2.7138,12.0144,12.1692,50.0,1,1,normal,0
IC_1106,LOT_D,W24,11.4595,12.8383,13.8748,14.0456,2.5537,2.6293,12.7709,12.8986,50.0,1,1,normal,0
IC_1107,LOT_E,W21,8.2407,9.6145,10.9348,11.6379,1.6976,1.8149,12.3258,12.6056,50.0,1,1,normal,0
IC_1108,LOT_B,W11,9.3559,10.4425,10.7177,10.4895,2.6224,2.7147,11.701,12.0371,50.0,1,1,normal,0
IC_1109,LOT_D,W10,9.9931,14.4444,37.088,68.5973,2.6199,2.9112,12.8511,13.4232,50.0,1,1,early_drifter,1
IC_1110,LOT_F,W03,39.8112,41.6122,42.8581,43.9981,4.7895,4.901,17.2289,17.6323,50.0,1,1,latent_distribution_outlier,1
IC_1111,LOT_F,W08,12.2947,13.2838,14.6947,14.8512,2.6292,2.7649,13.3929,13.5898,50.0,1,1,normal,0
IC_1112,LOT_F,W22,9.8087,10.5299,11.7945,12.0547,2.1569,2.2112,12.6407,12.677,50.0,1,1,normal,0
IC_1113,LOT_D,W09,9.9088,11.0225,12.7231,13.7159,2.436,2.4391,11.6987,11.7324,50.0,1,1,normal,0
IC_1114,LOT_F,W01,11.3384,12.113,12.5789,13.9179,2.5415,2.5425,14.5531,14.6498,50.0,1,1,normal,0
IC_1115,LOT_B,W03,7.3446,8.1902,8.886,9.6747,2.2329,2.3097,12.5752,12.5766,50.0,1,1,normal,0
IC_1116,LOT_D,W17,10.2587,11.5842,13.482,14.3422,2.613,2.6635,10.1509,10.3241,50.0,1,1,normal,0
IC_1117,LOT_F,W20,10.5438,11.7498,12.6652,13.8757,2.2685,2.3421,14.1956,14.5603,50.0,1,1,normal,0
IC_1118,LOT_E,W04,9.6581,10.6271,11.526,12.5094,1.8107,1.8372,13.4655,13.5714,50.0,1,1,normal,0
IC_1119,LOT_E,W16,12.0379,13.3994,14.8418,15.7635,2.9971,3.0245,12.5562,12.8081,50.0,1,1,normal,0
IC_1120,LOT_C,W06,9.9361,11.3707,12.3822,13.6156,1.9236,2.0749,11.9567,12.1332,50.0,1,1,normal,0
IC_1121,LOT_A,W18,10.1554,11.3202,12.0341,13.4827,2.2693,2.3124,11.4462,11.6944,50.0,1,1,normal,0
IC_1122,LOT_C,W22,14.0,18.4114,42.0121,74.1088,2.2581,2.5551,12.1026,12.5612,50.0,1,1,early_drifter,1
IC_1123,LOT_E,W21,7.449,9.0026,9.9959,11.4257,2.1319,2.2497,12.7504,12.9562,50.0,1,1,normal,0
IC_1124,LOT_D,W19,10.1684,12.0099,13.7728,14.9655,2.1433,2.26,12.2058,12.4326,50.0,1,1,normal,0
IC_1125,LOT_A,W23,8.668,9.4696,9.9664,11.1686,2.24,2.3172,12.3669,12.3437,50.0,1,1,normal,0
IC_1126,LOT_D,W12,9.0899,10.3576,11.9979,12.5236,2.6205,2.7442,12.6442,12.771,50.0,1,1,normal,0
IC_1127,LOT_E,W10,9.3774,10.652,12.0429,12.3835,1.9758,2.0812,12.0095,12.1598,50.0,1,1,normal,0
IC_1128,LOT_E,W24,10.8049,15.3125,41.6667,77.2045,2.1738,2.4114,13.2448,13.7382,50.0,1,1,early_drifter,1
IC_1129,LOT_A,W17,9.7858,11.1125,12.544,12.8594,2.5668,2.6661,11.0839,11.1571,50.0,1,1,normal,0
IC_1130,LOT_E,W12,10.2389,11.5515,12.4805,13.4128,2.3619,2.462,11.7651,11.9036,50.0,1,1,normal,0
IC_1131,LOT_E,W17,10.8566,12.5187,13.8486,14.5608,2.545,2.6283,13.5952,13.8108,50.0,1,1,normal,0
IC_1132,LOT_F,W17,10.5778,15.4129,41.5409,74.931,2.1135,2.5013,15.0382,15.6927,50.0,1,1,early_drifter,1
IC_1133,LOT_E,W14,8.7067,10.1037,11.4692,11.7632,2.4304,2.4835,11.7508,11.9907,50.0,1,1,normal,0
IC_1134,LOT_E,W16,10.8651,11.9583,13.4196,13.6303,2.1988,2.246,12.8947,13.0608,50.0,1,1,normal,0
IC_1135,LOT_B,W14,7.2028,8.9276,10.2157,11.5328,2.5092,2.6244,9.3849,9.6367,50.0,1,1,normal,0
IC_1136,LOT_B,W07,9.7975,10.7486,11.666,12.5209,2.4625,2.5247,9.9835,10.0275,50.0,1,1,normal,0
IC_1137,LOT_B,W10,9.4016,10.7437,12.5129,12.236,2.4621,2.5101,11.3057,11.4893,50.0,1,1,normal,0
IC_1138,LOT_B,W18,8.1457,9.4892,10.6451,12.2082,2.6494,2.7565,13.1398,13.349,50.0,1,1,normal,0
IC_1139,LOT_A,W02,10.0757,11.5596,13.3277,13.9859,2.7417,2.8288,10.5708,10.8011,50.0,1,1,normal,0
IC_1140,LOT_D,W11,10.1058,15.4661,45.5816,86.573,2.7081,3.0256,12.1713,12.6701,50.0,1,1,early_drifter,1
IC_1141,LOT_D,W09,8.3336,10.0058,11.2274,12.1288,2.4264,2.5157,11.7378,12.0356,50.0,1,1,normal,0
IC_1142,LOT_D,W18,9.4372,11.1477,12.7317,14.7714,2.2287,2.3614,12.6948,12.9299,50.0,1,1,normal,0
IC_1143,LOT_B,W22,8.3883,10.1517,11.6484,13.1121,2.1976,2.3458,10.7115,10.8789,50.0,1,1,normal,0
IC_1144,LOT_B,W15,10.5913,11.591,12.111,12.0905,2.6758,2.7655,11.9378,11.8304,50.0,1,1,normal,0
IC_1145,LOT_A,W02,9.4929,10.7175,11.7796,12.7174,2.5199,2.599,12.2148,12.5087,50.0,1,1,normal,0
IC_1146,LOT_B,W10,7.2136,8.2223,9.3191,10.267,2.4713,2.5273,12.3828,12.5204,50.0,1,1,normal,0
IC_1147,LOT_D,W20,10.2847,10.8098,11.6619,12.0998,2.7318,2.783,12.8847,12.9307,50.0,1,1,normal,0
IC_1148,LOT_D,W13,10.2618,11.7589,13.5318,13.8337,2.5767,2.7273,11.2979,11.5201,50.0,1,1,normal,0
IC_1149,LOT_F,W04,11.2618,12.4808,14.1049,15.3861,2.2876,2.3514,14.0187,14.2532,50.0,1,1,normal,0
IC_1150,LOT_E,W03,32.0064,34.3907,36.6119,38.5957,3.3011,3.5042,14.721,14.9649,50.0,1,1,latent_distribution_outlier,1
IC_1151,LOT_B,W04,9.5411,10.5986,11.1875,12.3261,2.9499,2.9976,12.0024,12.0819,50.0,1,1,normal,0
IC_1152,LOT_B,W08,9.8417,11.5284,12.6986,14.165,2.336,2.4063,9.9917,10.3326,50.0,1,1,normal,0
IC_1153,LOT_A,W03,11.4033,12.5953,13.5797,14.7202,2.5216,2.5916,12.2453,12.1676,50.0,1,1,normal,0
IC_1154,LOT_D,W22,8.8207,9.8519,10.6823,11.2156,2.2567,2.2896,12.6043,12.6799,50.0,1,1,normal,0
IC_1155,LOT_E,W16,9.3271,10.7753,12.4148,14.1072,2.5607,2.677,11.8558,12.0819,50.0,1,1,normal,0
IC_1156,LOT_C,W10,12.0446,13.3768,14.796,15.2568,2.401,2.5097,11.6474,11.8293,50.0,1,1,normal,0
IC_1157,LOT_A,W09,10.589,12.1531,13.6418,14.4488,2.0279,2.1195,11.0459,11.3781,50.0,1,1,normal,0
IC_1158,LOT_D,W24,10.2774,12.1577,13.6439,14.4974,2.6239,2.7493,10.2415,10.5769,50.0,1,1,normal,0
IC_1159,LOT_B,W24,7.3584,8.4002,9.448,10.1493,2.1868,2.2345,11.4523,11.5636,50.0,1,1,normal,0
IC_1160,LOT_E,W22,8.9705,9.9971,10.9661,11.8533,2.0133,2.0374,12.7244,12.9138,50.0,1,1,normal,0
IC_1161,LOT_A,W08,7.4592,9.1567,10.7734,11.5962,2.5646,2.6975,10.0693,10.208,50.0,1,1,normal,0
IC_1162,LOT_B,W24,8.8539,9.7236,10.3378,10.9026,2.8924,2.9848,11.797,11.7865,50.0,1,1,normal,0
IC_1163,LOT_A,W04,9.5738,10.7575,11.8822,13.6058,2.5543,2.6103,11.8081,11.9568,50.0,1,1,normal,0
IC_1164,LOT_F,W10,11.4681,12.5233,13.7051,15.1134,2.3027,2.3749,13.7626,13.7368,50.0,1,1,normal,0
IC_1165,LOT_E,W08,8.4701,9.1343,10.7606,11.5445,1.7476,1.7535,11.1152,11.1894,50.0,1,1,normal,0
IC_1166,LOT_F,W01,10.1138,11.2712,11.8385,12.9686,1.9825,2.0928,13.3354,13.6015,50.0,1,1,normal,0
IC_1167,LOT_D,W18,9.3532,9.8435,10.8722,10.6824,2.4117,2.4205,10.7396,10.8797,50.0,1,1,normal,0
IC_1168,LOT_E,W17,11.417,13.0006,14.3085,15.5872,2.0922,2.1537,11.3624,11.6057,50.0,1,1,normal,0
IC_1169,LOT_A,W13,7.7828,8.8086,10.1859,10.7398,2.419,2.5701,11.6821,11.8534,50.0,1,1,normal,0
IC_1170,LOT_A,W22,5.7006,6.9829,8.5294,8.673,2.5929,2.6559,10.3361,10.5863,50.0,1,1,normal,0
IC_1171,LOT_F,W11,12.0835,13.2095,13.6179,13.9776,2.1159,2.1636,14.0107,14.3014,50.0,1,1,normal,0
IC_1172,LOT_A,W01,11.7334,12.7948,12.8807,14.1239,2.7716,2.863,11.0799,11.2328,50.0,1,1,normal,0
IC_1173,LOT_B,W17,10.1796,11.0794,11.3784,12.7443,2.5673,2.5984,10.296,10.4878,50.0,1,1,normal,0
IC_1174,LOT_A,W22,6.1181,7.6005,8.8091,10.0432,2.0519,2.1389,10.8084,10.9921,50.0,1,1,normal,0
IC_1175,LOT_D,W15,9.1778,10.3122,11.3095,12.5665,2.1913,2.2387,11.4727,11.547,50.0,1,1,normal,0
IC_1176,LOT_B,W11,10.6124,16.5254,50.2844,92.1315,2.6395,2.9769,9.4084,10.1485,50.0,1,1,early_drifter,1
IC_1177,LOT_C,W05,10.3503,11.9602,12.8309,13.4485,2.0272,2.1031,12.0025,12.2369,50.0,1,1,normal,0
IC_1178,LOT_D,W10,8.9051,10.4423,11.6254,11.9449,2.5614,2.6794,11.4467,11.523,50.0,1,1,normal,0
IC_1179,LOT_A,W06,12.1476,13.212,14.3826,14.7152,2.3028,2.3578,11.6393,11.8979,50.0,1,1,normal,0
IC_1180,LOT_A,W08,9.222,10.5766,11.8077,12.5188,2.655,2.7272,11.5184,11.7126,50.0,1,1,normal,0
IC_1181,LOT_F,W16,11.411,12.3077,13.5043,12.9583,1.9059,1.9249,12.6625,12.8815,50.0,1,1,normal,0
IC_1182,LOT_B,W03,7.0,11.0398,35.3326,66.501,2.5462,2.8237,11.7356,12.2402,50.0,1,1,early_drifter,1
IC_1183,LOT_D,W05,6.5514,7.5667,8.9592,10.1702,2.1915,2.2739,10.8426,10.9798,50.0,1,1,normal,0
IC_1184,LOT_F,W10,11.6035,12.8337,13.5539,15.4032,2.168,2.2037,13.7656,13.985,50.0,1,1,normal,0
IC_1185,LOT_B,W04,7.9822,9.3365,10.5211,11.5286,2.4442,2.5223,11.6866,12.0135,50.0,1,1,normal,0
IC_1186,LOT_C,W21,10.6128,11.9295,13.8434,14.8415,2.0748,2.1279,12.1934,12.3829,50.0,1,1,normal,0
IC_1187,LOT_B,W18,8.5382,9.1363,10.4241,9.7374,2.3443,2.3656,9.766,9.7078,50.0,1,1,normal,0
IC_1188,LOT_F,W05,9.7076,10.899,11.7478,12.8223,2.0543,2.1315,12.311,12.4035,50.0,1,1,normal,0
IC_1189,LOT_D,W08,10.251,11.5796,12.5842,14.8742,2.6311,2.7695,11.912,12.0452,50.0,1,1,normal,0
IC_1190,LOT_C,W08,13.9411,15.3996,16.0619,17.3858,1.9954,2.1089,11.1615,11.3656,50.0,1,1,normal,0
IC_1191,LOT_E,W22,10.7319,12.3885,13.826,15.2677,2.5525,2.6365,13.3007,13.5189,50.0,1,1,normal,0
IC_1192,LOT_A,W09,14.2005,15.8524,16.9918,18.1494,2.751,2.8541,12.2979,12.3296,50.0,1,1,normal,0
IC_1193,LOT_B,W13,9.9092,15.7333,47.889,90.9632,2.9013,3.2689,11.0779,11.8375,50.0,1,1,early_drifter,1
IC_1194,LOT_C,W21,11.588,12.4839,13.4077,14.829,2.1372,2.2004,11.198,11.3748,50.0,1,1,normal,0
IC_1195,LOT_E,W14,34.7425,37.3422,40.1913,42.4513,4.3915,4.5558,16.3099,16.602,50.0,1,1,latent_distribution_outlier,1
IC_1196,LOT_C,W22,10.3272,11.0881,12.1869,12.573,1.9232,1.9725,12.4142,12.4446,50.0,1,1,normal,0
IC_1197,LOT_D,W04,12.2939,13.8392,15.047,16.7694,3.0275,3.0958,12.6985,12.8411,50.0,1,1,normal,0
IC_1198,LOT_D,W08,10.3276,14.8042,39.8237,74.3699,2.301,2.5432,11.703,12.1089,50.0,1,1,early_drifter,1
IC_1199,LOT_C,W16,10.2565,11.3851,12.7761,13.6538,2.2044,2.3103,10.7819,10.9029,50.0,1,1,normal,0
IC_1200,LOT_E,W20,10.2249,11.1116,12.3577,12.458,1.8018,1.8784,12.354,12.4727,50.0,1,1,normal,0
IC_1201,LOT_D,W18,10.995,12.8697,14.2304,15.6897,2.1483,2.2852,11.7015,11.784,50.0,1,1,normal,0
IC_1202,LOT_D,W19,10.3778,11.3725,13.0361,13.6787,2.5838,2.6306,11.5711,11.5384,50.0,1,1,normal,0
IC_1203,LOT_B,W22,42.8051,44.0932,45.0598,45.8464,4.8918,4.975,16.2852,16.5233,50.0,1,1,latent_distribution_outlier,1
IC_1204,LOT_F,W13,11.1613,11.9844,12.9111,13.5704,2.0417,2.0921,13.8764,13.877,50.0,1,1,normal,0
IC_1205,LOT_F,W14,9.3726,10.6769,12.0881,13.076,1.9792,2.0386,13.5658,13.7651,50.0,1,1,normal,0
IC_1206,LOT_C,W18,9.9942,11.1231,12.6493,13.7619,1.8571,1.913,11.477,11.5595,50.0,1,1,normal,0
IC_1207,LOT_C,W09,8.4188,9.3643,10.3833,11.0915,1.926,1.9801,12.0294,12.1294,50.0,1,1,normal,0
IC_1208,LOT_F,W10,13.6871,14.3245,15.3068,16.6969,2.3579,2.4088,14.7509,14.8857,50.0,1,1,normal,0
IC_1209,LOT_C,W13,52.8504,59.6786,74.5712,98.3321,5.612,5.9871,16.2733,17.2188,50.0,0,0,gross_failure,1
IC_1210,LOT_A,W10,33.2199,35.092,37.1626,36.9539,4.2651,4.3921,15.3798,15.4135,50.0,1,1,latent_distribution_outlier,1
IC_1211,LOT_F,W12,10.0905,10.9226,12.399,12.6352,2.1006,2.1523,13.68,13.7838,50.0,1,1,normal,0
IC_1212,LOT_E,W17,9.58,10.8178,12.4988,13.88,1.9991,2.0731,11.9889,12.2048,50.0,1,1,normal,0
IC_1213,LOT_E,W23,8.1142,8.8743,9.54,11.0397,1.861,1.9537,11.4852,11.6287,50.0,1,1,normal,0
IC_1214,LOT_C,W19,12.2233,13.7498,15.4966,16.1022,2.2957,2.3912,11.9353,12.113,50.0,1,1,normal,0
IC_1215,LOT_B,W03,8.7247,10.2662,11.4352,12.4542,2.9055,2.9429,11.2415,11.5193,50.0,1,1,normal,0
IC_1216,LOT_B,W15,9.2113,9.8427,10.5904,10.9892,2.7095,2.7744,10.0781,10.3205,50.0,1,1,normal,0
IC_1217,LOT_F,W20,12.9469,14.5441,15.6634,17.1,1.9628,2.0344,14.0363,14.1994,50.0,1,1,normal,0
IC_1218,LOT_D,W09,10.7452,12.2612,14.103,15.0221,2.7404,2.8296,12.2021,12.5096,50.0,1,1,normal,0
IC_1219,LOT_E,W10,10.6336,12.2308,13.6672,15.0633,2.4252,2.5473,13.6905,13.9664,50.0,1,1,normal,0
IC_1220,LOT_F,W06,10.1375,11.7872,13.3159,14.396,2.3189,2.3575,14.0009,14.0979,50.0,1,1,normal,0
IC_1221,LOT_F,W22,8.1462,9.6983,11.4446,12.0486,2.2691,2.346,12.9895,13.1692,50.0,1,1,normal,0
IC_1222,LOT_B,W21,10.384,11.6943,12.9283,13.0948,2.495,2.5461,11.9298,12.1906,50.0,1,1,normal,0
IC_1223,LOT_F,W13,12.0373,13.3191,15.0892,16.2336,2.2413,2.296,15.8873,15.943,50.0,1,1,normal,0
IC_1224,LOT_C,W16,10.4128,11.4891,13.0945,14.2614,2.2233,2.2878,12.2428,12.4633,50.0,1,1,normal,0
IC_1225,LOT_C,W07,12.1756,13.1719,14.4666,14.8593,2.2219,2.2509,13.1084,13.1995,50.0,1,1,normal,0
IC_1226,LOT_E,W23,9.8673,11.3302,12.3427,13.0322,2.1868,2.2453,13.0977,13.4246,50.0,1,1,normal,0
IC_1227,LOT_A,W10,8.1552,8.9447,9.7672,10.514,1.9967,2.019,11.1915,11.4363,50.0,1,1,normal,0
IC_1228,LOT_E,W24,9.6595,10.9423,11.99,12.9328,2.3709,2.4248,11.7099,11.7882,50.0,1,1,normal,0
IC_1229,LOT_F,W22,11.0394,12.4654,13.8863,14.6855,2.1449,2.2435,13.5823,13.7312,50.0,1,1,normal,0
IC_1230,LOT_B,W20,8.0101,8.826,9.6419,10.8227,2.3397,2.3808,10.2193,10.2407,50.0,1,1,normal,0
IC_1231,LOT_E,W23,7.5725,9.1115,10.4456,11.7572,1.9404,2.0477,11.7904,11.7575,50.0,1,1,normal,0
IC_1232,LOT_E,W15,9.0346,10.0952,11.4027,11.9364,1.8126,1.9079,12.1239,11.9862,50.0,1,1,normal,0
IC_1233,LOT_A,W18,6.7421,7.6091,8.1954,8.7644,1.9856,2.0669,11.8264,11.9002,50.0,1,1,normal,0
IC_1234,LOT_A,W04,9.6973,10.5451,11.4867,11.5761,2.8022,2.8112,12.0458,12.0071,50.0,1,1,normal,0
IC_1235,LOT_C,W19,59.9421,68.9366,86.3959,100.8891,5.8311,6.325,19.8563,20.8803,50.0,0,0,gross_failure,1
IC_1236,LOT_C,W20,11.7891,12.4631,13.4818,14.3357,1.7995,1.855,13.0509,13.0736,50.0,1,1,normal,0
IC_1237,LOT_F,W13,13.3195,14.6028,15.6073,17.4893,2.7928,2.8901,13.6829,13.87,50.0,1,1,normal,0
IC_1238,LOT_E,W21,8.2958,9.4617,10.9521,11.6356,1.7129,1.7933,12.1912,12.3951,50.0,1,1,normal,0
IC_1239,LOT_C,W18,9.689,10.7237,11.7294,12.1003,2.2399,2.2703,12.1216,12.3635,50.0,1,1,normal,0
IC_1240,LOT_A,W01,11.2959,12.2696,12.9463,13.2745,2.1738,2.2802,11.0886,11.2803,50.0,1,1,normal,0
IC_1241,LOT_E,W09,10.1654,11.2179,12.5906,12.7536,2.0151,2.0981,13.2649,13.409,50.0,1,1,normal,0
IC_1242,LOT_A,W08,11.005,11.7811,12.8366,14.4823,2.6674,2.7193,10.6677,10.7163,50.0,1,1,normal,0
IC_1243,LOT_D,W10,10.6793,11.7175,12.7554,13.937,2.2451,2.332,12.1471,12.2089,50.0,1,1,normal,0
IC_1244,LOT_C,W06,11.9563,12.7393,13.5036,14.2474,2.1341,2.1865,11.1506,11.1745,50.0,1,1,normal,0
IC_1245,LOT_A,W14,11.3743,12.5554,13.6624,14.7727,2.7392,2.8458,12.0064,12.134,50.0,1,1,normal,0
IC_1246,LOT_F,W04,11.7624,13.2419,14.3766,15.5502,2.4989,2.5509,14.1781,14.501,50.0,1,1,normal,0
IC_1247,LOT_F,W16,11.4959,12.6406,13.829,14.3038,1.9535,2.0243,14.2129,14.4499,50.0,1,1,normal,0
IC_1248,LOT_F,W20,10.2319,11.7074,13.2847,14.8039,1.5212,1.6402,15.2994,15.4583,50.0,1,1,normal,0
IC_1249,LOT_E,W20,12.9424,14.523,15.8293,16.5734,2.8704,2.9155,13.9217,14.201,50.0,1,1,normal,0
IC_1250,LOT_D,W16,10.0408,11.5045,12.6123,13.5097,2.2861,2.3195,12.2336,12.4687,50.0,1,1,normal,0
IC_1251,LOT_A,W24,11.1697,12.1609,13.0581,13.4002,2.8339,2.9018,11.3492,11.384,50.0,1,1,normal,0
IC_1252,LOT_F,W13,10.8991,12.3364,13.7556,14.8694,2.469,2.5564,11.889,12.1524,50.0,1,1,normal,0
IC_1253,LOT_B,W11,10.2786,11.475,13.01,13.1401,2.6268,2.6782,10.1765,10.3587,50.0,1,1,normal,0
IC_1254,LOT_B,W02,10.0695,11.3057,11.9043,12.549,2.8185,2.8899,11.6303,11.6992,50.0,1,1,normal,0
IC_1255,LOT_D,W10,9.6805,10.4425,11.8007,11.5435,2.747,2.842,10.7141,10.8534,50.0,1,1,normal,0
IC_1256,LOT_E,W06,8.5088,9.3578,10.2045,11.3036,2.1971,2.2586,12.2518,12.5917,50.0,1,1,normal,0
IC_1257,LOT_C,W15,8.2571,9.8454,10.3473,12.0948,2.0641,2.1736,12.259,12.5036,50.0,1,1,normal,0
IC_1258,LOT_F,W04,11.1708,12.2117,13.0962,14.0164,2.7107,2.7773,13.6319,13.6679,50.0,1,1,normal,0
IC_1259,LOT_D,W18,36.9725,38.2678,40.7595,42.1029,4.3533,4.4487,15.4536,15.5301,50.0,1,1,latent_distribution_outlier,1
IC_1260,LOT_F,W24,11.0425,12.892,14.6318,16.1246,2.0431,2.1412,14.5937,14.7503,50.0,1,1,normal,0
IC_1261,LOT_D,W24,9.6814,10.3882,11.6713,12.2755,2.0831,2.0988,10.1218,10.1904,50.0,1,1,normal,0
IC_1262,LOT_A,W12,8.3947,9.6746,11.8254,12.344,2.4642,2.5581,10.9624,11.2254,50.0,1,1,normal,0
IC_1263,LOT_B,W08,10.9826,11.6891,12.8919,13.9776,2.4789,2.4934,10.6056,10.4315,50.0,1,1,normal,0
IC_1264,LOT_E,W14,8.3651,9.2798,10.4785,11.0052,1.8084,1.8684,12.7662,12.9521,50.0,1,1,normal,0
IC_1265,LOT_B,W12,8.1024,9.5206,10.7592,12.6882,2.7047,2.7872,11.0477,11.2035,50.0,1,1,normal,0
IC_1266,LOT_C,W05,14.3127,15.3257,16.325,16.1094,2.5225,2.6096,12.4479,12.5864,50.0,1,1,normal,0
IC_1267,LOT_A,W10,9.161,10.3119,12.178,12.9373,2.3919,2.4279,11.5226,11.6799,50.0,1,1,normal,0
IC_1268,LOT_E,W19,7.4457,8.2147,9.3868,9.9516,2.2013,2.2253,12.3468,12.5002,50.0,1,1,normal,0
IC_1269,LOT_F,W07,37.6236,39.2561,40.685,41.0058,4.5218,4.6239,17.08,17.1575,50.0,1,1,latent_distribution_outlier,1
IC_1270,LOT_A,W18,8.3373,9.1029,10.1733,10.5646,2.0842,2.1005,10.7944,10.8382,50.0,1,1,normal,0
IC_1271,LOT_C,W19,11.2966,12.4055,13.6045,14.6241,2.0379,2.1109,12.5127,12.5393,50.0,1,1,normal,0
IC_1272,LOT_C,W23,14.2655,15.1408,15.8526,16.2172,2.4718,2.5189,11.037,11.1683,50.0,1,1,normal,0
IC_1273,LOT_B,W13,9.3906,10.7441,12.458,12.9744,2.6188,2.6589,11.9885,12.2385,50.0,1,1,normal,0
IC_1274,LOT_D,W03,9.6188,10.5095,11.8541,12.2372,2.1789,2.2295,11.597,11.6749,50.0,1,1,normal,0
IC_1275,LOT_E,W10,12.5551,13.7387,14.9148,15.6829,2.2177,2.2825,12.9492,13.1079,50.0,1,1,normal,0
IC_1276,LOT_D,W21,9.7724,11.2832,12.4679,13.4871,2.462,2.5076,12.3236,12.4986,50.0,1,1,normal,0
IC_1277,LOT_E,W21,12.3632,13.9252,15.4164,16.5583,2.7294,2.7906,13.2815,13.4544,50.0,1,1,normal,0
IC_1278,LOT_B,W17,8.5341,9.4688,10.1681,10.7348,2.1724,2.202,12.5017,12.5896,50.0,1,1,normal,0
IC_1279,LOT_C,W11,13.1019,14.8211,16.7642,17.5384,2.406,2.4636,11.942,12.0969,50.0,1,1,normal,0
IC_1280,LOT_A,W12,11.8075,12.9137,14.1744,14.9113,3.0018,3.0123,11.6262,11.6638,50.0,1,1,normal,0
IC_1281,LOT_D,W19,9.0206,9.9057,10.6945,11.4931,2.4831,2.536,11.3383,11.4723,50.0,1,1,normal,0
IC_1282,LOT_E,W17,9.1188,10.5978,11.8292,12.6126,2.5893,2.6732,13.9538,14.2206,50.0,1,1,normal,0
IC_1283,LOT_E,W16,11.3238,15.7528,42.1811,75.756,2.4579,2.7034,12.7569,13.2678,50.0,1,1,early_drifter,1
IC_1284,LOT_D,W12,10.1134,11.2651,11.7125,12.8596,2.5835,2.7083,10.465,10.364,50.0,1,1,normal,0
IC_1285,LOT_E,W09,12.0657,12.8224,13.6722,13.9839,2.4667,2.5215,12.6674,12.9024,50.0,1,1,normal,0
IC_1286,LOT_E,W17,8.4311,9.3526,10.2791,11.0061,1.7757,1.8601,12.5531,12.7416,50.0,1,1,normal,0
IC_1287,LOT_D,W06,12.2033,13.4102,14.9061,16.0409,3.0664,3.1975,12.7144,12.8049,50.0,1,1,normal,0
IC_1288,LOT_D,W15,9.4197,10.4864,11.0836,11.928,2.306,2.3304,11.6741,11.88,50.0,1,1,normal,0
IC_1289,LOT_B,W06,11.3332,12.9266,14.3543,16.1704,2.8141,2.8581,11.8403,11.8796,50.0,1,1,normal,0
IC_1290,LOT_B,W07,8.0988,9.2192,10.3337,10.7475,2.3515,2.4119,10.5024,10.5481,50.0,1,1,normal,0
IC_1291,LOT_E,W04,7.3623,7.9455,8.9813,9.5654,1.706,1.7225,12.7356,12.9197,50.0,1,1,normal,0
IC_1292,LOT_F,W16,9.4227,10.1791,10.4693,11.0906,2.1936,2.2922,13.1902,13.1001,50.0,1,1,normal,0
IC_1293,LOT_A,W12,10.0823,11.7868,13.549,14.511,2.4832,2.6032,10.8974,11.1296,50.0,1,1,normal,0
IC_1294,LOT_E,W07,13.6021,14.4201,15.518,15.4025,2.2913,2.3319,14.6225,14.9269,50.0,1,1,normal,0
IC_1295,LOT_D,W21,9.6868,10.9421,12.8788,13.1043,2.5495,2.6524,10.9833,11.1802,50.0,1,1,normal,0
IC_1296,LOT_F,W19,10.782,12.0418,13.4901,13.3203,1.8622,1.9603,14.3437,14.5784,50.0,1,1,normal,0
IC_1297,LOT_C,W02,13.3986,14.7205,16.2276,16.7908,1.8724,1.9578,10.5817,10.7053,50.0,1,1,normal,0
IC_1298,LOT_E,W06,8.2813,9.2652,9.5604,10.5238,1.9087,2.0008,13.2702,13.2807,50.0,1,1,normal,0
IC_1299,LOT_A,W21,10.7535,11.9235,12.54,14.4258,2.693,2.777,12.0367,12.26,50.0,1,1,normal,0
IC_1300,LOT_E,W22,10.5755,14.9571,38.4208,70.816,2.2077,2.4687,12.2459,12.8698,50.0,1,1,early_drifter,1
IC_1301,LOT_A,W14,10.9878,12.3626,13.9943,14.1498,2.6755,2.7874,11.1146,11.3003,50.0,1,1,normal,0
IC_1302,LOT_D,W07,11.4208,15.4257,37.3375,67.579,2.457,2.6762,12.0365,12.4829,50.0,1,1,early_drifter,1
IC_1303,LOT_C,W17,10.5632,11.8932,14.0196,14.8189,2.3941,2.424,11.8377,11.8648,50.0,1,1,normal,0
IC_1304,LOT_D,W13,10.6642,11.4975,12.4337,13.572,2.4506,2.4663,10.9329,11.2302,50.0,1,1,normal,0
IC_1305,LOT_E,W22,12.5479,13.5328,14.8705,14.9619,2.2125,2.3299,12.6339,12.7187,50.0,1,1,normal,0
IC_1306,LOT_B,W16,8.0313,9.1127,10.5002,11.4848,2.387,2.4375,11.4961,11.4924,50.0,1,1,normal,0
IC_1307,LOT_D,W18,11.4478,12.3991,13.1442,14.2455,2.4201,2.4708,12.8606,12.9821,50.0,1,1,normal,0
IC_1308,LOT_E,W03,10.284,11.2442,12.0614,13.0702,1.6231,1.6967,13.0475,13.0943,50.0,1,1,normal,0
IC_1309,LOT_B,W12,5.3769,7.2704,8.5955,9.4909,2.1946,2.2574,10.2513,10.4392,50.0,1,1,normal,0
IC_1310,LOT_D,W17,9.6731,10.6065,11.6506,11.7938,2.6074,2.603,10.8826,11.056,50.0,1,1,normal,0
IC_1311,LOT_C,W23,13.1212,18.5517,45.7753,86.0525,2.1948,2.5017,12.4671,13.1146,50.0,1,1,early_drifter,1
IC_1312,LOT_B,W21,6.8719,8.104,9.0573,9.6844,2.8028,2.8333,11.9482,12.0954,50.0,1,1,normal,0
IC_1313,LOT_A,W06,8.7602,10.0327,11.518,11.3864,2.4469,2.4747,11.6377,11.795,50.0,1,1,normal,0
IC_1314,LOT_B,W13,12.4091,13.2844,14.2072,15.233,2.7308,2.7745,10.3322,10.3819,50.0,1,1,normal,0
IC_1315,LOT_D,W18,9.9841,11.2075,12.364,13.3111,2.1728,2.2581,12.1856,12.3634,50.0,1,1,normal,0
IC_1316,LOT_B,W06,7.1239,8.3052,9.1716,10.2135,2.5374,2.606,10.836,11.0016,50.0,1,1,normal,0
IC_1317,LOT_C,W12,13.1232,14.145,15.0294,15.7261,2.0905,2.1632,10.8563,10.9816,50.0,1,1,normal,0
IC_1318,LOT_A,W03,9.8436,11.2227,12.4546,13.4407,2.67,2.7688,11.0864,11.1871,50.0,1,1,normal,0
IC_1319,LOT_E,W13,12.3043,13.6695,14.7961,15.9902,2.736,2.8266,13.0589,13.4286,50.0,1,1,normal,0
IC_1320,LOT_E,W13,11.3841,13.0797,14.7862,15.7898,2.1366,2.2514,13.0385,13.2147,50.0,1,1,normal,0
IC_1321,LOT_B,W17,7.4009,8.3938,9.6574,10.8324,2.3182,2.3547,9.6257,9.6073,50.0,1,1,normal,0
IC_1322,LOT_E,W07,11.5334,12.9909,14.5412,16.314,2.6398,2.7312,14.1649,14.378,50.0,1,1,normal,0
IC_1323,LOT_B,W17,9.1073,10.4812,11.6686,11.6264,1.9804,2.0598,10.3895,10.7126,50.0,1,1,normal,0
IC_1324,LOT_E,W06,8.5416,10.1501,11.0532,12.7279,1.9094,2.0151,11.711,11.9668,50.0,1,1,normal,0
IC_1325,LOT_D,W16,9.7591,10.9335,12.661,13.2106,2.6146,2.6688,12.9331,13.0522,50.0,1,1,normal,0
IC_1326,LOT_A,W16,9.1385,10.6187,11.797,12.593,2.629,2.7119,10.3105,10.6278,50.0,1,1,normal,0
IC_1327,LOT_B,W08,43.3558,45.2886,44.4972,48.641,5.3661,5.4865,17.0252,17.352,50.0,1,1,latent_distribution_outlier,1
IC_1328,LOT_D,W20,9.0673,9.8491,10.3927,11.5642,2.2879,2.3394,13.4304,13.638,50.0,1,1,normal,0
IC_1329,LOT_B,W15,8.1612,9.8109,11.3616,12.959,2.6666,2.8067,11.5337,11.6842,50.0,1,1,normal,0
IC_1330,LOT_B,W11,7.2896,8.2357,9.5462,10.0465,2.2838,2.3116,10.4545,10.6058,50.0,1,1,normal,0
IC_1331,LOT_A,W05,8.2149,9.3995,10.4701,10.8215,2.2872,2.398,10.328,10.4913,50.0,1,1,normal,0
IC_1332,LOT_D,W11,12.2176,13.0049,14.2908,14.4118,2.127,2.1745,12.7399,12.8482,50.0,1,1,normal,0
IC_1333,LOT_B,W04,11.3422,13.0647,14.3588,15.3579,2.6257,2.7347,11.1884,11.3357,50.0,1,1,normal,0
IC_1334,LOT_A,W15,13.7156,15.2699,16.2795,16.8848,2.7591,2.8654,12.4867,12.7701,50.0,1,1,normal,0
IC_1335,LOT_E,W17,10.0101,10.9604,11.8904,12.2797,2.3982,2.4435,12.6043,12.6772,50.0,1,1,normal,0
IC_1336,LOT_C,W03,10.0749,10.8655,12.3916,12.2086,2.0007,2.0824,10.8581,10.8569,50.0,1,1,normal,0
IC_1337,LOT_E,W21,12.0074,13.2478,14.1492,14.6163,2.8175,2.8722,12.5498,12.7489,50.0,1,1,normal,0
IC_1338,LOT_D,W07,12.0266,13.5719,15.0783,16.4112,2.8463,2.9819,11.8621,12.1505,50.0,1,1,normal,0
IC_1339,LOT_C,W07,11.5152,13.0755,14.8,16.0193,2.3495,2.4412,10.5685,10.7347,50.0,1,1,normal,0
IC_1340,LOT_D,W15,11.7826,13.1702,14.6806,15.3821,2.6539,2.7642,11.8134,11.8186,50.0,1,1,normal,0
IC_1341,LOT_E,W07,8.6892,9.8493,11.1765,12.0806,1.6272,1.6961,12.7176,12.8919,50.0,1,1,normal,0
IC_1342,LOT_A,W16,36.7716,38.4265,39.6656,40.4763,4.5944,4.6845,14.5668,14.8397,50.0,1,1,latent_distribution_outlier,1
IC_1343,LOT_B,W12,11.4679,12.1942,12.6452,13.2927,2.9049,2.9962,11.5422,11.8036,50.0,1,1,normal,0
IC_1344,LOT_C,W20,11.7076,13.0994,14.354,14.9375,2.2273,2.347,11.5949,11.8071,50.0,1,1,normal,0
IC_1345,LOT_B,W17,8.5267,9.8188,11.3579,12.6096,2.5724,2.6573,11.2046,11.2567,50.0,1,1,normal,0
IC_1346,LOT_C,W03,11.5212,12.9628,14.2078,14.6475,1.8412,1.9501,10.5219,10.6624,50.0,1,1,normal,0
IC_1347,LOT_A,W07,10.8915,11.6586,12.4052,13.0142,2.8281,2.8859,11.5846,11.7246,50.0,1,1,normal,0
IC_1348,LOT_B,W16,7.5699,9.3331,11.0444,11.7899,2.2043,2.2981,10.2128,10.4242,50.0,1,1,normal,0
IC_1349,LOT_D,W06,9.6321,11.3088,12.5586,14.1258,2.2743,2.3399,11.1947,11.651,50.0,1,1,normal,0
IC_1350,LOT_F,W04,12.4551,16.0529,36.8462,63.8153,2.3557,2.6126,14.6075,15.1947,50.0,1,1,early_drifter,1
IC_1351,LOT_D,W08,10.3232,11.9601,13.3652,14.2724,2.0159,2.1073,10.6963,10.9363,50.0,1,1,normal,0
IC_1352,LOT_D,W12,9.5323,15.0511,42.7113,80.4377,2.3306,2.631,10.8928,11.5375,50.0,1,1,early_drifter,1
IC_1353,LOT_E,W05,10.939,11.647,12.7688,13.158,1.7481,1.7734,11.0439,11.2609,50.0,1,1,normal,0
IC_1354,LOT_C,W12,10.7853,12.0472,13.5616,14.6507,2.569,2.6028,12.301,12.4422,50.0,1,1,normal,0
IC_1355,LOT_F,W03,11.4787,12.8358,13.6862,14.2405,2.1224,2.1428,12.2219,12.2659,50.0,1,1,normal,0
IC_1356,LOT_A,W02,9.3955,11.1122,12.3296,13.2747,2.4559,2.5541,11.9028,12.1963,50.0,1,1,normal,0
IC_1357,LOT_E,W24,32.6298,34.3794,35.5325,36.6561,4.0256,4.1193,16.5004,16.5943,50.0,1,1,latent_distribution_outlier,1
IC_1358,LOT_B,W14,6.9997,8.0583,9.1965,10.6689,1.9346,2.0418,10.2178,10.428,50.0,1,1,normal,0
IC_1359,LOT_E,W04,7.6732,8.4885,9.1456,10.2392,2.5873,2.6111,12.1393,12.2027,50.0,1,1,normal,0
IC_1360,LOT_D,W18,8.4472,9.7919,11.0033,12.3097,2.3138,2.4236,11.9039,12.185,50.0,1,1,normal,0
IC_1361,LOT_B,W21,7.7047,8.9982,9.8871,11.1063,2.1991,2.275,12.8832,13.2022,50.0,1,1,normal,0
IC_1362,LOT_B,W04,9.282,10.3155,10.6491,11.4568,2.4243,2.5366,9.3573,9.4847,50.0,1,1,normal,0
IC_1363,LOT_A,W02,10.1076,11.8259,12.9884,13.6311,2.4793,2.5236,10.9883,11.1987,50.0,1,1,normal,0
IC_1364,LOT_C,W17,8.9728,9.8955,10.7885,11.7136,2.0994,2.177,11.8556,11.9106,50.0,1,1,normal,0
IC_1365,LOT_D,W01,11.1697,12.7939,14.3111,15.0971,2.3506,2.4594,13.4496,13.532,50.0,1,1,normal,0
IC_1366,LOT_F,W08,8.9605,10.4597,11.9986,13.4025,2.1829,2.2459,12.7697,12.8806,50.0,1,1,normal,0
IC_1367,LOT_F,W02,8.8889,9.7684,10.542,11.6352,1.805,1.8771,12.673,12.6606,50.0,1,1,normal,0
IC_1368,LOT_E,W09,45.4851,47.3178,48.5621,48.9519,4.6404,4.7298,17.5775,17.8662,50.0,1,1,latent_distribution_outlier,1
IC_1369,LOT_E,W12,12.0748,15.587,35.3269,62.1703,2.1175,2.3346,12.6932,13.3145,50.0,1,1,early_drifter,1
IC_1370,LOT_D,W09,9.3488,10.6146,11.9996,12.5846,2.3746,2.4495,11.0998,11.055,50.0,1,1,normal,0
IC_1371,LOT_E,W16,10.513,11.723,13.1889,14.0699,2.1854,2.1794,11.2354,11.499,50.0,1,1,normal,0
IC_1372,LOT_A,W12,10.8695,12.1075,12.6213,13.0927,2.5911,2.6466,10.0963,10.403,50.0,1,1,normal,0
IC_1373,LOT_A,W19,10.9063,12.0944,13.638,13.8736,2.0195,2.084,12.0256,12.2319,50.0,1,1,normal,0
IC_1374,LOT_C,W11,9.3973,10.6975,11.9938,13.0681,1.9166,2.0172,10.9949,11.2628,50.0,1,1,normal,0
IC_1375,LOT_C,W20,11.2675,12.8483,14.0805,14.8536,2.5173,2.6175,10.7238,11.0241,50.0,1,1,normal,0
IC_1376,LOT_C,W09,9.3589,11.2252,12.4713,14.09,2.0376,2.1727,9.0888,9.3338,50.0,1,1,normal,0
IC_1377,LOT_B,W16,8.2697,9.5816,10.0591,10.254,2.2725,2.3094,11.7036,11.8435,50.0,1,1,normal,0
IC_1378,LOT_E,W02,7.57,8.5008,9.4608,9.3682,1.9589,1.9922,11.0322,11.1848,50.0,1,1,normal,0
IC_1379,LOT_D,W15,10.6428,11.4782,12.0864,13.227,2.3977,2.4428,10.8422,10.9608,50.0,1,1,normal,0
IC_1380,LOT_E,W08,10.3489,11.8688,12.9036,14.5141,2.1646,2.2675,11.4265,11.5149,50.0,1,1,normal,0
IC_1381,LOT_A,W13,9.6382,11.0813,12.3015,13.3885,2.4988,2.6139,10.4185,10.725,50.0,1,1,normal,0
IC_1382,LOT_F,W19,11.3334,12.6348,13.2723,14.2621,2.6267,2.7482,13.59,13.7331,50.0,1,1,normal,0
IC_1383,LOT_E,W11,37.486,39.326,41.622,42.2557,4.4127,4.4787,17.0155,17.308,50.0,1,1,latent_distribution_outlier,1
IC_1384,LOT_A,W06,8.6758,10.3291,11.2478,11.7656,2.1883,2.2912,11.2564,11.3427,50.0,1,1,normal,0
IC_1385,LOT_C,W20,9.7302,10.7016,11.4282,12.3778,2.3083,2.4267,11.0965,11.1754,50.0,1,1,normal,0
IC_1386,LOT_E,W09,6.9355,8.3463,9.6572,10.2177,1.7405,1.8142,12.999,13.2509,50.0,1,1,normal,0
IC_1387,LOT_A,W24,11.9874,13.5998,14.9458,16.91,2.555,2.6842,12.4714,12.5824,50.0,1,1,normal,0
IC_1388,LOT_B,W05,7.3126,9.0791,10.2974,11.5986,2.4197,2.5333,10.8924,11.1585,50.0,1,1,normal,0
IC_1389,LOT_B,W10,41.4712,42.5349,44.9073,46.6103,4.8046,4.8648,17.5973,17.6155,50.0,1,1,latent_distribution_outlier,1
IC_1390,LOT_C,W23,10.9849,12.3864,13.851,14.5376,2.0252,2.0984,12.9462,13.1719,50.0,1,1,normal,0
IC_1391,LOT_C,W12,13.0361,13.6542,14.996,15.8355,2.0861,2.1436,11.3562,11.712,50.0,1,1,normal,0
IC_1392,LOT_F,W21,8.4143,10.0281,11.7008,13.8814,1.8911,2.0032,12.8816,13.0342,50.0,1,1,normal,0
IC_1393,LOT_A,W08,10.053,11.0775,12.5714,13.3781,2.7199,2.7579,11.5945,11.7228,50.0,1,1,normal,0
IC_1394,LOT_A,W19,6.7912,7.7023,8.6705,8.7983,2.5847,2.6215,10.9593,11.0847,50.0,1,1,normal,0
IC_1395,LOT_C,W17,41.9474,43.2585,44.7337,45.1754,4.274,4.396,16.6121,16.6498,50.0,1,1,latent_distribution_outlier,1
IC_1396,LOT_D,W01,14.036,14.9203,15.8803,16.99,2.6132,2.7134,11.774,11.854,50.0,1,1,normal,0
IC_1397,LOT_B,W01,7.7287,8.3962,9.2039,9.8088,2.1946,2.2069,9.6936,9.8965,50.0,1,1,normal,0
IC_1398,LOT_D,W21,10.1776,11.3478,12.5381,14.024,2.4269,2.4811,12.5149,12.672,50.0,1,1,normal,0
IC_1399,LOT_A,W01,5.3886,6.6575,7.7946,8.9927,1.971,2.0355,11.8077,11.8699,50.0,1,1,normal,0
IC_1400,LOT_C,W07,9.2203,10.3571,11.9674,12.2561,2.282,2.3551,10.1043,10.1547,50.0,1,1,normal,0
IC_1401,LOT_D,W16,52.7448,55.6476,69.7896,96.2012,5.6983,5.8485,19.3283,19.7208,50.0,0,0,gross_failure,1
IC_1402,LOT_A,W18,7.4724,8.4059,9.0349,9.4947,2.6495,2.7056,10.3287,10.269,50.0,1,1,normal,0
IC_1403,LOT_B,W19,9.9124,11.2578,12.7307,13.8923,2.4456,2.588,11.2639,11.2878,50.0,1,1,normal,0
IC_1404,LOT_F,W03,8.9022,9.8776,11.3913,11.6976,2.2614,2.2925,12.5466,12.4976,50.0,1,1,normal,0
IC_1405,LOT_A,W16,11.4853,13.089,13.7387,15.1816,2.8176,2.8983,11.713,11.9193,50.0,1,1,normal,0
IC_1406,LOT_B,W05,9.5711,10.5266,11.7622,12.5208,2.5782,2.6427,10.6796,10.7909,50.0,1,1,normal,0
IC_1407,LOT_E,W13,8.1285,9.5739,11.4962,11.931,2.0283,2.1439,13.7159,13.8619,50.0,1,1,normal,0
IC_1408,LOT_F,W18,8.0666,9.1429,10.2143,10.9678,1.9758,2.0993,12.4281,12.5726,50.0,1,1,normal,0
IC_1409,LOT_A,W12,9.3171,10.9893,12.0728,12.7806,2.5002,2.6465,12.2067,12.5094,50.0,1,1,normal,0
IC_1410,LOT_E,W13,11.3486,12.5989,13.5872,14.3282,2.6589,2.7969,12.1951,12.2919,50.0,1,1,normal,0
IC_1411,LOT_E,W10,8.4042,9.6251,11.0051,11.1933,2.5031,2.5931,12.2216,12.346,50.0,1,1,normal,0
IC_1412,LOT_F,W22,9.5933,11.0199,12.2854,12.9852,2.2615,2.3506,12.9821,13.3362,50.0,1,1,normal,0
IC_1413,LOT_C,W08,12.5246,13.7588,15.5416,15.9754,2.0645,2.1469,11.2142,11.1533,50.0,1,1,normal,0
IC_1414,LOT_D,W06,8.8485,10.5797,12.0174,13.1301,2.2263,2.3365,12.3877,12.7453,50.0,1,1,normal,0
IC_1415,LOT_A,W13,13.1191,14.1031,14.7838,15.2745,2.8107,2.8704,10.5027,10.6062,50.0,1,1,normal,0
IC_1416,LOT_D,W01,11.786,12.6513,13.0638,13.4273,2.7496,2.815,12.0621,12.0094,50.0,1,1,normal,0
IC_1417,LOT_B,W17,9.4917,11.325,12.1283,13.2344,2.2767,2.3792,11.0755,11.4193,50.0,1,1,normal,0
IC_1418,LOT_E,W03,11.5933,12.6227,13.1912,14.3906,2.3502,2.4497,13.7665,13.7914,50.0,1,1,normal,0
IC_1419,LOT_B,W24,7.7536,8.6745,9.9465,10.9663,2.9001,2.9728,12.8333,12.7576,50.0,1,1,normal,0
IC_1420,LOT_C,W18,9.9721,11.1538,12.3622,13.7013,2.3316,2.4016,11.9388,12.0478,50.0,1,1,normal,0
IC_1421,LOT_E,W12,8.2308,9.6068,11.5906,12.584,2.4942,2.556,11.3875,11.293,50.0,1,1,normal,0
IC_1422,LOT_D,W22,9.1802,10.7949,12.3866,13.747,2.1629,2.2346,10.3254,10.6284,50.0,1,1,normal,0
IC_1423,LOT_B,W22,34.3768,36.0204,36.9633,38.665,4.5499,4.653,15.2216,15.391,50.0,1,1,latent_distribution_outlier,1
IC_1424,LOT_D,W12,9.4807,10.4733,11.3751,11.7737,2.5063,2.5669,12.2901,12.3174,50.0,1,1,normal,0
IC_1425,LOT_D,W10,8.6081,10.3163,11.4025,12.8714,2.1996,2.3081,11.5691,11.6362,50.0,1,1,normal,0
IC_1426,LOT_A,W18,7.9643,8.8119,9.8162,10.6123,2.2256,2.3023,10.6045,10.7753,50.0,1,1,normal,0
IC_1427,LOT_F,W10,12.6394,13.4585,14.213,14.7141,2.9208,2.9458,14.9115,15.0447,50.0,1,1,normal,0
IC_1428,LOT_F,W10,11.3088,12.198,12.8652,13.6607,2.3635,2.4103,14.9848,15.1255,50.0,1,1,normal,0
IC_1429,LOT_D,W01,10.942,11.6492,13.0569,12.664,2.2926,2.3197,11.6106,11.6609,50.0,1,1,normal,0
IC_1430,LOT_B,W02,7.0744,8.5168,9.4342,10.5731,2.4057,2.5364,10.5688,10.6675,50.0,1,1,normal,0
IC_1431,LOT_E,W06,9.07,10.0923,11.3664,11.6728,2.2105,2.294,13.1678,13.2825,50.0,1,1,normal,0
IC_1432,LOT_B,W14,6.6431,8.1465,9.559,11.0437,2.0854,2.2033,11.1227,11.2281,50.0,1,1,normal,0
IC_1433,LOT_D,W19,9.3256,10.4562,12.5665,12.5983,2.4745,2.5705,12.7975,12.9107,50.0,1,1,normal,0
IC_1434,LOT_F,W17,10.5026,11.5016,12.0212,12.2865,1.9429,1.9715,14.9799,15.1732,50.0,1,1,normal,0
IC_1435,LOT_A,W09,7.0,10.5594,28.743,51.3671,2.1404,2.3741,11.4349,11.7178,50.0,1,1,early_drifter,1
IC_1436,LOT_D,W06,8.3539,9.339,10.1688,11.5659,2.1057,2.1833,11.3828,11.6523,50.0,1,1,normal,0
IC_1437,LOT_A,W02,43.757,46.0674,48.2058,51.2625,5.3311,5.4498,15.834,16.0635,50.0,1,1,latent_distribution_outlier,1
IC_1438,LOT_F,W06,10.9912,11.7506,13.0606,13.4364,2.2684,2.3074,15.0748,15.1175,50.0,1,1,normal,0
IC_1439,LOT_C,W03,12.8277,13.7706,14.8032,15.4978,2.4349,2.4706,11.1861,11.4285,50.0,1,1,normal,0
IC_1440,LOT_B,W19,9.2384,9.995,11.27,11.8592,2.417,2.4706,11.0215,11.2054,50.0,1,1,normal,0
IC_1441,LOT_E,W05,10.7175,12.2455,13.2785,14.6193,2.0494,2.162,12.7461,12.6621,50.0,1,1,normal,0
IC_1442,LOT_E,W18,9.7955,13.1328,30.912,52.1199,1.9802,2.2009,12.9844,13.3978,50.0,1,1,early_drifter,1
IC_1443,LOT_B,W18,7.2981,8.2815,9.7565,10.773,2.5033,2.5738,12.2688,12.3806,50.0,1,1,normal,0
IC_1444,LOT_A,W21,9.0855,9.9831,10.9399,11.3722,2.5407,2.597,11.2554,11.2904,50.0,1,1,normal,0
IC_1445,LOT_B,W03,6.9204,8.0013,9.2564,9.8214,2.5332,2.546,9.8451,10.0775,50.0,1,1,normal,0
IC_1446,LOT_E,W06,8.8906,12.1554,28.462,53.5519,2.3186,2.496,12.4074,12.8169,50.0,1,1,early_drifter,1
IC_1447,LOT_F,W07,7.8589,9.6183,11.466,12.6558,1.665,1.7556,14.8976,15.0623,50.0,1,1,normal,0
IC_1448,LOT_B,W04,8.6674,9.5521,10.8183,11.3324,2.683,2.7724,11.1019,11.1428,50.0,1,1,normal,0
IC_1449,LOT_A,W14,62.221,66.1567,75.3337,103.2632,7.0583,7.3186,18.9875,19.5071,50.0,0,0,gross_failure,1
IC_1450,LOT_A,W22,11.341,11.9587,13.2768,13.4446,2.6872,2.7214,12.4702,12.6727,50.0,1,1,normal,0
IC_1451,LOT_D,W13,10.5416,11.2146,12.069,12.5561,2.3215,2.3248,13.3218,13.5086,50.0,1,1,normal,0
IC_1452,LOT_C,W06,12.4417,13.4856,14.6058,14.7545,2.4891,2.5856,12.817,12.9276,50.0,1,1,normal,0
IC_1453,LOT_E,W05,9.4054,10.5802,11.9165,12.8753,2.3335,2.4113,12.5063,12.7933,50.0,1,1,normal,0
IC_1454,LOT_D,W21,10.3188,11.8617,13.2517,14.391,2.5563,2.5741,11.2031,11.3659,50.0,1,1,normal,0
IC_1455,LOT_F,W10,10.8182,12.2074,13.7054,14.8968,2.2343,2.3398,14.1375,14.3124,50.0,1,1,normal,0
IC_1456,LOT_A,W16,8.977,9.9107,11.2937,11.2023,2.2415,2.2766,11.0327,11.1749,50.0,1,1,normal,0
IC_1457,LOT_C,W19,12.2645,13.8661,14.9729,15.6993,2.6047,2.7002,13.6327,13.8032,50.0,1,1,normal,0
IC_1458,LOT_B,W20,7.3091,8.3325,9.8448,11.0247,2.9063,2.973,11.7843,11.9503,50.0,1,1,normal,0
IC_1459,LOT_B,W07,5.9598,7.541,9.2823,10.2355,2.3015,2.4365,10.3706,10.6429,50.0,1,1,normal,0
IC_1460,LOT_D,W13,7.3372,8.9751,10.2028,12.2511,2.4886,2.6074,11.2237,11.3229,50.0,1,1,normal,0
IC_1461,LOT_B,W16,9.4975,12.4443,28.905,49.2701,2.5413,2.6723,11.1696,11.3941,50.0,1,1,early_drifter,1
IC_1462,LOT_C,W05,46.484,48.8376,51.8111,52.2974,5.3573,5.4581,18.8467,19.017,50.0,1,1,latent_distribution_outlier,1
IC_1463,LOT_F,W01,8.7103,9.9427,11.5918,12.0151,1.9053,1.9607,14.6823,15.0235,50.0,1,1,normal,0
IC_1464,LOT_A,W24,11.6356,12.7347,13.461,13.9168,3.0585,3.1063,11.3048,11.3505,50.0,1,1,normal,0
IC_1465,LOT_F,W02,9.477,10.5537,11.5091,11.0939,1.5226,1.5879,13.2553,13.4075,50.0,1,1,normal,0
IC_1466,LOT_F,W22,9.634,10.433,11.3952,12.036,2.0578,2.114,13.7673,13.8365,50.0,1,1,normal,0
IC_1467,LOT_C,W22,10.4707,11.5803,13.3068,13.6871,2.0189,2.0655,12.3694,12.4795,50.0,1,1,normal,0
IC_1468,LOT_B,W03,8.6469,9.5315,10.3173,11.7008,2.4984,2.5102,10.655,10.6384,50.0,1,1,normal,0
IC_1469,LOT_F,W12,12.7045,13.8558,15.4969,16.1213,1.8906,1.9731,13.8923,14.0409,50.0,1,1,normal,0
IC_1470,LOT_D,W07,9.667,10.6821,11.9831,12.0321,2.6667,2.6836,10.4333,10.5645,50.0,1,1,normal,0
IC_1471,LOT_F,W21,10.7529,11.9852,13.4937,14.2644,2.1831,2.2344,13.4076,13.5367,50.0,1,1,normal,0
IC_1472,LOT_C,W14,10.906,12.1814,13.4326,13.91,2.5075,2.6422,11.5067,11.6988,50.0,1,1,normal,0
IC_1473,LOT_E,W14,7.6107,8.7762,9.9338,10.9089,2.2437,2.342,11.9253,12.1421,50.0,1,1,normal,0
IC_1474,LOT_D,W09,10.56,11.3521,12.3049,12.3186,2.4202,2.4829,12.3549,12.3166,50.0,1,1,normal,0
IC_1475,LOT_D,W16,10.9189,12.4808,14.5771,15.4271,2.597,2.6667,11.4668,11.6377,50.0,1,1,normal,0
IC_1476,LOT_E,W08,9.3666,10.0656,11.2547,12.3914,2.0656,2.1214,12.0308,12.1159,50.0,1,1,normal,0
IC_1477,LOT_B,W22,6.7203,7.9847,9.5522,9.2689,2.5775,2.6542,12.2948,12.4951,50.0,1,1,normal,0
IC_1478,LOT_F,W20,11.4937,13.113,14.5878,14.7518,2.0042,2.1244,12.8029,13.1431,50.0,1,1,normal,0
IC_1479,LOT_E,W17,11.5874,13.0435,14.7844,14.922,2.3954,2.5128,12.0365,12.2304,50.0,1,1,normal,0
IC_1480,LOT_A,W05,11.2022,12.1129,13.1777,13.4492,2.8614,2.9147,10.3494,10.5683,50.0,1,1,normal,0
IC_1481,LOT_B,W22,7.126,7.5196,8.7531,9.7248,2.4978,2.5151,9.351,9.3851,50.0,1,1,normal,0
IC_1482,LOT_B,W02,9.9075,14.0544,36.0941,64.8135,2.8198,3.0874,11.9172,12.3387,50.0,1,1,early_drifter,1
IC_1483,LOT_D,W15,11.1144,12.7058,13.8302,15.3888,2.4099,2.5208,11.9179,12.1263,50.0,1,1,normal,0
IC_1484,LOT_C,W01,12.2883,13.8934,15.2847,16.0002,2.2593,2.3622,11.8139,12.015,50.0,1,1,normal,0
IC_1485,LOT_C,W07,13.4746,14.2283,15.0982,15.5713,2.5003,2.5515,13.3875,13.2798,50.0,1,1,normal,0
IC_1486,LOT_C,W08,10.6508,11.4281,12.13,13.3553,2.2605,2.3585,11.9155,11.8951,50.0,1,1,normal,0
IC_1487,LOT_B,W16,9.3758,10.5219,11.9536,12.9253,2.6559,2.7069,9.6028,9.851,50.0,1,1,normal,0
IC_1488,LOT_B,W20,14.0648,15.2112,16.1355,16.7304,2.8409,2.9475,11.7529,11.9223,50.0,1,1,normal,0
IC_1489,LOT_E,W04,8.8013,10.2462,11.7864,13.2076,1.9706,2.0538,11.3836,11.5906,50.0,1,1,normal,0
IC_1490,LOT_C,W13,12.6969,14.4319,16.1362,17.1996,2.2291,2.3357,12.029,12.4478,50.0,1,1,normal,0
IC_1491,LOT_E,W14,10.0273,11.4932,13.183,13.7008,2.0623,2.1765,11.9585,11.9627,50.0,1,1,normal,0
IC_1492,LOT_D,W09,9.7014,10.4165,11.5446,12.033,2.2402,2.2581,11.6538,11.7446,50.0,1,1,normal,0
IC_1493,LOT_D,W14,9.2645,10.4716,12.0715,12.821,2.4798,2.5708,12.5212,12.7489,50.0,1,1,normal,0
IC_1494,LOT_A,W19,8.5264,9.4682,10.3561,11.2752,1.9695,1.9925,12.0016,12.1502,50.0,1,1,normal,0
IC_1495,LOT_F,W16,10.4732,12.1023,13.4799,13.8343,1.9966,2.1826,14.5668,14.7864,50.0,1,1,normal,0
IC_1496,LOT_C,W08,9.1068,10.0117,11.3257,11.4274,2.2112,2.2401,12.7443,12.8738,50.0,1,1,normal,0
IC_1497,LOT_C,W13,11.3651,12.3459,13.4693,13.4054,2.1483,2.1887,12.4676,12.5516,50.0,1,1,normal,0
IC_1498,LOT_E,W21,12.6003,14.2115,15.1706,16.321,2.6559,2.7106,13.0153,13.1121,50.0,1,1,normal,0
IC_1499,LOT_A,W21,6.1755,7.761,9.2316,10.3596,2.7203,2.8066,10.2747,10.7926,50.0,1,1,normal,0
IC_1500,LOT_D,W16,10.8301,12.8372,13.9133,15.2251,2.5758,2.7201,12.5927,12.7785,50.0,1,1,normal,0
IC_1501,LOT_A,W24,10.8676,11.6074,12.2912,12.6829,2.6212,2.6316,11.8977,11.9538,50.0,1,1,normal,0
IC_1502,LOT_E,W23,7.4944,8.5578,9.4681,9.818,1.7828,1.8514,11.0377,11.246,50.0,1,1,normal,0
IC_1503,LOT_A,W13,12.1232,18.0347,49.2853,92.98,2.6631,3.0041,12.3977,13.0015,50.0,1,1,early_drifter,1
IC_1504,LOT_F,W22,11.6155,12.4803,13.3257,13.8402,1.5789,1.6017,11.9612,11.9642,50.0,1,1,normal,0
IC_1505,LOT_D,W10,9.6072,11.0103,13.1029,13.7767,2.7703,2.7872,11.4189,11.5647,50.0,1,1,normal,0
IC_1506,LOT_C,W24,10.9993,11.6768,12.5539,13.0116,1.6152,1.614,12.0998,12.2074,50.0,1,1,normal,0
IC_1507,LOT_C,W07,11.9368,13.2802,14.7067,15.2471,2.277,2.3848,11.2561,11.283,50.0,1,1,normal,0
IC_1508,LOT_E,W12,8.7408,14.5222,46.7577,91.5401,2.1045,2.4375,11.931,12.7883,50.0,1,1,early_drifter,1
IC_1509,LOT_E,W19,10.3723,11.3133,12.5206,13.0283,2.1261,2.1436,13.2987,13.4552,50.0,1,1,normal,0
IC_1510,LOT_D,W10,8.2413,9.6024,11.3402,11.1728,2.1016,2.2089,11.4538,11.5303,50.0,1,1,normal,0
IC_1511,LOT_B,W15,6.7624,7.4384,8.1079,8.4386,2.3438,2.369,9.7602,9.8464,50.0,1,1,normal,0
IC_1512,LOT_A,W06,8.7674,9.5472,10.9652,11.4884,2.113,2.1954,12.116,12.2758,50.0,1,1,normal,0
IC_1513,LOT_D,W23,11.1363,12.8972,14.7336,15.6685,2.6014,2.6996,11.4183,11.5623,50.0,1,1,normal,0
IC_1514,LOT_F,W17,8.4209,9.6063,10.4337,11.4714,1.7616,1.8058,13.0421,13.2079,50.0,1,1,normal,0
IC_1515,LOT_F,W02,10.1165,11.9837,13.328,13.8637,1.8492,1.9465,12.0411,12.3299,50.0,1,1,normal,0
IC_1516,LOT_B,W06,6.7357,7.8813,8.4917,9.6788,2.4799,2.6042,10.4341,10.7152,50.0,1,1,normal,0
IC_1517,LOT_E,W17,10.2456,11.5215,13.2523,14.3653,2.1574,2.1956,12.9016,13.0601,50.0,1,1,normal,0
IC_1518,LOT_A,W07,8.1733,9.5234,11.3245,11.2548,2.2445,2.2856,11.5493,11.7004,50.0,1,1,normal,0
IC_1519,LOT_D,W07,10.0035,11.41,13.2666,14.1582,2.6414,2.7108,11.5899,11.7997,50.0,1,1,normal,0
IC_1520,LOT_F,W19,10.4179,11.6555,13.4544,14.4963,2.3015,2.3699,12.5587,12.6343,50.0,1,1,normal,0
IC_1521,LOT_A,W17,8.3741,9.6357,11.0549,12.2649,2.5844,2.6387,10.3753,10.5095,50.0,1,1,normal,0
IC_1522,LOT_E,W04,10.1172,11.2928,12.3982,13.6196,2.2778,2.3362,11.4578,11.8699,50.0,1,1,normal,0
IC_1523,LOT_C,W04,12.2301,13.7204,15.339,15.9618,1.9245,1.9817,11.9166,12.1778,50.0,1,1,normal,0
IC_1524,LOT_D,W03,9.5019,10.7033,11.7306,12.1315,2.6447,2.7225,10.7667,10.9838,50.0,1,1,normal,0
IC_1525,LOT_A,W22,8.9304,10.5769,12.6918,13.6447,2.6982,2.8144,10.7879,10.9917,50.0,1,1,normal,0
IC_1526,LOT_F,W21,11.2792,12.4245,13.7348,14.7024,2.5194,2.5479,11.9671,12.0211,50.0,1,1,normal,0
IC_1527,LOT_A,W11,10.1506,11.6749,12.2268,13.735,2.5237,2.6198,11.5389,11.664,50.0,1,1,normal,0
IC_1528,LOT_B,W18,9.1061,10.0836,11.0637,11.2896,2.4375,2.5019,11.7753,11.9568,50.0,1,1,normal,0
IC_1529,LOT_A,W02,8.3509,10.1262,11.6172,12.8969,1.9741,2.0812,11.5961,11.9937,50.0,1,1,normal,0
IC_1530,LOT_D,W12,10.9913,12.8815,14.2564,15.2272,2.5857,2.715,11.274,11.7537,50.0,1,1,normal,0
IC_1531,LOT_B,W20,10.0442,11.3859,12.1472,13.3401,2.7189,2.8153,12.5904,12.6962,50.0,1,1,normal,0
IC_1532,LOT_C,W02,8.9136,14.5497,46.2837,85.6509,1.7005,2.0105,12.0439,12.7795,50.0,1,1,early_drifter,1
IC_1533,LOT_F,W15,11.2971,12.541,14.2282,15.8218,2.1595,2.194,12.5667,12.7548,50.0,1,1,normal,0
IC_1534,LOT_A,W06,9.685,11.2343,12.7247,13.7137,2.5683,2.6625,11.2157,11.3268,50.0,1,1,normal,0
IC_1535,LOT_F,W17,11.6261,16.664,44.7077,83.6146,2.3186,2.6277,15.4784,16.0531,50.0,1,1,early_drifter,1
IC_1536,LOT_A,W16,42.1434,43.7534,44.9072,46.5768,4.8709,4.9513,16.4142,16.5134,50.0,1,1,latent_distribution_outlier,1
IC_1537,LOT_F,W20,11.8972,13.5508,15.329,16.6726,2.0041,2.0837,13.6552,13.886,50.0,1,1,normal,0
IC_1538,LOT_F,W22,9.8054,11.5278,12.5811,13.4687,1.9628,2.0343,14.4189,14.4495,50.0,1,1,normal,0
IC_1539,LOT_A,W18,10.1357,14.2971,36.6245,68.2951,2.5857,2.7839,11.3916,12.0799,50.0,1,1,early_drifter,1
IC_1540,LOT_E,W08,8.6407,9.8647,10.4676,10.773,2.0945,2.1361,11.9805,12.1463,50.0,1,1,normal,0
IC_1541,LOT_E,W12,9.9802,11.0709,11.5931,11.1913,2.9223,2.9638,11.8144,11.9264,50.0,1,1,normal,0
IC_1542,LOT_B,W12,7.8015,9.2003,10.2874,10.7459,2.3613,2.4771,11.0334,11.3137,50.0,1,1,normal,0
IC_1543,LOT_F,W08,11.9518,12.5796,13.8332,14.8044,2.2346,2.265,13.5451,13.535,50.0,1,1,normal,0
IC_1544,LOT_B,W19,9.5269,10.6215,12.1655,12.8727,2.7316,2.6945,10.0419,10.1741,50.0,1,1,normal,0
IC_1545,LOT_B,W03,7.9053,9.6361,10.3399,12.2191,2.0314,2.0903,11.3637,11.5664,50.0,1,1,normal,0
IC_1546,LOT_A,W07,9.586,10.4099,11.7893,12.1727,2.2692,2.3441,11.3834,11.7459,50.0,1,1,normal,0
IC_1547,LOT_A,W13,7.0,10.9159,32.2444,62.1319,2.4,2.6334,10.6779,11.2541,50.0,1,1,early_drifter,1
IC_1548,LOT_A,W20,9.0095,10.4145,11.8167,12.999,2.7332,2.8028,10.9672,11.0709,50.0,1,1,normal,0
IC_1549,LOT_C,W06,10.0402,11.3396,12.2436,12.7028,2.4098,2.4252,11.1847,11.1855,50.0,1,1,normal,0
IC_1550,LOT_B,W13,7.19,8.7721,10.0746,10.6408,2.5719,2.6553,11.2129,11.3265,50.0,1,1,normal,0
IC_1551,LOT_F,W08,14.1173,15.4638,16.7493,17.8084,2.2689,2.3876,13.5411,13.8148,50.0,1,1,normal,0
IC_1552,LOT_D,W01,9.665,10.9469,12.1673,13.1953,2.584,2.6415,11.4838,11.6626,50.0,1,1,normal,0
IC_1553,LOT_E,W07,11.1719,12.2685,12.7511,13.839,2.315,2.447,12.174,12.2562,50.0,1,1,normal,0
IC_1554,LOT_F,W11,11.1508,12.5838,13.9624,14.7881,2.0417,2.1349,13.3068,13.3455,50.0,1,1,normal,0
IC_1555,LOT_A,W06,10.9682,12.1415,13.3348,13.7716,2.4641,2.5785,10.5896,10.8493,50.0,1,1,normal,0
IC_1556,LOT_C,W24,9.3389,15.6174,48.5916,93.1863,1.9074,2.2708,10.5218,11.0387,50.0,1,1,early_drifter,1
IC_1557,LOT_A,W07,13.3686,14.7704,16.2264,17.7188,3.0338,3.1155,11.3782,11.6308,50.0,1,1,normal,0
IC_1558,LOT_A,W11,10.508,11.8287,13.1327,14.2892,2.3523,2.4642,12.9965,13.0693,50.0,1,1,normal,0
IC_1559,LOT_F,W09,10.214,11.5989,13.0319,13.3715,1.9389,2.0111,15.0373,15.1253,50.0,1,1,normal,0
IC_1560,LOT_D,W06,10.4327,12.1093,13.1859,14.4982,2.7828,2.8689,12.3838,12.6648,50.0,1,1,normal,0
IC_1561,LOT_A,W09,8.2128,9.4548,10.2495,10.6677,2.4799,2.5601,10.8844,11.1073,50.0,1,1,normal,0
IC_1562,LOT_D,W19,12.0991,13.4095,14.528,15.2799,2.6451,2.7199,12.15,12.3785,50.0,1,1,normal,0
IC_1563,LOT_F,W02,10.8202,11.9309,13.0893,13.9179,2.5397,2.6823,13.5055,13.6485,50.0,1,1,normal,0
IC_1564,LOT_C,W05,12.226,13.5841,15.6162,16.3198,2.2628,2.3176,12.3788,12.5674,50.0,1,1,normal,0
IC_1565,LOT_E,W14,11.8813,13.3023,15.142,16.0991,2.6625,2.7599,12.6085,12.7789,50.0,1,1,normal,0
IC_1566,LOT_D,W15,11.503,12.1431,13.752,13.4577,2.3194,2.4089,12.2843,12.4447,50.0,1,1,normal,0
IC_1567,LOT_D,W15,9.3363,9.9255,10.8483,12.0328,2.3533,2.447,10.4817,10.4262,50.0,1,1,normal,0
IC_1568,LOT_D,W05,10.244,11.0504,12.4409,13.0837,2.6786,2.7548,13.0784,13.0808,50.0,1,1,normal,0
IC_1569,LOT_F,W23,11.7585,12.4259,13.5535,13.6104,2.7129,2.7368,13.4165,13.5006,50.0,1,1,normal,0
IC_1570,LOT_A,W17,7.4389,8.921,10.729,11.3785,2.3074,2.3934,11.802,11.8894,50.0,1,1,normal,0
IC_1571,LOT_C,W09,12.4471,15.9858,37.4038,64.522,2.1203,2.3803,12.2628,12.577,50.0,1,1,early_drifter,1
IC_1572,LOT_D,W23,8.3499,9.7604,10.9551,12.2795,2.2437,2.3156,9.6349,9.9472,50.0,1,1,normal,0
IC_1573,LOT_A,W21,13.1972,14.2798,15.5171,16.736,2.5495,2.6295,11.8332,11.9678,50.0,1,1,normal,0
IC_1574,LOT_E,W17,12.0954,13.4447,14.8843,14.798,2.8183,2.8914,13.4244,13.5025,50.0,1,1,normal,0
IC_1575,LOT_B,W03,11.1154,12.297,13.9101,14.619,2.6607,2.7656,12.3079,12.5709,50.0,1,1,normal,0
IC_1576,LOT_F,W07,11.9151,13.2567,14.3554,14.9376,2.7124,2.8238,13.0164,13.2859,50.0,1,1,normal,0
IC_1577,LOT_E,W22,8.3882,14.0244,44.9497,86.4624,2.023,2.3302,11.5751,12.1988,50.0,1,1,early_drifter,1
IC_1578,LOT_F,W09,11.0239,12.3428,13.4014,14.6072,2.0605,2.161,11.49,11.6501,50.0,1,1,normal,0
IC_1579,LOT_E,W11,10.2056,11.7257,12.5053,12.7753,2.3073,2.3758,12.1485,12.2724,50.0,1,1,normal,0
IC_1580,LOT_B,W18,5.9188,7.6399,9.0539,9.5775,2.0052,2.1115,10.4599,10.5938,50.0,1,1,normal,0
IC_1581,LOT_D,W19,11.1761,11.9035,12.6933,13.6943,2.353,2.407,13.7408,13.87,50.0,1,1,normal,0
IC_1582,LOT_F,W04,7.359,8.8036,10.1957,11.688,2.5548,2.6383,11.5028,11.7676,50.0,1,1,normal,0
IC_1583,LOT_B,W01,6.588,8.0009,9.2447,10.4406,2.6715,2.7907,11.8699,11.9259,50.0,1,1,normal,0
IC_1584,LOT_A,W20,12.6738,13.8388,15.1245,16.3574,2.3396,2.4963,11.6519,11.767,50.0,1,1,normal,0
IC_1585,LOT_B,W22,10.7602,12.0599,13.1252,13.9104,3.2036,3.2396,11.0706,11.3125,50.0,1,1,normal,0
IC_1586,LOT_D,W05,10.2896,11.1269,12.39,12.803,2.6464,2.7211,12.3251,12.442,50.0,1,1,normal,0
IC_1587,LOT_C,W15,11.9235,13.7531,15.291,16.3349,2.1974,2.3357,10.7829,11.0123,50.0,1,1,normal,0
IC_1588,LOT_C,W21,11.253,12.2619,12.8815,14.0958,2.0364,2.0922,12.1252,12.47,50.0,1,1,normal,0
IC_1589,LOT_E,W24,7.0,11.6307,37.3004,72.6358,2.1486,2.451,12.1782,12.6325,50.0,1,1,early_drifter,1
IC_1590,LOT_E,W02,9.579,11.1865,12.7659,13.021,1.7796,1.8833,12.3616,12.539,50.0,1,1,normal,0
IC_1591,LOT_A,W07,7.9169,9.0263,10.4099,11.9953,2.4191,2.5122,11.0417,11.1476,50.0,1,1,normal,0
IC_1592,LOT_D,W14,10.8629,12.2925,14.1714,14.5171,2.5671,2.6461,12.7463,13.0555,50.0,1,1,normal,0
IC_1593,LOT_E,W24,12.8179,17.3779,41.8148,76.0374,2.7694,3.0016,13.5998,14.1298,50.0,1,1,early_drifter,1
IC_1594,LOT_C,W10,9.8155,10.8878,11.9672,12.7855,2.009,2.1341,10.3147,10.5753,50.0,1,1,normal,0
IC_1595,LOT_E,W11,10.323,11.8321,13.5604,14.4973,2.4648,2.5005,11.7446,11.9788,50.0,1,1,normal,0
IC_1596,LOT_B,W20,7.0301,7.7943,8.5815,9.2152,2.5788,2.6831,10.9908,10.9244,50.0,1,1,normal,0
IC_1597,LOT_B,W12,8.9918,9.8218,11.2321,11.5869,2.3094,2.3891,11.5888,11.7561,50.0,1,1,normal,0
IC_1598,LOT_E,W16,57.9597,60.2671,69.393,96.0902,5.9854,6.12,19.5561,19.8673,50.0,0,0,gross_failure,1
IC_1599,LOT_F,W08,11.6968,12.3685,12.8705,14.2374,2.5018,2.5034,13.5405,13.572,50.0,1,1,normal,0
IC_1600,LOT_C,W06,11.3111,12.4764,13.757,14.1324,1.7732,1.832,13.0616,13.2444,50.0,1,1,normal,0
IC_1601,LOT_A,W08,8.1541,9.3275,11.2429,11.5259,2.4809,2.5724,11.2269,11.2823,50.0,1,1,normal,0
IC_1602,LOT_D,W03,10.9083,12.3125,13.4933,14.5405,2.2796,2.3803,12.2346,12.3624,50.0,1,1,normal,0
IC_1603,LOT_A,W17,6.7015,7.3951,8.0645,9.2601,2.3533,2.3913,11.3331,11.4973,50.0,1,1,normal,0
IC_1604,LOT_C,W08,12.5715,13.6184,14.6088,15.0786,2.4842,2.5891,12.5986,12.6137,50.0,1,1,normal,0
IC_1605,LOT_D,W18,10.4237,11.7162,13.8029,14.3231,2.4941,2.6144,12.017,12.2844,50.0,1,1,normal,0
IC_1606,LOT_D,W15,9.5123,10.4,11.2328,11.8235,2.7041,2.7717,10.7073,10.7469,50.0,1,1,normal,0
IC_1607,LOT_A,W21,10.5044,11.0907,11.8325,12.5495,2.3959,2.4128,11.2961,11.4632,50.0,1,1,normal,0
IC_1608,LOT_F,W19,8.8861,10.0457,11.6143,12.3648,2.3417,2.3642,13.4719,13.5505,50.0,1,1,normal,0
IC_1609,LOT_A,W07,9.4522,11.1566,12.2477,13.7038,2.5581,2.741,10.8635,11.0538,50.0,1,1,normal,0
IC_1610,LOT_C,W07,9.279,10.384,11.0744,12.211,2.4023,2.4534,12.7282,12.9433,50.0,1,1,normal,0
IC_1611,LOT_D,W20,11.1703,12.3669,13.6482,14.1181,2.7232,2.857,11.4899,11.7745,50.0,1,1,normal,0
IC_1612,LOT_A,W05,7.5267,8.6987,10.081,9.6298,2.3992,2.4358,11.2513,11.3758,50.0,1,1,normal,0
IC_1613,LOT_B,W16,10.7165,11.5503,12.5294,13.5164,2.5049,2.5132,9.955,10.0006,50.0,1,1,normal,0
IC_1614,LOT_D,W03,10.6372,12.0641,14.1923,15.417,2.4439,2.5025,11.7494,11.8218,50.0,1,1,normal,0
IC_1615,LOT_F,W22,8.9818,9.5734,10.8004,11.1383,2.3972,2.4117,13.5326,13.5292,50.0,1,1,normal,0
IC_1616,LOT_E,W16,10.2954,11.6621,13.7095,14.3897,2.4815,2.5538,13.5012,13.7381,50.0,1,1,normal,0
IC_1617,LOT_A,W20,11.0177,12.2918,13.7699,14.5924,2.8656,2.9902,11.484,11.6483,50.0,1,1,normal,0
IC_1618,LOT_C,W22,10.9982,12.1981,13.6576,14.4528,2.1941,2.3077,10.3651,10.5741,50.0,1,1,normal,0
IC_1619,LOT_B,W07,8.8269,10.0577,10.9917,11.2665,3.0682,3.2065,12.2895,12.4282,50.0,1,1,normal,0
IC_1620,LOT_B,W17,9.1834,10.0208,10.8149,11.4104,2.6569,2.717,11.2991,11.4184,50.0,1,1,normal,0
IC_1621,LOT_C,W22,11.1863,12.8105,14.4946,15.1195,2.1409,2.2344,12.2743,12.4554,50.0,1,1,normal,0
IC_1622,LOT_C,W06,13.3482,14.4655,15.4181,16.7487,2.6939,2.7467,11.2018,11.1654,50.0,1,1,normal,0
IC_1623,LOT_B,W04,11.0033,12.083,13.4623,13.9678,2.6274,2.6873,11.6853,11.865,50.0,1,1,normal,0
IC_1624,LOT_C,W17,10.5191,12.0903,13.8847,14.4946,2.3071,2.3835,11.5356,11.6333,50.0,1,1,normal,0
IC_1625,LOT_E,W12,7.5469,9.617,11.4342,12.2849,1.7638,1.8416,11.6201,11.8057,50.0,1,1,normal,0
IC_1626,LOT_B,W16,10.1564,10.8304,12.283,12.4879,2.7026,2.7231,9.8076,9.9315,50.0,1,1,normal,0
IC_1627,LOT_E,W21,13.0829,14.3635,16.1112,16.9615,2.2246,2.2659,12.9825,13.0354,50.0,1,1,normal,0
IC_1628,LOT_A,W01,12.2557,13.818,15.3748,16.6873,2.5735,2.6773,13.02,13.108,50.0,1,1,normal,0
IC_1629,LOT_B,W05,8.0648,8.8511,10.226,10.9306,2.4747,2.5082,10.5883,10.5371,50.0,1,1,normal,0
IC_1630,LOT_C,W07,13.4966,14.2522,14.9205,15.952,2.5585,2.5671,11.1379,11.2386,50.0,1,1,normal,0
IC_1631,LOT_F,W23,10.0418,13.7582,36.0804,63.1776,2.2887,2.4885,12.6663,13.3052,50.0,1,1,early_drifter,1
IC_1632,LOT_E,W15,10.0001,11.4339,13.048,14.0287,1.9958,2.0842,12.4857,12.6416,50.0,1,1,normal,0
IC_1633,LOT_C,W20,11.1741,12.5173,13.579,14.9665,2.4669,2.5567,12.1324,12.3787,50.0,1,1,normal,0
IC_1634,LOT_C,W04,12.6611,14.2564,15.1643,15.5477,2.2069,2.3015,11.6931,11.9422,50.0,1,1,normal,0
IC_1635,LOT_A,W23,9.6867,15.0696,43.1028,83.7278,2.358,2.6782,10.4825,10.8486,50.0,1,1,early_drifter,1
IC_1636,LOT_C,W24,10.197,11.3349,12.2328,13.4459,2.0741,2.1158,11.7836,12.0101,50.0,1,1,normal,0
IC_1637,LOT_B,W06,9.9333,10.6132,11.4039,11.7478,2.754,2.7627,10.9081,10.8789,50.0,1,1,normal,0
IC_1638,LOT_B,W13,7.1672,8.0232,9.0292,9.304,2.0307,2.0553,10.9171,10.9948,50.0,1,1,normal,0
IC_1639,LOT_E,W10,11.5481,18.0047,53.2408,101.6386,2.3864,2.7325,12.5342,13.2647,50.0,1,1,early_drifter,1
IC_1640,LOT_B,W04,5.3383,5.8959,7.1011,7.5672,1.9594,2.0059,9.3078,9.1816,50.0,1,1,normal,0
IC_1641,LOT_E,W11,9.4585,11.224,13.044,13.3765,2.1395,2.2392,12.3094,12.5956,50.0,1,1,normal,0
IC_1642,LOT_C,W13,12.4129,18.3595,51.7556,94.3382,2.5734,2.8744,12.2228,13.094,50.0,1,1,early_drifter,1
IC_1643,LOT_A,W24,11.6587,12.9444,14.3395,14.8596,2.3491,2.4344,11.5624,11.8362,50.0,1,1,normal,0
IC_1644,LOT_D,W17,78.6792,81.9587,91.1252,107.7215,8.2015,8.4201,21.8404,22.3662,50.0,0,0,gross_failure,1
IC_1645,LOT_B,W22,11.8814,13.6766,14.7135,15.9635,2.6134,2.6618,11.434,11.7,50.0,1,1,normal,0
IC_1646,LOT_B,W08,9.4788,11.0475,12.1243,12.9031,2.7809,2.9345,10.346,10.4523,50.0,1,1,normal,0
IC_1647,LOT_A,W11,42.7696,44.2608,46.3689,48.582,5.0637,5.1292,16.1388,16.3506,50.0,1,1,latent_distribution_outlier,1
IC_1648,LOT_A,W18,8.8037,10.0898,11.3533,11.7235,2.7545,2.8989,11.457,11.8393,50.0,1,1,normal,0
IC_1649,LOT_A,W06,8.1353,9.4901,11.1576,12.165,2.6621,2.7461,10.2951,10.4377,50.0,1,1,normal,0
IC_1650,LOT_E,W07,7.4819,8.635,10.4594,10.793,1.9323,2.0455,12.2542,12.5075,50.0,1,1,normal,0
IC_1651,LOT_A,W06,10.8395,11.9078,13.0404,13.6058,3.2117,3.2665,12.1723,12.228,50.0,1,1,normal,0
IC_1652,LOT_A,W23,11.6783,12.6242,14.1229,14.7918,2.8411,2.8829,11.9333,12.1484,50.0,1,1,normal,0
IC_1653,LOT_E,W05,9.0136,9.5415,10.8678,11.3407,1.822,1.8614,10.5364,10.5337,50.0,1,1,normal,0
IC_1654,LOT_A,W06,9.4184,10.6173,12.2132,12.4067,2.4501,2.471,11.3724,11.4946,50.0,1,1,normal,0
IC_1655,LOT_F,W14,36.8389,39.268,42.2762,43.8302,4.289,4.4803,17.8573,17.9646,50.0,1,1,latent_distribution_outlier,1
IC_1656,LOT_D,W17,9.5375,11.0676,12.4279,13.4558,2.6785,2.7227,12.6912,12.8088,50.0,1,1,normal,0
IC_1657,LOT_C,W02,59.0595,64.4023,73.7797,99.0819,5.8661,6.2164,18.8938,19.5642,50.0,0,0,gross_failure,1
IC_1658,LOT_A,W18,7.82,8.6728,9.9263,10.5071,2.3018,2.375,10.6553,10.5359,50.0,1,1,normal,0
IC_1659,LOT_B,W05,44.9628,47.1861,49.8585,51.7574,4.9557,5.1193,15.6577,15.8919,50.0,1,1,latent_distribution_outlier,1
IC_1660,LOT_E,W24,11.1468,12.1529,13.8006,13.8348,2.3882,2.4653,13.022,13.1855,50.0,1,1,normal,0
IC_1661,LOT_B,W09,7.7558,9.0223,10.6521,11.535,2.3273,2.3677,12.0568,12.0877,50.0,1,1,normal,0
IC_1662,LOT_E,W16,11.3913,12.8239,14.2271,14.6048,2.7959,2.8927,12.7057,12.9127,50.0,1,1,normal,0
IC_1663,LOT_D,W15,8.7055,9.4842,9.7624,11.4243,2.4639,2.5222,11.1796,11.4497,50.0,1,1,normal,0
IC_1664,LOT_F,W12,11.2378,12.0988,12.6667,13.2374,2.5302,2.5803,12.509,12.7057,50.0,1,1,normal,0
IC_1665,LOT_B,W11,6.9568,7.8589,8.6257,8.9068,1.9534,1.9892,10.8238,10.8252,50.0,1,1,normal,0
IC_1666,LOT_E,W23,10.5798,11.7424,13.3165,14.2083,2.3335,2.3432,12.304,12.5642,50.0,1,1,normal,0
IC_1667,LOT_A,W19,7.3223,8.581,10.2168,11.3694,2.2597,2.3503,9.7528,9.897,50.0,1,1,normal,0
IC_1668,LOT_B,W16,10.882,12.0744,13.1486,14.4476,2.6412,2.6598,11.5163,11.6826,50.0,1,1,normal,0
IC_1669,LOT_A,W21,10.7012,11.7918,13.454,14.3463,2.3137,2.3893,10.536,10.6406,50.0,1,1,normal,0
IC_1670,LOT_E,W21,7.9152,9.6678,11.5505,12.3141,2.2227,2.3564,12.0168,12.1148,50.0,1,1,normal,0
IC_1671,LOT_E,W10,9.8935,10.8365,12.0485,13.2976,2.2326,2.3221,13.0044,13.2501,50.0,1,1,normal,0
IC_1672,LOT_D,W23,7.3819,8.394,8.8005,9.8974,2.7072,2.7998,12.023,12.0727,50.0,1,1,normal,0
IC_1673,LOT_D,W14,10.4104,11.8735,13.1373,14.2128,2.5081,2.6032,11.7272,11.6785,50.0,1,1,normal,0
IC_1674,LOT_D,W22,10.3766,11.4682,12.1822,13.025,2.5203,2.5952,10.4283,10.5026,50.0,1,1,normal,0
IC_1675,LOT_C,W03,13.8443,14.93,16.4003,17.0991,2.4487,2.4871,12.6532,12.8227,50.0,1,1,normal,0
IC_1676,LOT_D,W24,10.5973,11.5318,12.3556,13.3962,2.6718,2.7257,12.0367,12.219,50.0,1,1,normal,0
IC_1677,LOT_A,W09,12.0634,13.3109,14.4223,15.61,2.5986,2.6892,11.4739,11.5865,50.0,1,1,normal,0
IC_1678,LOT_C,W13,10.3904,11.6018,12.1688,12.9139,2.3305,2.4258,10.6713,10.8658,50.0,1,1,normal,0
IC_1679,LOT_D,W02,11.3977,12.5382,13.6538,14.3936,2.4003,2.4506,10.8943,11.0529,50.0,1,1,normal,0
IC_1680,LOT_D,W12,8.7225,10.3807,11.6468,12.8375,2.6506,2.7574,11.4779,11.7593,50.0,1,1,normal,0
IC_1681,LOT_C,W14,10.695,11.6061,13.2795,13.1628,2.1617,2.2275,11.2663,11.318,50.0,1,1,normal,0
IC_1682,LOT_C,W24,9.9479,11.2176,12.4663,12.9739,2.0547,2.1533,12.4436,12.5574,50.0,1,1,normal,0
IC_1683,LOT_F,W07,10.3496,11.597,12.6629,13.5791,2.0316,2.0867,12.4965,12.8311,50.0,1,1,normal,0
IC_1684,LOT_D,W20,12.1658,16.4492,37.7908,66.4761,2.7182,2.9576,11.8324,12.3512,50.0,1,1,early_drifter,1
IC_1685,LOT_E,W20,9.7493,10.7369,11.029,11.5194,2.601,2.6667,13.9758,14.1559,50.0,1,1,normal,0
IC_1686,LOT_D,W03,8.0085,9.4168,10.2765,10.8583,2.3976,2.5086,10.7317,10.9638,50.0,1,1,normal,0
IC_1687,LOT_E,W05,57.8941,67.7535,78.3957,92.4021,5.8472,6.4924,19.0683,20.1654,50.0,0,0,gross_failure,1
IC_1688,LOT_B,W23,10.9536,13.9284,32.7241,53.8419,2.7119,2.8949,8.9957,9.3938,50.0,1,1,early_drifter,1
IC_1689,LOT_E,W18,10.1876,11.4934,12.8844,13.2839,2.0291,2.1307,12.2771,12.5283,50.0,1,1,normal,0
IC_1690,LOT_D,W08,10.519,11.6945,12.5664,13.1505,2.5768,2.6275,12.1966,12.4885,50.0,1,1,normal,0
IC_1691,LOT_D,W08,10.3197,11.444,12.8655,13.6122,2.3693,2.444,12.5865,12.5942,50.0,1,1,normal,0
IC_1692,LOT_B,W20,9.0531,10.5941,12.3769,13.3584,2.7471,2.8783,11.2947,11.5285,50.0,1,1,normal,0
IC_1693,LOT_D,W19,11.6569,13.479,15.3135,16.202,2.6433,2.7716,11.9601,12.1419,50.0,1,1,normal,0
IC_1694,LOT_D,W18,10.2456,11.4648,11.9029,12.9489,2.3427,2.4247,12.494,12.615,50.0,1,1,normal,0
IC_1695,LOT_E,W13,11.5794,12.8222,13.7682,15.2663,2.7212,2.7241,12.0426,12.2174,50.0,1,1,normal,0
IC_1696,LOT_A,W01,9.9231,11.5579,12.8642,13.8471,2.6685,2.7515,11.2631,11.5747,50.0,1,1,normal,0
IC_1697,LOT_B,W15,7.6169,9.3027,10.6528,12.5178,2.2081,2.3475,11.3551,11.6049,50.0,1,1,normal,0
IC_1698,LOT_A,W15,11.8707,13.3637,14.9776,16.399,2.5232,2.6245,12.1853,12.5672,50.0,1,1,normal,0
IC_1699,LOT_B,W02,6.0643,7.4391,8.441,9.4044,1.9518,2.0604,9.9273,10.3019,50.0,1,1,normal,0
IC_1700,LOT_F,W08,10.6767,12.3616,13.8412,15.1331,1.886,1.9308,12.5987,12.7159,50.0,1,1,normal,0
IC_1701,LOT_F,W16,8.6439,9.641,10.2339,10.9117,1.7737,1.7809,13.1835,13.3951,50.0,1,1,normal,0
IC_1702,LOT_B,W19,6.4775,8.209,9.5389,10.4443,2.2153,2.3355,9.9557,10.1359,50.0,1,1,normal,0
IC_1703,LOT_E,W03,11.2469,12.4815,13.7185,14.6679,1.8509,1.905,12.5559,12.5694,50.0,1,1,normal,0
IC_1704,LOT_B,W03,10.5892,11.9015,12.8296,13.6332,2.7735,2.8218,12.9068,12.9868,50.0,1,1,normal,0
IC_1705,LOT_B,W23,7.7311,9.2856,11.2402,11.7879,2.3506,2.4418,11.1007,11.4241,50.0,1,1,normal,0
IC_1706,LOT_C,W17,10.353,10.9537,11.8202,13.0642,2.2391,2.2004,11.3294,11.4732,50.0,1,1,normal,0
IC_1707,LOT_E,W05,12.6005,13.4294,13.9105,14.6325,2.5545,2.5854,14.0784,13.9618,50.0,1,1,normal,0
IC_1708,LOT_A,W07,10.6587,12.4499,14.0236,14.9833,2.6038,2.6827,11.1925,11.5181,50.0,1,1,normal,0
IC_1709,LOT_D,W21,77.8692,87.0469,98.6283,113.3098,8.095,8.6942,21.5245,22.6171,50.0,0,0,gross_failure,1
IC_1710,LOT_A,W17,10.1602,12.0087,13.7767,14.2204,2.8671,2.9869,11.3612,11.3887,50.0,1,1,normal,0
IC_1711,LOT_D,W15,9.0746,10.0264,11.5136,12.3463,2.5763,2.6491,10.9131,11.0636,50.0,1,1,normal,0
IC_1712,LOT_B,W18,10.686,11.8953,13.1152,13.7821,2.4655,2.5481,10.6938,10.8581,50.0,1,1,normal,0
IC_1713,LOT_B,W14,6.9929,7.8374,8.8285,8.9867,2.3457,2.4338,11.9835,12.1626,50.0,1,1,normal,0
IC_1714,LOT_E,W21,11.3726,12.5866,14.0894,14.9332,1.9951,2.0729,13.4537,13.4434,50.0,1,1,normal,0
IC_1715,LOT_C,W09,11.6068,13.4496,14.597,15.5952,2.2457,2.3494,10.7332,10.7754,50.0,1,1,normal,0
IC_1716,LOT_F,W02,9.1033,10.5325,12.0565,12.7606,1.6698,1.7113,13.5176,13.7246,50.0,1,1,normal,0
IC_1717,LOT_D,W02,9.9041,11.5907,12.2269,13.9047,2.5858,2.6726,11.3438,11.4253,50.0,1,1,normal,0
IC_1718,LOT_B,W23,9.448,10.7428,12.0594,13.3592,2.5921,2.7116,10.586,10.899,50.0,1,1,normal,0
IC_1719,LOT_B,W15,6.2212,7.8991,9.4106,10.9109,2.407,2.4787,10.4008,10.7919,50.0,1,1,normal,0
IC_1720,LOT_E,W12,9.6929,10.5782,12.0775,12.1704,2.2799,2.3523,12.5942,12.6727,50.0,1,1,normal,0
IC_1721,LOT_E,W08,9.5001,10.7719,12.3808,13.7783,2.2183,2.271,12.9354,13.209,50.0,1,1,normal,0
IC_1722,LOT_D,W07,9.1753,10.542,11.7669,13.2632,2.9054,3.0094,12.4281,12.4777,50.0,1,1,normal,0
IC_1723,LOT_B,W14,8.5706,10.0558,11.6234,12.6219,2.4541,2.549,10.5128,10.714,50.0,1,1,normal,0
IC_1724,LOT_F,W19,10.2221,11.3528,12.6081,13.1651,1.6489,1.6912,12.6064,12.8094,50.0,1,1,normal,0
IC_1725,LOT_F,W07,10.9458,11.9235,13.9926,14.1288,2.2258,2.2664,13.1539,13.2895,50.0,1,1,normal,0
IC_1726,LOT_C,W19,11.6898,13.0721,14.5788,15.876,1.86,1.9222,12.1335,12.2693,50.0,1,1,normal,0
IC_1727,LOT_C,W20,11.8498,13.2046,13.8819,15.032,2.3655,2.4342,11.2909,11.4567,50.0,1,1,normal,0
IC_1728,LOT_F,W21,9.9042,10.8159,12.0718,13.1103,2.065,2.1175,14.806,14.846,50.0,1,1,normal,0
IC_1729,LOT_D,W24,38.1377,40.2491,42.3368,43.9283,4.8787,4.9995,15.5815,15.8184,50.0,1,1,latent_distribution_outlier,1
IC_1730,LOT_A,W06,12.4812,13.2899,14.7823,14.2964,2.6742,2.7447,11.4816,11.6088,50.0,1,1,normal,0
IC_1731,LOT_F,W07,11.6898,12.943,13.7774,14.8012,2.0645,2.1396,13.9174,13.9775,50.0,1,1,normal,0
IC_1732,LOT_B,W11,8.9324,10.4288,11.5329,12.8119,2.7894,2.9265,12.8625,13.0638,50.0,1,1,normal,0
IC_1733,LOT_B,W17,9.3739,10.4741,11.2332,12.0968,2.67,2.6932,11.0145,11.2499,50.0,1,1,normal,0
IC_1734,LOT_E,W14,81.701,91.1095,108.0825,130.3926,8.0199,8.5562,23.2524,24.3161,50.0,0,0,gross_failure,1
IC_1735,LOT_B,W24,6.6176,7.7467,9.2594,10.5251,2.2951,2.3639,10.2469,10.4895,50.0,1,1,normal,0
IC_1736,LOT_C,W05,13.9135,15.148,16.9991,17.7109,2.4081,2.4945,11.3356,11.4105,50.0,1,1,normal,0
IC_1737,LOT_D,W18,33.4821,34.5856,36.3761,36.663,4.0956,4.1198,16.2469,16.2202,50.0,1,1,latent_distribution_outlier,1
IC_1738,LOT_F,W04,10.2042,11.4091,12.2549,13.3148,2.5057,2.5908,14.521,14.7772,50.0,1,1,normal,0
IC_1739,LOT_B,W16,7.3035,8.659,10.1603,11.2229,2.1174,2.2149,10.1081,10.2671,50.0,1,1,normal,0
IC_1740,LOT_B,W10,4.6948,5.5389,6.3276,7.3748,1.9789,2.0085,9.7743,10.0025,50.0,1,1,normal,0
IC_1741,LOT_D,W20,10.6569,12.5134,14.1163,14.552,2.8005,2.9019,10.0083,10.2765,50.0,1,1,normal,0
IC_1742,LOT_A,W16,7.8058,9.3191,10.8328,12.4218,2.0721,2.1647,10.8682,11.057,50.0,1,1,normal,0
IC_1743,LOT_A,W10,10.9733,11.6914,12.8231,13.1679,2.6759,2.7255,10.7127,10.6864,50.0,1,1,normal,0
IC_1744,LOT_B,W04,7.1383,8.0191,8.9406,10.0053,2.4833,2.5681,9.5588,9.8129,50.0,1,1,normal,0
IC_1745,LOT_F,W11,8.8342,9.7291,10.8042,11.0755,1.5526,1.607,13.6877,13.7192,50.0,1,1,normal,0
IC_1746,LOT_D,W14,9.9401,11.0943,12.1393,12.6298,2.5368,2.6019,10.675,10.9932,50.0,1,1,normal,0
IC_1747,LOT_C,W02,13.831,15.2505,16.6304,17.1055,2.4738,2.6074,10.9679,11.1089,50.0,1,1,normal,0
IC_1748,LOT_F,W21,12.4111,13.23,14.2462,14.7255,2.2035,2.2173,14.318,14.5248,50.0,1,1,normal,0
IC_1749,LOT_C,W01,10.4354,11.57,11.7537,12.8385,2.1755,2.2945,10.9624,11.1687,50.0,1,1,normal,0
IC_1750,LOT_C,W22,11.5457,13.0676,14.9139,15.2281,2.4161,2.4811,12.1084,12.3074,50.0,1,1,normal,0
IC_1751,LOT_C,W04,39.2201,40.4462,42.2642,43.4456,4.4838,4.5369,15.7804,16.0019,50.0,1,1,latent_distribution_outlier,1
IC_1752,LOT_C,W18,11.1349,12.6795,13.9085,14.8451,2.0734,2.1905,10.3638,10.6498,50.0,1,1,normal,0
IC_1753,LOT_B,W16,10.4869,11.4179,12.2602,12.7332,3.0082,3.0008,11.5747,11.6033,50.0,1,1,normal,0
IC_1754,LOT_A,W05,7.348,8.1366,8.517,10.1981,2.1197,2.1793,10.9401,11.1312,50.0,1,1,normal,0
IC_1755,LOT_B,W24,5.9932,7.195,8.6648,9.1611,2.098,2.2015,9.8337,10.1827,50.0,1,1,normal,0
IC_1756,LOT_C,W10,12.1428,13.2309,13.8828,14.8418,2.1149,2.1688,10.3569,10.3492,50.0,1,1,normal,0
IC_1757,LOT_D,W16,11.2744,11.9863,13.0745,13.0282,2.39,2.4273,10.9966,11.069,50.0,1,1,normal,0
IC_1758,LOT_D,W23,9.6236,13.0003,34.5429,60.8882,2.0818,2.2898,11.4599,11.7773,50.0,1,1,early_drifter,1
IC_1759,LOT_D,W03,10.4723,11.9429,13.4288,13.6989,2.2575,2.3747,12.4344,12.6443,50.0,1,1,normal,0
IC_1760,LOT_D,W10,10.372,12.0902,13.5956,14.3673,2.4947,2.5745,11.6977,11.9176,50.0,1,1,normal,0
IC_1761,LOT_D,W23,10.1026,11.4779,13.2673,14.2169,2.3448,2.3629,11.7358,11.7919,50.0,1,1,normal,0
IC_1762,LOT_C,W03,9.6219,10.9767,12.0259,12.8306,2.1386,2.2216,10.834,10.906,50.0,1,1,normal,0
IC_1763,LOT_F,W23,10.7047,14.3182,33.9211,59.014,2.1894,2.4401,13.6431,14.1745,50.0,1,1,early_drifter,1
IC_1764,LOT_F,W06,13.0462,14.3138,15.4412,15.5604,2.0265,2.1104,13.4779,13.6075,50.0,1,1,normal,0
IC_1765,LOT_F,W07,11.8511,12.9799,14.3129,14.9245,1.9436,1.9809,15.0879,15.2564,50.0,1,1,normal,0
IC_1766,LOT_C,W13,36.4144,37.7629,39.6996,40.0435,4.1052,4.1693,15.4706,15.7259,50.0,1,1,latent_distribution_outlier,1
IC_1767,LOT_E,W24,11.8024,13.1049,14.8188,15.7815,2.5358,2.6706,12.1351,12.5049,50.0,1,1,normal,0
IC_1768,LOT_B,W23,8.107,9.3102,9.7406,11.154,2.33,2.3826,10.786,10.9524,50.0,1,1,normal,0
IC_1769,LOT_F,W23,11.8449,12.5969,13.3207,14.1772,2.3754,2.3617,13.356,13.3177,50.0,1,1,normal,0
IC_1770,LOT_F,W11,10.1909,11.7902,12.841,14.0757,2.0916,2.2035,12.6663,12.8102,50.0,1,1,normal,0
IC_1771,LOT_E,W02,11.7986,12.7741,14.1508,15.1426,2.8155,2.8558,12.8376,12.9326,50.0,1,1,normal,0
IC_1772,LOT_D,W16,11.025,12.8846,13.8597,14.577,2.4482,2.5454,11.5581,11.754,50.0,1,1,normal,0
IC_1773,LOT_D,W23,10.3583,11.0251,11.964,12.6069,2.7069,2.7145,10.4703,10.4374,50.0,1,1,normal,0
IC_1774,LOT_B,W22,8.577,9.5867,10.7584,11.3336,2.1406,2.1647,11.1772,11.3653,50.0,1,1,normal,0
IC_1775,LOT_C,W16,10.9941,12.6672,14.3563,16.3082,2.1865,2.2938,12.3588,12.7256,50.0,1,1,normal,0
IC_1776,LOT_F,W18,63.2349,67.7306,86.32,108.022,6.3001,6.579,22.1567,22.7821,50.0,0,0,gross_failure,1
IC_1777,LOT_D,W23,10.0603,11.0963,12.054,13.188,2.5818,2.6208,12.8239,12.884,50.0,1,1,normal,0
IC_1778,LOT_A,W03,10.2509,11.7968,12.955,14.3316,2.4933,2.5701,10.4986,10.4342,50.0,1,1,normal,0
IC_1779,LOT_D,W22,10.6693,11.9404,13.5005,14.9108,2.6438,2.7541,10.9553,11.1677,50.0,1,1,normal,0
IC_1780,LOT_F,W16,11.7914,13.154,13.989,14.365,2.3795,2.4864,13.7688,13.9367,50.0,1,1,normal,0
IC_1781,LOT_F,W24,7.9784,9.4124,10.6823,11.7268,2.2761,2.37,12.7223,12.8995,50.0,1,1,normal,0
IC_1782,LOT_F,W08,11.8348,12.7013,13.5701,14.1218,2.1857,2.2702,13.7206,13.8612,50.0,1,1,normal,0
IC_1783,LOT_C,W21,12.2464,13.118,13.9274,14.4566,1.939,1.951,12.2514,12.3301,50.0,1,1,normal,0
IC_1784,LOT_D,W20,9.9391,10.6485,11.611,12.5395,2.6244,2.6617,11.6054,11.5586,50.0,1,1,normal,0
IC_1785,LOT_E,W21,8.3439,9.1651,9.7826,11.1065,2.4025,2.4985,13.0592,13.0936,50.0,1,1,normal,0
IC_1786,LOT_F,W05,11.8163,13.3004,14.1121,15.6052,2.2094,2.3337,14.021,14.2414,50.0,1,1,normal,0
IC_1787,LOT_C,W01,9.9321,11.2976,12.0575,13.3705,2.1847,2.2513,12.3553,12.5397,50.0,1,1,normal,0
IC_1788,LOT_D,W04,8.6204,12.8086,36.6339,68.3122,2.5659,2.799,10.8346,11.3937,50.0,1,1,early_drifter,1
IC_1789,LOT_E,W01,12.2619,13.2691,14.7438,15.5713,2.251,2.3137,11.6341,11.8694,50.0,1,1,normal,0
IC_1790,LOT_A,W05,8.5137,10.2951,11.7316,11.8705,2.4927,2.6294,11.2613,11.4591,50.0,1,1,normal,0
IC_1791,LOT_B,W10,6.4867,7.8177,10.0501,11.0273,2.2773,2.3319,10.4948,10.653,50.0,1,1,normal,0
IC_1792,LOT_F,W22,9.1017,10.2279,11.4584,12.6968,2.1365,2.1579,13.2331,13.5389,50.0,1,1,normal,0
IC_1793,LOT_D,W04,11.1653,17.341,53.8819,100.161,2.3694,2.8188,10.5683,11.2375,50.0,1,1,early_drifter,1
IC_1794,LOT_E,W11,7.8412,12.1593,36.1689,68.3826,1.7622,2.0317,12.3321,12.9797,50.0,1,1,early_drifter,1
IC_1795,LOT_B,W19,8.3215,9.6102,10.8799,11.7468,2.5534,2.628,10.9599,11.1539,50.0,1,1,normal,0
IC_1796,LOT_D,W13,9.2314,10.4874,11.7627,12.8455,2.4361,2.5475,10.5978,10.8175,50.0,1,1,normal,0
IC_1797,LOT_C,W15,10.5135,11.8032,13.7226,14.312,2.3321,2.3742,11.4422,11.5472,50.0,1,1,normal,0
IC_1798,LOT_B,W18,7.9249,9.436,11.4856,11.6856,2.4424,2.5486,10.8986,11.1433,50.0,1,1,normal,0
IC_1799,LOT_D,W09,8.7522,13.2988,39.1115,74.5758,2.037,2.3088,10.3783,11.0011,50.0,1,1,early_drifter,1
IC_1800,LOT_F,W04,10.4121,11.5244,13.2473,13.6976,2.1581,2.2211,13.8466,13.9097,50.0,1,1,normal,0
IC_1801,LOT_A,W13,11.8869,13.094,14.5413,15.5131,2.3334,2.3834,12.3779,12.501,50.0,1,1,normal,0
IC_1802,LOT_B,W22,9.7231,10.9419,12.3644,14.26,2.5942,2.6159,10.7384,10.804,50.0,1,1,normal,0
IC_1803,LOT_C,W06,12.5033,13.8551,14.7388,15.9174,2.1869,2.212,10.7947,10.9568,50.0,1,1,normal,0
IC_1804,LOT_B,W02,7.9406,9.3642,10.9841,11.9074,1.9011,2.0166,11.0822,11.2014,50.0,1,1,normal,0
IC_1805,LOT_A,W01,11.5252,12.8302,13.7239,14.5105,2.5981,2.6671,12.1646,12.3531,50.0,1,1,normal,0
IC_1806,LOT_A,W05,7.7236,9.1752,10.5098,11.4975,2.4325,2.4913,10.4651,10.5265,50.0,1,1,normal,0
IC_1807,LOT_E,W09,11.214,12.7503,14.2969,14.846,2.3769,2.5014,12.763,13.1538,50.0,1,1,normal,0
IC_1808,LOT_D,W19,12.1386,12.8159,13.8452,14.2006,2.5425,2.6158,11.6581,11.8211,50.0,1,1,normal,0
IC_1809,LOT_D,W23,9.7209,10.9434,12.365,13.1457,2.3331,2.412,12.4696,12.5117,50.0,1,1,normal,0
IC_1810,LOT_B,W24,5.968,6.7536,8.1258,8.2488,2.1345,2.1861,9.6781,9.5876,50.0,1,1,normal,0
IC_1811,LOT_D,W14,8.9511,10.7471,12.1672,13.1702,2.2459,2.3434,10.8817,10.9762,50.0,1,1,normal,0
IC_1812,LOT_A,W08,10.0627,11.4953,12.1899,12.9453,2.9665,3.066,11.5749,11.7708,50.0,1,1,normal,0
IC_1813,LOT_E,W06,9.1467,10.7221,11.7055,11.7988,2.0523,2.1036,11.7911,11.8995,50.0,1,1,normal,0
IC_1814,LOT_C,W04,11.199,12.5231,13.4069,14.0682,2.1116,2.2016,11.8944,12.0709,50.0,1,1,normal,0
IC_1815,LOT_E,W18,8.9556,10.0862,11.3036,12.0981,1.8103,1.8843,13.6833,13.686,50.0,1,1,normal,0
IC_1816,LOT_A,W23,9.2781,10.3157,11.0387,11.5843,2.3294,2.4254,11.0841,11.3113,50.0,1,1,normal,0
IC_1817,LOT_C,W23,10.7876,12.1186,13.6811,14.3029,1.9713,2.0864,11.6352,11.7965,50.0,1,1,normal,0
IC_1818,LOT_F,W07,10.5803,12.2278,13.4722,14.1258,2.1571,2.2769,12.9612,13.2975,50.0,1,1,normal,0
IC_1819,LOT_B,W16,10.7855,11.877,12.5455,13.4586,2.6075,2.7121,9.2824,9.5869,50.0,1,1,normal,0
IC_1820,LOT_B,W02,8.5289,10.4173,11.216,13.1619,2.7148,2.8378,11.8,11.9174,50.0,1,1,normal,0
IC_1821,LOT_F,W05,10.8209,11.9381,13.13,13.5797,1.7898,1.8388,13.5796,13.7483,50.0,1,1,normal,0
IC_1822,LOT_A,W04,12.4361,13.3853,14.2288,14.4895,2.5335,2.626,11.5329,11.4536,50.0,1,1,normal,0
IC_1823,LOT_C,W23,9.7633,10.5148,12.0414,12.1565,1.9629,2.0201,11.8166,11.9618,50.0,1,1,normal,0
IC_1824,LOT_D,W01,11.6365,12.3592,13.405,13.7705,2.3706,2.4098,11.7417,11.8776,50.0,1,1,normal,0
IC_1825,LOT_A,W01,10.7007,11.2694,12.3697,12.602,2.2151,2.2329,10.8576,10.9396,50.0,1,1,normal,0
IC_1826,LOT_A,W02,12.4694,13.3897,14.3413,14.6021,2.9894,3.0099,12.8255,12.9007,50.0,1,1,normal,0
IC_1827,LOT_D,W06,11.1318,12.3918,13.0174,14.2431,2.3724,2.4512,12.0194,12.1291,50.0,1,1,normal,0
IC_1828,LOT_E,W09,10.1907,11.4116,11.8924,13.8166,2.1606,2.2856,12.4374,12.8598,50.0,1,1,normal,0
IC_1829,LOT_B,W04,7.7036,9.3055,10.6224,11.877,2.5766,2.6704,11.0897,11.3125,50.0,1,1,normal,0
IC_1830,LOT_B,W22,7.6582,9.0867,10.4604,11.8427,2.8931,2.9724,9.1078,9.2871,50.0,1,1,normal,0
IC_1831,LOT_D,W12,11.8936,12.9877,14.0271,14.6199,2.9892,3.0466,11.4991,11.6007,50.0,1,1,normal,0
IC_1832,LOT_F,W11,11.5044,12.5719,13.6011,14.1103,2.6918,2.7367,14.5477,14.7045,50.0,1,1,normal,0
IC_1833,LOT_F,W06,13.0212,14.4666,15.7096,16.9897,1.974,2.1318,13.1759,13.431,50.0,1,1,normal,0
IC_1834,LOT_B,W16,9.9295,11.0512,12.2853,13.0832,2.4267,2.4958,10.6891,10.7541,50.0,1,1,normal,0
IC_1835,LOT_A,W23,7.0121,8.2201,9.6266,10.0557,2.3796,2.4603,10.6657,10.8762,50.0,1,1,normal,0
IC_1836,LOT_E,W10,11.1103,11.8145,12.6294,13.0262,2.2454,2.2898,13.1311,13.1373,50.0,1,1,normal,0
IC_1837,LOT_A,W02,9.1114,10.0777,10.9567,12.0313,2.5804,2.6132,11.9589,12.13,50.0,1,1,normal,0
IC_1838,LOT_B,W06,9.4617,11.1189,12.1701,12.9986,2.0913,2.2024,12.6987,12.9963,50.0,1,1,normal,0
IC_1839,LOT_A,W22,8.1472,13.4683,43.1632,81.8758,2.4404,2.7749,10.2904,10.8985,50.0,1,1,early_drifter,1
IC_1840,LOT_C,W21,12.0399,12.9137,13.3792,14.3319,2.079,2.1131,11.1582,11.2604,50.0,1,1,normal,0
IC_1841,LOT_D,W16,8.7299,10.0932,11.272,11.9282,2.4834,2.5477,11.6561,11.9168,50.0,1,1,normal,0
IC_1842,LOT_E,W03,11.3973,12.4088,13.8137,13.8616,2.2196,2.3156,13.5815,13.5122,50.0,1,1,normal,0
IC_1843,LOT_F,W18,9.3731,10.5338,11.5296,12.1219,2.0647,2.1136,14.4944,14.6306,50.0,1,1,normal,0
IC_1844,LOT_D,W10,12.0929,13.7496,14.781,15.9629,2.4881,2.5642,11.0289,11.273,50.0,1,1,normal,0
IC_1845,LOT_E,W21,13.5262,14.6656,15.816,17.211,2.1967,2.2725,14.2478,14.4182,50.0,1,1,normal,0
IC_1846,LOT_A,W16,9.2428,11.1559,12.3047,13.4026,2.8874,3.0047,11.7442,11.9509,50.0,1,1,normal,0
IC_1847,LOT_E,W18,10.2521,11.4998,13.3237,13.4955,2.5067,2.5629,12.2907,12.2638,50.0,1,1,normal,0
IC_1848,LOT_E,W03,10.7879,12.2177,14.1654,15.4179,2.6299,2.7026,12.0185,12.3484,50.0,1,1,normal,0
IC_1849,LOT_D,W17,8.328,9.8732,11.1366,11.8081,2.2037,2.3388,11.8273,12.1595,50.0,1,1,normal,0
IC_1850,LOT_D,W10,9.4516,10.5284,11.4843,11.5299,2.6642,2.7782,11.0574,11.0594,50.0,1,1,normal,0
IC_1851,LOT_E,W14,7.1244,8.1724,9.0296,10.2939,1.9393,1.9673,12.0401,12.154,50.0,1,1,normal,0
IC_1852,LOT_D,W08,9.538,11.1336,11.9805,13.3217,2.4796,2.5309,10.7283,10.6532,50.0,1,1,normal,0
IC_1853,LOT_E,W07,9.9381,11.5108,12.5444,13.2477,2.5778,2.6747,12.2581,12.4447,50.0,1,1,normal,0
IC_1854,LOT_E,W17,14.006,14.9112,15.95,16.9197,2.12,2.146,13.9706,14.2069,50.0,1,1,normal,0
IC_1855,LOT_A,W10,8.0252,9.7244,11.4164,12.1267,2.3914,2.4814,11.3139,11.6928,50.0,1,1,normal,0
IC_1856,LOT_E,W13,11.9422,12.8899,13.8801,14.5315,2.3163,2.3465,13.7849,13.8415,50.0,1,1,normal,0
IC_1857,LOT_A,W02,9.2408,10.683,12.3076,13.3228,2.5997,2.7238,11.0802,11.3391,50.0,1,1,normal,0
IC_1858,LOT_E,W22,62.55,70.5034,83.4832,105.6534,6.6001,7.0901,20.4177,21.3741,50.0,0,0,gross_failure,1
IC_1859,LOT_C,W04,12.559,13.2217,14.0222,14.2537,2.2919,2.2616,11.6778,11.7793,50.0,1,1,normal,0
IC_1860,LOT_B,W08,8.5266,10.339,11.5941,12.2697,2.6596,2.765,10.7329,11.1025,50.0,1,1,normal,0
IC_1861,LOT_B,W06,10.2176,11.0131,11.4598,12.4119,2.4047,2.4204,12.2682,12.4735,50.0,1,1,normal,0
IC_1862,LOT_B,W10,8.0338,9.4066,10.6439,11.6582,2.0463,2.0962,10.2983,10.4307,50.0,1,1,normal,0
IC_1863,LOT_A,W11,37.2599,38.6512,39.558,39.4102,4.9306,5.0597,16.289,16.3525,50.0,1,1,latent_distribution_outlier,1
IC_1864,LOT_F,W20,12.4786,13.62,13.8716,14.8151,2.0661,2.1905,14.4921,14.7352,50.0,1,1,normal,0
IC_1865,LOT_D,W20,45.5873,46.7658,48.1644,49.9138,5.4953,5.5473,17.6228,17.7375,50.0,1,1,latent_distribution_outlier,1
IC_1866,LOT_B,W23,10.1945,15.8995,50.2462,96.8987,2.6199,2.9585,11.2623,11.9445,50.0,1,1,early_drifter,1
IC_1867,LOT_A,W11,46.1496,47.8735,48.87,51.3675,5.0967,5.2614,16.343,16.4869,50.0,1,1,latent_distribution_outlier,1
IC_1868,LOT_D,W15,10.6566,11.7816,12.9068,13.0699,2.1577,2.236,12.0482,12.3064,50.0,1,1,normal,0
IC_1869,LOT_D,W17,7.6188,8.4318,9.0778,10.3209,2.3273,2.3952,12.6613,12.7911,50.0,1,1,normal,0
IC_1870,LOT_C,W11,10.4454,12.2439,13.788,15.0297,1.9164,2.0624,12.4795,12.559,50.0,1,1,normal,0
IC_1871,LOT_F,W09,10.1461,11.3412,12.0983,12.9406,2.0085,2.0895,12.5321,12.6891,50.0,1,1,normal,0
IC_1872,LOT_E,W19,7.4427,8.4999,8.7409,10.4688,2.3766,2.4096,11.4934,11.4448,50.0,1,1,normal,0
IC_1873,LOT_A,W04,76.3064,79.006,84.3097,108.6955,8.2017,8.3546,21.7228,21.9853,50.0,0,0,gross_failure,1
IC_1874,LOT_E,W06,11.3046,12.3224,13.2253,14.0192,2.553,2.616,12.8257,12.9982,50.0,1,1,normal,0
IC_1875,LOT_E,W22,72.5455,74.8317,80.0911,96.4983,7.3381,7.4598,21.155,21.3547,50.0,0,0,gross_failure,1
IC_1876,LOT_B,W07,6.3806,7.6808,8.8132,9.82,2.0787,2.1429,11.3431,11.5215,50.0,1,1,normal,0
IC_1877,LOT_E,W19,9.1446,10.2435,11.1725,11.8626,2.0805,2.1901,12.8104,12.9527,50.0,1,1,normal,0
IC_1878,LOT_D,W16,43.095,44.2184,47.0008,48.4368,5.0707,5.1916,16.7048,16.6589,50.0,1,1,latent_distribution_outlier,1
IC_1879,LOT_B,W18,10.043,11.7496,12.8838,13.9923,2.7024,2.7964,9.8983,10.0745,50.0,1,1,normal,0
IC_1880,LOT_B,W13,8.9414,9.6318,10.6182,11.8061,2.5228,2.5168,9.854,9.8323,50.0,1,1,normal,0
IC_1881,LOT_E,W21,12.1202,13.8741,15.417,15.9544,2.064,2.1312,13.4586,13.5333,50.0,1,1,normal,0
IC_1882,LOT_E,W18,10.5782,11.9292,13.1308,14.5018,2.425,2.5452,12.0515,12.2318,50.0,1,1,normal,0
IC_1883,LOT_C,W11,12.6153,13.8309,14.9973,16.4033,2.0809,2.1752,12.0789,12.1547,50.0,1,1,normal,0
IC_1884,LOT_B,W21,7.3582,9.0514,10.7258,11.668,2.5618,2.6566,11.5542,11.836,50.0,1,1,normal,0
IC_1885,LOT_F,W07,9.4823,10.7686,11.7042,12.4223,1.7173,1.7434,12.8628,12.9373,50.0,1,1,normal,0
IC_1886,LOT_C,W06,12.3782,13.7675,14.3863,15.4458,2.3909,2.4259,11.2337,11.3189,50.0,1,1,normal,0
IC_1887,LOT_B,W11,8.1139,9.4188,10.5073,10.9978,2.4442,2.5864,9.6427,10.0201,50.0,1,1,normal,0
IC_1888,LOT_F,W01,8.5965,9.5856,10.5286,11.7546,2.4676,2.499,13.3811,13.3546,50.0,1,1,normal,0
IC_1889,LOT_B,W12,7.0,11.3343,36.3892,69.7114,2.2129,2.4866,11.8596,12.407,50.0,1,1,early_drifter,1
IC_1890,LOT_C,W10,11.7352,13.0626,14.5383,15.0862,2.5676,2.7193,11.3932,11.5807,50.0,1,1,normal,0
IC_1891,LOT_A,W14,10.6256,12.345,13.5932,14.2221,2.8795,2.9754,10.5365,10.7981,50.0,1,1,normal,0
IC_1892,LOT_D,W24,8.8991,10.4336,11.7567,13.014,2.2464,2.3414,10.5308,10.726,50.0,1,1,normal,0
IC_1893,LOT_A,W12,6.0423,7.184,8.5014,9.3527,2.2061,2.2778,11.6524,11.7856,50.0,1,1,normal,0
IC_1894,LOT_A,W06,14.6684,15.7166,16.4075,16.9939,2.9219,2.9953,11.7988,11.7914,50.0,1,1,normal,0
IC_1895,LOT_A,W22,11.964,16.1096,39.0132,71.0591,2.6768,2.9265,11.7227,12.1602,50.0,1,1,early_drifter,1
IC_1896,LOT_C,W24,12.6092,14.0024,15.4414,16.539,1.9526,2.0556,11.0113,11.1639,50.0,1,1,normal,0
IC_1897,LOT_C,W20,11.195,12.0731,12.2165,13.5335,2.3386,2.4348,11.8863,11.9204,50.0,1,1,normal,0
IC_1898,LOT_B,W22,8.0845,9.0856,9.761,10.2687,2.4291,2.5343,9.3504,9.3297,50.0,1,1,normal,0
IC_1899,LOT_B,W04,9.8005,11.1898,13.0058,14.7309,2.3486,2.4196,10.049,10.2048,50.0,1,1,normal,0
IC_1900,LOT_A,W20,12.3448,13.473,14.4067,14.9512,2.9463,3.0515,13.635,13.7775,50.0,1,1,normal,0
IC_1901,LOT_C,W18,11.5911,12.3514,13.4079,13.9788,2.4655,2.5075,12.875,13.056,50.0,1,1,normal,0
IC_1902,LOT_F,W08,15.0919,16.447,17.2404,18.5481,2.316,2.4203,13.6308,13.7419,50.0,1,1,normal,0
IC_1903,LOT_A,W11,9.6531,11.007,12.2258,13.6896,2.1486,2.2352,12.114,12.2254,50.0,1,1,normal,0
IC_1904,LOT_F,W07,10.48,11.6575,12.3729,13.0269,2.2757,2.3647,13.5327,13.7896,50.0,1,1,normal,0
IC_1905,LOT_A,W09,11.1703,12.2359,13.1095,13.7942,2.7822,2.8031,10.9149,11.0585,50.0,1,1,normal,0
IC_1906,LOT_D,W11,11.6642,13.1449,14.2955,15.4075,2.6144,2.712,12.9307,13.2097,50.0,1,1,normal,0
IC_1907,LOT_F,W17,32.2483,34.611,36.2768,37.6104,3.7484,3.8378,14.9994,15.1716,50.0,1,1,latent_distribution_outlier,1
IC_1908,LOT_C,W23,13.0452,14.8436,16.864,17.4668,2.3116,2.3938,13.0439,13.2615,50.0,1,1,normal,0
IC_1909,LOT_C,W16,11.4871,12.536,13.5943,13.6151,2.1674,2.2306,11.3652,11.5112,50.0,1,1,normal,0
IC_1910,LOT_D,W13,9.7675,10.6714,11.7944,12.5728,2.4731,2.5382,10.2999,10.3508,50.0,1,1,normal,0
IC_1911,LOT_B,W16,39.3638,41.2117,42.8448,44.2212,4.7131,4.8193,14.4129,14.6112,50.0,1,1,latent_distribution_outlier,1
IC_1912,LOT_F,W04,11.0681,12.7876,14.2681,15.8762,2.2917,2.4085,13.9523,14.1957,50.0,1,1,normal,0
IC_1913,LOT_B,W12,9.0262,10.3684,11.5046,12.8305,2.9104,2.9462,10.1561,10.3746,50.0,1,1,normal,0
IC_1914,LOT_C,W06,11.5168,13.2382,14.5686,16.0169,2.1721,2.2839,12.6652,12.7666,50.0,1,1,normal,0
IC_1915,LOT_B,W07,7.3759,8.5382,9.0981,10.7429,2.6066,2.6844,11.1452,11.3799,50.0,1,1,normal,0
IC_1916,LOT_E,W02,11.8973,17.2448,47.9602,87.7621,2.2998,2.6514,12.1021,12.7027,50.0,1,1,early_drifter,1
IC_1917,LOT_E,W21,11.8353,13.2466,14.0922,14.8068,2.2033,2.2863,14.3487,14.3689,50.0,1,1,normal,0
IC_1918,LOT_C,W13,11.725,13.1869,15.0064,15.7418,2.264,2.3259,11.7671,11.9035,50.0,1,1,normal,0
IC_1919,LOT_A,W12,7.8507,9.6268,11.4605,11.7595,2.6151,2.7851,9.9176,10.075,50.0,1,1,normal,0
IC_1920,LOT_D,W01,9.0074,10.5881,11.8249,12.3867,2.5418,2.6536,11.1559,11.263,50.0,1,1,normal,0
IC_1921,LOT_A,W24,9.6691,10.783,11.3457,12.1619,2.5152,2.5143,11.6482,11.716,50.0,1,1,normal,0
IC_1922,LOT_E,W06,57.5384,65.8486,81.4243,97.8669,5.897,6.4169,20.2377,21.2183,50.0,0,0,gross_failure,1
IC_1923,LOT_B,W21,8.894,10.3303,11.8597,13.0023,2.5738,2.6959,9.9165,10.0907,50.0,1,1,normal,0
IC_1924,LOT_B,W08,8.6906,9.8112,11.0958,11.1214,2.7201,2.8505,11.2007,11.2827,50.0,1,1,normal,0
IC_1925,LOT_F,W06,10.0824,11.2568,12.7867,14.1173,2.2344,2.3064,13.0186,13.0914,50.0,1,1,normal,0
IC_1926,LOT_C,W04,10.2713,11.0202,11.9798,12.2776,2.1328,2.1873,12.8147,12.8238,50.0,1,1,normal,0
IC_1927,LOT_E,W01,14.9474,16.4068,18.1553,18.8032,2.6553,2.7153,13.9652,14.1443,50.0,1,1,normal,0
IC_1928,LOT_F,W05,11.5815,12.8915,14.5218,15.058,1.9862,2.1091,14.1812,14.2258,50.0,1,1,normal,0
IC_1929,LOT_B,W10,7.8775,8.9788,10.2165,12.0798,2.4287,2.5057,10.1978,10.4738,50.0,1,1,normal,0
IC_1930,LOT_A,W15,11.1185,12.7147,14.0019,14.8163,2.4363,2.475,9.8203,10.0194,50.0,1,1,normal,0
IC_1931,LOT_F,W16,9.6984,11.1203,12.5303,13.0471,1.7062,1.83,11.5525,11.5913,50.0,1,1,normal,0
IC_1932,LOT_B,W14,11.7186,12.7158,13.9141,14.628,2.7715,2.843,12.8898,12.9386,50.0,1,1,normal,0
IC_1933,LOT_F,W12,8.5048,9.8647,11.3533,11.1361,2.0419,2.0997,12.747,12.8874,50.0,1,1,normal,0
IC_1934,LOT_D,W20,6.9838,8.3157,9.648,10.5386,2.3323,2.4359,11.7617,12.0066,50.0,1,1,normal,0
IC_1935,LOT_C,W01,8.754,10.1429,11.1519,11.7409,1.5473,1.6616,12.2199,12.377,50.0,1,1,normal,0
IC_1936,LOT_C,W02,10.8592,11.4882,12.5968,13.2713,2.0749,2.0709,11.3724,11.3405,50.0,1,1,normal,0
IC_1937,LOT_D,W02,10.9761,12.5505,13.4148,14.7882,2.4343,2.5273,11.0875,11.2526,50.0,1,1,normal,0
IC_1938,LOT_B,W02,8.8165,10.1287,12.0543,12.4197,2.4631,2.4933,10.6685,10.832,50.0,1,1,normal,0
IC_1939,LOT_F,W04,7.5825,8.4394,9.3359,9.7141,1.3438,1.4077,13.2686,13.4481,50.0,1,1,normal,0
IC_1940,LOT_C,W24,12.5337,13.9167,15.6526,15.5261,2.2581,2.3619,10.915,10.8317,50.0,1,1,normal,0
IC_1941,LOT_A,W21,12.3232,14.1732,15.3902,16.0454,2.7473,2.8329,11.909,12.1003,50.0,1,1,normal,0
IC_1942,LOT_C,W08,12.7605,13.5407,15.0729,15.7435,2.596,2.6429,10.5174,10.5358,50.0,1,1,normal,0
IC_1943,LOT_C,W03,13.1138,16.9869,37.6898,65.8265,2.2044,2.4387,12.4196,12.8124,50.0,1,1,early_drifter,1
IC_1944,LOT_B,W18,9.6087,10.868,12.3279,13.6736,2.8608,2.971,10.0127,10.2137,50.0,1,1,normal,0
IC_1945,LOT_D,W09,11.4239,12.6626,13.252,14.6954,2.8632,2.937,12.4175,12.6822,50.0,1,1,normal,0
IC_1946,LOT_B,W06,10.7257,12.1582,13.7076,14.1031,2.7304,2.8184,11.607,11.6836,50.0,1,1,normal,0
IC_1947,LOT_B,W10,7.324,8.7831,10.791,11.8421,2.3936,2.5026,10.9131,11.0512,50.0,1,1,normal,0
IC_1948,LOT_E,W07,12.0265,12.9585,13.4324,14.1785,2.4523,2.5241,12.4741,12.6679,50.0,1,1,normal,0
IC_1949,LOT_C,W13,11.376,12.4659,14.002,14.2915,2.1636,2.2137,10.7445,10.8184,50.0,1,1,normal,0
IC_1950,LOT_A,W12,8.3644,13.6258,44.0686,86.873,2.2232,2.5427,10.4782,11.0744,50.0,1,1,early_drifter,1
IC_1951,LOT_F,W13,10.9403,11.7224,12.9098,13.0065,2.2881,2.3475,13.3684,13.4888,50.0,1,1,normal,0
IC_1952,LOT_C,W13,11.5526,13.1574,14.4029,15.5602,2.2868,2.4229,12.0921,12.3416,50.0,1,1,normal,0
IC_1953,LOT_B,W15,8.3979,10.1091,11.7233,13.203,2.6209,2.6941,11.6622,11.8823,50.0,1,1,normal,0
IC_1954,LOT_E,W24,43.3801,44.4255,46.3268,45.9527,4.9757,5.0363,17.5414,17.7776,50.0,1,1,latent_distribution_outlier,1
IC_1955,LOT_C,W05,12.2038,13.61,15.2021,16.2789,2.3711,2.4765,11.5667,11.9735,50.0,1,1,normal,0
IC_1956,LOT_A,W14,13.1134,14.4182,15.826,16.95,2.9658,3.0738,12.0902,12.0753,50.0,1,1,normal,0
IC_1957,LOT_E,W17,12.4617,12.9923,14.1499,14.7368,2.4842,2.5255,13.2276,13.2902,50.0,1,1,normal,0
IC_1958,LOT_E,W03,10.6215,11.9206,13.8028,14.116,2.351,2.3665,12.5682,12.7347,50.0,1,1,normal,0
IC_1959,LOT_C,W20,12.9818,13.9039,14.7425,15.3067,2.4897,2.5499,12.3354,12.3352,50.0,1,1,normal,0
IC_1960,LOT_A,W08,9.5496,10.9188,11.9053,12.9074,2.5067,2.5752,11.4168,11.4066,50.0,1,1,normal,0
IC_1961,LOT_C,W17,10.6321,11.641,12.5014,13.7493,1.642,1.6722,12.1861,12.3499,50.0,1,1,normal,0
IC_1962,LOT_D,W09,10.6745,12.4819,13.9041,15.9879,2.8729,2.9954,11.2707,11.4406,50.0,1,1,normal,0
IC_1963,LOT_C,W10,12.1352,13.343,14.0542,14.0923,1.9352,1.9882,11.05,11.2488,50.0,1,1,normal,0
IC_1964,LOT_D,W11,9.0933,10.6932,11.9636,13.0346,2.4794,2.5494,11.4843,11.6196,50.0,1,1,normal,0
IC_1965,LOT_F,W22,10.4052,14.2798,34.7774,64.7517,2.3544,2.5879,12.6491,12.9973,50.0,1,1,early_drifter,1
IC_1966,LOT_A,W10,10.7563,11.1732,12.325,12.6296,2.7995,2.8538,10.9319,11.0383,50.0,1,1,normal,0
IC_1967,LOT_C,W07,13.0468,14.4783,16.2245,16.8854,2.4442,2.5234,9.582,9.6699,50.0,1,1,normal,0
IC_1968,LOT_D,W21,8.7022,10.0938,11.1756,11.5076,2.2235,2.3239,10.6773,10.8422,50.0,1,1,normal,0
IC_1969,LOT_C,W15,13.3017,14.6252,16.3189,17.2276,2.2226,2.2844,11.9039,12.0631,50.0,1,1,normal,0
IC_1970,LOT_A,W08,8.1505,12.4497,37.7325,68.5518,3.1736,3.4443,10.7575,11.2447,50.0,1,1,early_drifter,1
IC_1971,LOT_E,W11,13.0785,14.5455,15.4694,16.9425,2.8393,2.8783,12.9134,13.2042,50.0,1,1,normal,0
IC_1972,LOT_B,W12,8.2757,14.5211,49.3038,99.0318,2.4967,2.8288,10.3369,11.0256,50.0,1,1,early_drifter,1
IC_1973,LOT_E,W16,8.9087,10.5995,11.8692,12.6418,2.1193,2.2409,12.7629,12.9656,50.0,1,1,normal,0
IC_1974,LOT_C,W01,10.2852,11.9298,13.4003,14.8185,2.2497,2.2864,10.7834,11.0043,50.0,1,1,normal,0
IC_1975,LOT_D,W05,8.9622,9.5933,10.5283,11.3242,2.3884,2.4076,12.1478,12.2087,50.0,1,1,normal,0
IC_1976,LOT_F,W24,11.3707,15.9017,39.2884,69.2531,2.1953,2.4726,11.8868,12.2829,50.0,1,1,early_drifter,1
IC_1977,LOT_A,W18,9.3223,10.0675,11.0127,12.0073,2.6753,2.7867,11.8829,11.9607,50.0,1,1,normal,0
IC_1978,LOT_E,W24,8.9874,10.716,12.2098,13.3697,2.4305,2.4815,11.1847,11.5694,50.0,1,1,normal,0
IC_1979,LOT_F,W06,10.7816,12.1,13.0952,14.2987,1.6601,1.7968,13.8698,13.9533,50.0,1,1,normal,0
IC_1980,LOT_E,W23,9.1264,11.026,12.5227,12.7459,2.2333,2.3993,13.4241,13.7209,50.0,1,1,normal,0
IC_1981,LOT_F,W07,9.4088,11.0159,12.2595,13.1795,2.0267,2.0842,12.6623,12.9259,50.0,1,1,normal,0
IC_1982,LOT_F,W23,10.3683,11.1011,11.7854,12.6441,2.1142,2.1621,12.6927,12.9009,50.0,1,1,normal,0
IC_1983,LOT_A,W11,9.0313,10.3953,11.8058,12.3788,2.3588,2.4336,11.6772,11.9545,50.0,1,1,normal,0
IC_1984,LOT_B,W21,11.3747,12.3348,13.2919,13.641,2.4057,2.4874,11.2841,11.3187,50.0,1,1,normal,0
IC_1985,LOT_C,W04,9.9788,11.0731,12.3511,12.8197,2.142,2.1898,9.9236,10.101,50.0,1,1,normal,0
IC_1986,LOT_B,W10,39.4638,41.3899,42.6893,44.3558,4.8407,5.0002,14.6424,14.7963,50.0,1,1,latent_distribution_outlier,1
IC_1987,LOT_F,W12,12.0579,13.0679,14.0002,14.4589,2.2222,2.3156,11.85,11.9146,50.0,1,1,normal,0
IC_1988,LOT_A,W11,8.9847,12.4636,31.3195,53.8003,2.3726,2.5761,11.001,11.4653,50.0,1,1,early_drifter,1
IC_1989,LOT_A,W08,8.5563,9.5962,10.5561,11.0302,2.1409,2.2164,12.1052,12.4048,50.0,1,1,normal,0
IC_1990,LOT_A,W06,10.1109,15.2497,41.4445,77.1541,2.567,2.9024,10.4593,11.1006,50.0,1,1,early_drifter,1
IC_1991,LOT_B,W02,6.5298,8.0858,9.5728,10.3282,2.3177,2.3978,12.8553,13.0343,50.0,1,1,normal,0
IC_1992,LOT_F,W17,11.7165,13.0077,14.5134,14.9517,2.1873,2.238,13.9483,14.1668,50.0,1,1,normal,0
IC_1993,LOT_A,W01,8.435,9.7598,11.3674,12.1431,2.5349,2.5949,10.3063,10.4857,50.0,1,1,normal,0
IC_1994,LOT_F,W21,10.8642,11.7597,13.2933,13.0117,2.1576,2.2253,12.6387,12.7751,50.0,1,1,normal,0
IC_1995,LOT_A,W09,8.3248,9.604,10.9979,12.512,2.6272,2.6554,12.3882,12.5748,50.0,1,1,normal,0
IC_1996,LOT_B,W05,12.3142,13.9596,15.2699,16.2746,2.4527,2.5589,10.8877,11.2247,50.0,1,1,normal,0
IC_1997,LOT_A,W17,7.5537,8.7908,9.8784,10.2439,2.897,2.9581,12.0464,12.1249,50.0,1,1,normal,0
IC_1998,LOT_D,W20,9.2808,10.9714,12.4771,13.2331,2.2009,2.3127,11.4152,11.6459,50.0,1,1,normal,0
IC_1999,LOT_E,W07,11.6596,12.3993,13.1405,14.0133,2.1349,2.1717,13.2397,13.3635,50.0,1,1,normal,0
IC_2000,LOT_D,W21,11.2253,12.6935,14.5514,15.5991,2.519,2.6403,13.14,13.5803,50.0,1,1,normal,0
IC_2001,LOT_B,W05,10.1717,11.1256,12.2574,12.272,2.5408,2.5522,10.6411,10.7895,50.0,1,1,normal,0
IC_2002,LOT_E,W12,9.6538,10.5992,11.4494,12.9073,2.3445,2.4,12.4014,12.6612,50.0,1,1,normal,0
IC_2003,LOT_E,W18,10.8264,11.9494,13.2694,13.9955,2.4271,2.5274,12.2161,12.2259,50.0,1,1,normal,0
IC_2004,LOT_F,W15,11.2654,12.735,13.9288,14.9932,1.8871,2.0006,13.7124,13.8404,50.0,1,1,normal,0
IC_2005,LOT_B,W04,32.4308,33.7619,35.7881,36.0111,4.2578,4.3519,14.3793,14.4126,50.0,1,1,latent_distribution_outlier,1
IC_2006,LOT_E,W15,12.1134,13.3846,14.2054,15.7666,2.1047,2.1887,12.5789,12.7977,50.0,1,1,normal,0
IC_2007,LOT_C,W06,10.9471,12.75,13.9125,15.5988,2.1162,2.24,12.0102,12.2823,50.0,1,1,normal,0
IC_2008,LOT_A,W01,11.3443,12.6699,14.1536,14.4305,2.7859,2.8562,11.3596,11.4224,50.0,1,1,normal,0
IC_2009,LOT_F,W08,78.616,80.6976,90.0151,100.6276,7.5431,7.6625,23.8821,24.2316,50.0,0,0,gross_failure,1
IC_2010,LOT_D,W22,9.737,11.0765,12.4916,12.547,2.2378,2.305,11.9454,12.0575,50.0,1,1,normal,0
IC_2011,LOT_E,W19,40.5628,42.8031,44.2478,46.9109,4.5168,4.6456,17.2645,17.528,50.0,1,1,latent_distribution_outlier,1
IC_2012,LOT_C,W08,10.0381,16.9635,51.7729,101.0859,2.2689,2.7362,11.8744,12.6786,50.0,1,1,early_drifter,1
IC_2013,LOT_B,W04,60.4593,62.9083,80.1415,102.5461,6.4788,6.6253,18.4879,18.7497,50.0,0,0,gross_failure,1
IC_2014,LOT_C,W04,9.1358,10.6044,11.9502,12.7966,2.1985,2.2893,11.1464,11.4122,50.0,1,1,normal,0
IC_2015,LOT_B,W15,7.8844,9.4293,11.2525,12.1588,2.1638,2.2224,11.3116,11.4458,50.0,1,1,normal,0
IC_2016,LOT_A,W16,9.6523,10.9029,12.2659,13.1609,2.216,2.2534,12.3721,12.4343,50.0,1,1,normal,0
IC_2017,LOT_F,W18,12.0122,13.291,14.8294,15.7299,2.0577,2.1179,13.2119,13.2985,50.0,1,1,normal,0
IC_2018,LOT_A,W01,11.7354,13.3544,14.4186,15.6017,2.931,3.0735,11.6692,11.9226,50.0,1,1,normal,0
IC_2019,LOT_F,W22,8.6101,10.1317,11.998,12.1388,2.0206,2.0869,12.8604,13.2004,50.0,1,1,normal,0
IC_2020,LOT_C,W10,11.838,12.7428,13.906,14.1435,2.2081,2.2151,11.9831,12.1511,50.0,1,1,normal,0
IC_2021,LOT_A,W06,8.0375,9.7526,11.388,12.5424,3.0445,3.1567,10.954,11.2893,50.0,1,1,normal,0
IC_2022,LOT_C,W24,10.9699,12.2865,13.3926,14.6629,1.8835,1.9713,10.8581,10.9207,50.0,1,1,normal,0
IC_2023,LOT_C,W20,12.537,13.3043,14.068,14.3764,2.1185,2.2017,11.8126,11.8904,50.0,1,1,normal,0
IC_2024,LOT_E,W05,11.6786,12.5347,13.2346,14.0503,2.6325,2.6872,12.4639,12.4858,50.0,1,1,normal,0
IC_2025,LOT_A,W10,8.772,9.7135,11.3975,11.215,2.3368,2.4041,11.1644,11.6016,50.0,1,1,normal,0
IC_2026,LOT_C,W16,9.7869,13.7331,35.8447,67.5822,2.4249,2.6318,10.5049,10.8653,50.0,1,1,early_drifter,1
IC_2027,LOT_F,W05,8.9166,9.7932,10.8499,11.3232,2.1965,2.2307,12.0904,11.9982,50.0,1,1,normal,0
IC_2028,LOT_B,W07,7.0,10.6306,28.5497,53.3958,2.2018,2.4259,11.4863,11.8851,50.0,1,1,early_drifter,1
IC_2029,LOT_D,W08,10.7311,11.6616,12.4677,13.0696,2.3042,2.3443,10.8858,10.9988,50.0,1,1,normal,0
IC_2030,LOT_C,W02,8.4337,9.8971,11.7814,12.5021,2.0704,2.1856,11.5425,11.6841,50.0,1,1,normal,0
IC_2031,LOT_C,W08,10.9763,12.4625,13.2942,14.7547,2.5434,2.6262,11.4455,11.8057,50.0,1,1,normal,0
IC_2032,LOT_C,W18,10.6964,11.6731,12.681,13.643,1.9035,2.0269,11.4371,11.4895,50.0,1,1,normal,0
IC_2033,LOT_B,W23,10.1264,11.2381,12.2036,13.0199,2.5828,2.6603,11.9551,12.1191,50.0,1,1,normal,0
IC_2034,LOT_E,W23,69.8629,74.0339,89.289,118.8765,6.7678,7.0022,21.5449,22.1962,50.0,0,0,gross_failure,1
IC_2035,LOT_F,W06,10.4932,11.8651,12.807,14.5606,1.7237,1.7934,12.3296,12.363,50.0,1,1,normal,0
IC_2036,LOT_B,W02,11.0182,14.2758,30.5697,53.8701,2.8135,3.028,11.7435,12.3124,50.0,1,1,early_drifter,1
IC_2037,LOT_F,W01,8.6906,10.2704,11.5217,12.4244,1.9626,2.0976,13.5875,13.9702,50.0,1,1,normal,0
IC_2038,LOT_D,W19,9.4095,10.9361,12.3829,12.9733,1.9959,2.0909,11.2603,11.49,50.0,1,1,normal,0
IC_2039,LOT_D,W01,11.7065,13.137,14.3346,15.6163,2.7725,2.8581,12.5826,12.8021,50.0,1,1,normal,0
IC_2040,LOT_D,W23,8.7759,9.6999,10.7805,11.1992,2.6176,2.6532,11.4902,11.6554,50.0,1,1,normal,0
IC_2041,LOT_B,W07,8.5744,11.3863,27.9163,49.1696,2.3872,2.564,11.5881,11.9266,50.0,1,1,early_drifter,1
IC_2042,LOT_A,W03,13.1379,14.5667,16.3185,16.7643,2.9407,3.079,11.6445,11.864,50.0,1,1,normal,0
IC_2043,LOT_B,W23,9.8791,10.9455,12.3408,13.1363,2.7119,2.7731,11.0226,10.9098,50.0,1,1,normal,0
IC_2044,LOT_E,W06,8.7936,9.5565,10.5173,10.9138,1.4361,1.4425,12.4333,12.5532,50.0,1,1,normal,0
IC_2045,LOT_B,W12,9.9351,11.7991,12.8235,14.0882,2.7417,2.8326,9.5701,9.8758,50.0,1,1,normal,0
IC_2046,LOT_E,W04,8.9737,10.0649,11.0558,12.0224,2.155,2.2199,12.3007,12.2261,50.0,1,1,normal,0
IC_2047,LOT_E,W01,10.3962,11.7927,12.6745,13.3381,2.2317,2.3345,12.8047,12.9258,50.0,1,1,normal,0
IC_2048,LOT_D,W08,39.1496,40.2035,42.4475,43.9524,4.7757,4.8282,16.1674,16.2757,50.0,1,1,latent_distribution_outlier,1
IC_2049,LOT_D,W10,9.6794,10.9456,11.7217,12.5926,2.1917,2.2337,11.9178,11.9834,50.0,1,1,normal,0
IC_2050,LOT_C,W16,10.2673,13.74,35.8928,61.9455,2.0705,2.2424,11.7182,12.1483,50.0,1,1,early_drifter,1
IC_2051,LOT_D,W02,11.2206,12.0346,12.8763,12.7946,2.6245,2.6934,12.5422,12.7275,50.0,1,1,normal,0
IC_2052,LOT_A,W21,8.6875,9.8562,10.0986,12.2142,2.2486,2.3476,11.5124,11.5288,50.0,1,1,normal,0
IC_2053,LOT_B,W11,9.9752,11.1814,12.3075,13.2725,2.3608,2.4697,10.9616,11.071,50.0,1,1,normal,0
IC_2054,LOT_D,W02,10.2447,11.3353,13.0357,13.3514,2.5385,2.5638,12.2927,12.3305,50.0,1,1,normal,0
IC_2055,LOT_A,W08,11.1153,12.8135,14.7404,15.5547,2.4894,2.6054,12.1911,12.5044,50.0,1,1,normal,0
IC_2056,LOT_E,W01,37.538,39.3568,41.5879,43.8973,4.25,4.3704,16.1971,16.4773,50.0,1,1,latent_distribution_outlier,1
IC_2057,LOT_C,W03,11.6914,12.7929,13.4789,14.766,2.4937,2.5334,12.4718,12.7649,50.0,1,1,normal,0
IC_2058,LOT_A,W24,9.3399,10.5372,10.9268,12.006,2.7088,2.7716,12.4518,12.4386,50.0,1,1,normal,0
IC_2059,LOT_D,W23,11.9982,13.2457,14.663,15.3519,2.33,2.4229,11.5153,11.6546,50.0,1,1,normal,0
IC_2060,LOT_A,W01,9.3225,10.9629,12.3705,12.8614,2.2334,2.3201,10.9811,11.0888,50.0,1,1,normal,0
IC_2061,LOT_F,W18,12.0113,13.3717,14.011,15.1457,2.3496,2.4084,12.9581,13.043,50.0,1,1,normal,0
IC_2062,LOT_D,W13,9.9993,11.5031,12.3639,13.8077,2.3973,2.4604,12.3278,12.4858,50.0,1,1,normal,0
IC_2063,LOT_A,W09,11.2959,12.9234,13.5263,14.6466,2.8996,2.9592,10.1766,10.4697,50.0,1,1,normal,0
IC_2064,LOT_E,W16,10.6033,15.8648,44.3486,83.0357,2.3237,2.6427,13.2219,13.8226,50.0,1,1,early_drifter,1
IC_2065,LOT_F,W23,8.7079,10.3206,11.5931,11.7862,2.1075,2.1433,13.3222,13.3714,50.0,1,1,normal,0
IC_2066,LOT_D,W17,9.5386,11.3788,12.7014,13.7062,2.3724,2.5567,12.1736,12.4826,50.0,1,1,normal,0
IC_2067,LOT_D,W01,9.1577,10.5978,11.6111,12.6105,2.4045,2.4851,12.0188,11.9987,50.0,1,1,normal,0
IC_2068,LOT_F,W01,9.9393,11.1256,13.497,13.9034,2.3182,2.4041,13.75,13.9252,50.0,1,1,normal,0
IC_2069,LOT_C,W07,46.3655,47.8081,50.2485,51.4774,4.9834,5.0714,17.0416,17.1412,50.0,1,1,latent_distribution_outlier,1
IC_2070,LOT_C,W05,11.7007,12.6579,13.3723,14.6613,2.6373,2.7129,11.6297,11.6781,50.0,1,1,normal,0
IC_2071,LOT_B,W04,7.442,9.1025,10.9611,12.153,2.4528,2.5174,11.285,11.6394,50.0,1,1,normal,0
IC_2072,LOT_F,W04,10.3343,11.5344,12.9654,13.0584,1.7947,1.8681,13.2857,13.4742,50.0,1,1,normal,0
IC_2073,LOT_F,W03,55.0445,59.1195,65.4091,80.8818,5.6975,5.9149,20.4424,20.8195,50.0,0,0,gross_failure,1
IC_2074,LOT_B,W19,10.3195,11.4817,12.4876,13.0941,2.4217,2.5008,10.3062,10.3828,50.0,1,1,normal,0
IC_2075,LOT_E,W04,9.2558,10.478,11.4024,12.4865,2.452,2.5381,12.6991,12.7524,50.0,1,1,normal,0
IC_2076,LOT_E,W12,11.75,12.9398,14.3884,15.2983,2.2805,2.3461,13.4557,13.5875,50.0,1,1,normal,0
IC_2077,LOT_A,W14,8.6334,10.4076,12.3397,13.1891,2.4412,2.521,10.3996,10.5907,50.0,1,1,normal,0
IC_2078,LOT_E,W23,12.9577,14.615,16.399,17.1682,2.3431,2.3994,13.0762,13.3198,50.0,1,1,normal,0
IC_2079,LOT_C,W23,10.9023,14.409,32.3125,56.9756,2.0823,2.2756,12.1259,12.3687,50.0,1,1,early_drifter,1
IC_2080,LOT_D,W19,9.0218,10.03,11.3358,11.6948,2.1829,2.2169,12.485,12.6861,50.0,1,1,normal,0
IC_2081,LOT_B,W03,9.1432,10.4009,11.8628,12.3863,2.0664,2.1237,9.7582,10.0895,50.0,1,1,normal,0
IC_2082,LOT_C,W24,9.7328,10.8701,11.9108,13.2318,2.0887,2.2148,11.5472,11.5983,50.0,1,1,normal,0
IC_2083,LOT_D,W12,9.1551,10.7443,11.4233,13.3403,2.5113,2.6104,12.2132,12.2595,50.0,1,1,normal,0
IC_2084,LOT_B,W07,8.6987,14.4372,45.2944,86.0046,2.3473,2.6313,11.2348,11.9323,50.0,1,1,early_drifter,1
IC_2085,LOT_D,W05,13.2086,14.9516,16.3829,17.228,2.9002,3.0039,12.2416,12.4727,50.0,1,1,normal,0
IC_2086,LOT_C,W20,9.7778,10.7143,11.5463,12.304,1.9564,1.9708,11.8865,12.0241,50.0,1,1,normal,0
IC_2087,LOT_E,W15,14.4994,15.8072,16.384,17.4084,2.8971,2.993,13.2188,13.3132,50.0,1,1,normal,0
IC_2088,LOT_C,W16,12.2474,18.7676,53.4844,101.701,2.1595,2.5312,12.9326,13.8338,50.0,1,1,early_drifter,1
IC_2089,LOT_F,W24,10.4306,11.5518,13.0874,13.3911,2.3872,2.5047,14.2338,14.3216,50.0,1,1,normal,0
IC_2090,LOT_F,W20,11.3412,16.4516,45.3165,84.1886,1.796,2.0904,14.3392,14.9012,50.0,1,1,early_drifter,1
IC_2091,LOT_B,W11,41.0483,43.0751,45.557,47.6716,4.797,4.8849,14.2613,14.4803,50.0,1,1,latent_distribution_outlier,1
IC_2092,LOT_A,W20,8.0338,9.0229,10.2865,11.134,2.0112,2.0934,11.5686,11.7098,50.0,1,1,normal,0
IC_2093,LOT_E,W23,6.7166,8.1535,10.0182,10.4955,1.6666,1.761,12.3651,12.584,50.0,1,1,normal,0
IC_2094,LOT_F,W20,11.239,12.7412,14.5595,15.0905,2.3578,2.4625,13.614,13.8917,50.0,1,1,normal,0
IC_2095,LOT_E,W15,9.3265,10.4609,11.2538,11.4271,1.9687,2.0579,13.8853,14.1038,50.0,1,1,normal,0
IC_2096,LOT_D,W09,8.6716,9.8746,10.7457,11.7694,2.594,2.6635,11.1468,11.4067,50.0,1,1,normal,0
IC_2097,LOT_B,W15,9.0253,10.4179,12.4129,12.9692,2.2736,2.3777,12.1196,12.2578,50.0,1,1,normal,0
IC_2098,LOT_C,W20,9.8342,11.3172,12.9793,13.6792,1.8969,1.9769,9.9938,10.2808,50.0,1,1,normal,0
IC_2099,LOT_B,W12,7.7566,8.9785,9.4313,10.4903,2.3737,2.4706,10.5704,10.6176,50.0,1,1,normal,0
IC_2100,LOT_E,W12,9.6184,10.7123,11.8325,11.8728,1.7633,1.8333,13.4347,13.6395,50.0,1,1,normal,0
IC_2101,LOT_C,W11,14.7014,15.4291,16.5949,16.9944,2.0671,2.1196,11.3732,11.4495,50.0,1,1,normal,0
IC_2102,LOT_C,W20,13.0112,14.4714,15.9119,17.4494,2.0966,2.2045,12.0133,12.3219,50.0,1,1,normal,0
IC_2103,LOT_A,W19,12.3972,13.6749,13.9555,15.2235,2.5309,2.5973,12.4166,12.5385,50.0,1,1,normal,0
IC_2104,LOT_F,W04,10.2966,12.0874,13.7049,14.1291,1.8072,1.9131,14.1297,14.4654,50.0,1,1,normal,0
IC_2105,LOT_F,W12,11.5545,12.4527,13.3229,13.8082,1.9792,2.0608,13.641,13.9063,50.0,1,1,normal,0
IC_2106,LOT_F,W05,11.3184,12.6255,13.616,14.6959,2.3103,2.4036,13.7724,14.0524,50.0,1,1,normal,0
IC_2107,LOT_A,W08,8.1993,13.0268,38.1816,72.2681,2.3216,2.6661,10.8014,11.3253,50.0,1,1,early_drifter,1
IC_2108,LOT_C,W19,12.0188,13.3382,15.3332,15.9784,2.2835,2.338,11.2227,11.2941,50.0,1,1,normal,0
IC_2109,LOT_C,W19,38.4004,39.4814,40.6959,42.3352,4.238,4.3056,17.3083,17.4603,50.0,1,1,latent_distribution_outlier,1
IC_2110,LOT_F,W09,9.5289,11.0108,11.8491,12.963,2.5176,2.603,13.6232,13.7516,50.0,1,1,normal,0
IC_2111,LOT_A,W05,10.7004,11.5388,12.6526,13.1357,2.3625,2.4306,10.8102,10.8757,50.0,1,1,normal,0
IC_2112,LOT_F,W18,10.278,11.6548,12.5855,13.4149,2.4402,2.5349,13.864,13.9704,50.0,1,1,normal,0
IC_2113,LOT_D,W09,9.8359,10.926,12.0899,13.4298,2.2795,2.3128,12.7385,12.8228,50.0,1,1,normal,0
IC_2114,LOT_F,W16,9.015,10.3757,11.8137,12.9259,1.5552,1.6342,11.9256,12.1087,50.0,1,1,normal,0
IC_2115,LOT_D,W16,7.812,9.4836,10.8471,11.6008,2.2428,2.3137,10.1695,10.4037,50.0,1,1,normal,0
IC_2116,LOT_E,W22,6.7814,8.5254,9.8701,11.706,2.1696,2.2368,11.7716,12.0581,50.0,1,1,normal,0
IC_2117,LOT_F,W14,77.5672,83.1553,96.1214,124.1317,7.0464,7.3921,23.6674,24.2963,50.0,0,0,gross_failure,1
IC_2118,LOT_D,W10,8.5125,10.0893,10.6973,11.893,2.4074,2.5474,11.821,11.7761,50.0,1,1,normal,0
IC_2119,LOT_F,W05,9.3782,10.422,11.8784,12.3431,1.5556,1.6335,13.4531,13.4602,50.0,1,1,normal,0
IC_2120,LOT_D,W20,8.7564,10.4186,12.2072,13.7183,2.7858,2.8752,11.7033,11.8982,50.0,1,1,normal,0
IC_2121,LOT_D,W07,7.727,9.4565,10.6387,11.8693,2.5597,2.67,11.1611,11.3907,50.0,1,1,normal,0
IC_2122,LOT_E,W16,11.6143,13.3708,15.275,15.6203,2.4789,2.6569,12.5087,12.9369,50.0,1,1,normal,0
IC_2123,LOT_D,W14,8.6967,10.054,11.0411,12.3582,2.0793,2.1559,10.4628,10.7166,50.0,1,1,normal,0
IC_2124,LOT_C,W19,10.8404,11.7032,13.2686,13.3977,2.0654,2.1199,11.8079,11.7608,50.0,1,1,normal,0
IC_2125,LOT_A,W20,10.3532,11.1895,12.8247,13.7565,2.4836,2.4821,11.4922,11.7013,50.0,1,1,normal,0
IC_2126,LOT_D,W21,10.3063,11.4542,12.7562,12.8045,2.2072,2.2638,11.6415,11.7178,50.0,1,1,normal,0
IC_2127,LOT_F,W12,10.7374,12.2444,13.8431,15.1496,2.0353,2.1039,12.1873,12.5174,50.0,1,1,normal,0
IC_2128,LOT_C,W11,11.7152,13.0211,13.9752,14.4939,2.0665,2.1376,11.2091,11.1346,50.0,1,1,normal,0
IC_2129,LOT_E,W05,12.2824,13.8405,15.3088,16.5035,2.4122,2.5219,13.0751,13.5168,50.0,1,1,normal,0
IC_2130,LOT_C,W01,9.776,11.2779,12.4579,13.0558,2.0184,2.0921,12.6449,12.8011,50.0,1,1,normal,0
IC_2131,LOT_C,W10,10.4929,11.5167,12.7737,13.7518,2.2459,2.2649,9.8973,10.0575,50.0,1,1,normal,0
IC_2132,LOT_D,W11,9.5304,11.1108,12.2537,13.5222,2.6335,2.6793,12.214,12.5017,50.0,1,1,normal,0
IC_2133,LOT_C,W17,11.0302,12.4641,14.0406,14.9246,2.3016,2.4076,13.395,13.5358,50.0,1,1,normal,0
IC_2134,LOT_F,W10,12.5286,14.337,15.2736,17.3886,2.1905,2.2928,14.5096,14.6248,50.0,1,1,normal,0
IC_2135,LOT_E,W08,12.1219,13.8553,15.0636,16.7237,2.3095,2.4229,12.1094,12.3421,50.0,1,1,normal,0
IC_2136,LOT_D,W03,9.204,10.6684,11.6497,12.8013,2.4805,2.5717,10.558,10.7819,50.0,1,1,normal,0
IC_2137,LOT_D,W05,71.1924,74.6407,83.8941,106.25,7.4872,7.721,19.6384,20.0412,50.0,0,0,gross_failure,1
IC_2138,LOT_D,W11,9.964,15.1912,43.8577,83.6002,2.4788,2.8022,12.8685,13.5851,50.0,1,1,early_drifter,1
IC_2139,LOT_C,W15,10.8314,11.6193,12.6951,12.7597,2.0567,2.0851,11.2682,11.2337,50.0,1,1,normal,0
IC_2140,LOT_B,W14,10.1291,11.5638,13.0187,13.9592,2.3186,2.3515,11.2796,11.5627,50.0,1,1,normal,0
IC_2141,LOT_D,W19,10.3525,11.6279,12.4938,13.7507,2.6351,2.7171,11.315,11.4775,50.0,1,1,normal,0
IC_2142,LOT_A,W06,7.551,8.3068,9.4709,9.432,1.9472,1.9979,10.2176,10.1667,50.0,1,1,normal,0
IC_2143,LOT_D,W10,8.5404,9.4803,10.0142,11.2955,2.3359,2.3912,11.4101,11.6549,50.0,1,1,normal,0
IC_2144,LOT_D,W07,10.8593,12.1476,12.9579,13.7611,2.2798,2.3527,13.1733,13.4769,50.0,1,1,normal,0
IC_2145,LOT_A,W03,11.1819,12.1592,12.9307,13.7671,2.9967,3.0948,11.9144,12.1834,50.0,1,1,normal,0
IC_2146,LOT_B,W08,11.7166,12.6334,13.7902,14.1256,2.5469,2.5834,12.4726,12.616,50.0,1,1,normal,0
IC_2147,LOT_A,W24,9.3741,10.9847,12.4445,13.3706,2.6286,2.7095,10.3454,10.3431,50.0,1,1,normal,0
IC_2148,LOT_F,W16,10.4973,12.0268,13.7952,14.5656,2.5133,2.6237,12.7818,13.0871,50.0,1,1,normal,0
IC_2149,LOT_E,W16,10.5885,17.4223,52.5524,100.8117,2.2139,2.6488,12.5635,13.5956,50.0,1,1,early_drifter,1
IC_2150,LOT_A,W18,7.382,8.7583,10.6324,11.427,2.581,2.6219,11.4093,11.4743,50.0,1,1,normal,0
IC_2151,LOT_E,W07,40.0862,41.165,42.5384,42.3582,4.4919,4.602,17.604,17.8566,50.0,1,1,latent_distribution_outlier,1
IC_2152,LOT_A,W01,11.2654,12.5907,14.0445,15.4678,3.1581,3.2701,11.493,11.7226,50.0,1,1,normal,0
IC_2153,LOT_D,W03,10.4605,11.6512,12.4844,13.2456,2.5625,2.6364,11.258,11.4437,50.0,1,1,normal,0
IC_2154,LOT_F,W01,11.5674,12.5413,13.1069,13.7308,2.0715,2.1078,13.2195,13.3632,50.0,1,1,normal,0
IC_2155,LOT_C,W07,11.6477,12.8316,13.6323,14.7188,2.2649,2.3396,10.7483,10.7535,50.0,1,1,normal,0
IC_2156,LOT_D,W21,9.5118,10.3476,11.4163,11.9518,2.5129,2.5629,12.0956,12.2277,50.0,1,1,normal,0
IC_2157,LOT_D,W09,46.2338,47.5017,49.2875,50.2091,5.1186,5.2035,17.4749,17.4736,50.0,1,1,latent_distribution_outlier,1
IC_2158,LOT_B,W12,8.0156,9.3996,11.2159,12.1622,2.1989,2.2628,10.9354,11.0005,50.0,1,1,normal,0
IC_2159,LOT_B,W03,7.4956,8.6287,9.3933,10.3535,2.5667,2.6994,11.9766,12.1613,50.0,1,1,normal,0
IC_2160,LOT_E,W24,10.3164,11.2534,12.1953,12.3098,2.217,2.3266,13.7162,13.8776,50.0,1,1,normal,0
IC_2161,LOT_E,W22,7.2324,8.0176,9.1601,9.3413,2.3133,2.3404,12.9383,13.1904,50.0,1,1,normal,0
IC_2162,LOT_F,W13,10.4641,11.9817,13.4598,14.1494,2.3587,2.4714,13.9527,14.0708,50.0,1,1,normal,0
IC_2163,LOT_D,W09,10.2589,11.7735,13.1823,13.7676,2.0475,2.1773,11.0532,11.3727,50.0,1,1,normal,0
IC_2164,LOT_F,W02,9.4724,10.6503,12.3986,13.3775,1.7513,1.7809,13.5939,13.6983,50.0,1,1,normal,0
IC_2165,LOT_F,W03,12.1469,13.5327,15.2285,15.0521,2.6782,2.8003,14.178,14.2353,50.0,1,1,normal,0
IC_2166,LOT_E,W05,10.1487,10.9738,12.0712,12.7802,2.3865,2.4131,12.0873,12.2345,50.0,1,1,normal,0
IC_2167,LOT_F,W11,9.2332,10.4196,12.0151,11.9262,2.1989,2.3283,13.1486,13.2077,50.0,1,1,normal,0
IC_2168,LOT_D,W01,8.3744,9.9465,11.4002,13.1593,2.3595,2.4602,12.1681,12.361,50.0,1,1,normal,0
IC_2169,LOT_B,W08,82.0971,87.0028,103.6236,128.6687,8.2581,8.5709,21.603,22.326,50.0,0,0,gross_failure,1
IC_2170,LOT_C,W12,10.9837,12.649,13.83,14.7046,2.361,2.4401,12.4437,12.4913,50.0,1,1,normal,0
IC_2171,LOT_F,W24,10.176,11.3318,12.4282,13.2417,2.4708,2.5628,13.3639,13.5159,50.0,1,1,normal,0
IC_2172,LOT_A,W17,8.4326,13.1223,40.3877,76.5149,2.447,2.723,10.5538,11.178,50.0,1,1,early_drifter,1
IC_2173,LOT_E,W12,10.0254,11.4738,12.8079,14.1727,2.6281,2.7892,11.8371,12.0956,50.0,1,1,normal,0
IC_2174,LOT_C,W10,10.364,11.4122,12.2304,13.0114,2.1656,2.2414,10.6903,10.5719,50.0,1,1,normal,0
IC_2175,LOT_B,W12,10.9985,12.1248,13.8214,13.7278,2.5979,2.7185,10.7891,11.0267,50.0,1,1,normal,0
IC_2176,LOT_A,W17,11.1667,12.0073,12.8896,12.6294,2.4912,2.547,11.2674,11.4277,50.0,1,1,normal,0
IC_2177,LOT_F,W13,10.2703,11.3073,12.323,12.9079,1.8354,1.8967,14.6979,14.6972,50.0,1,1,normal,0
IC_2178,LOT_E,W11,11.4707,12.3681,13.143,13.9834,1.8876,1.9104,13.3243,13.5118,50.0,1,1,normal,0
IC_2179,LOT_C,W14,11.296,13.084,14.9207,16.069,2.1992,2.2927,11.911,12.1164,50.0,1,1,normal,0
IC_2180,LOT_E,W03,14.3344,15.4843,16.3721,17.3401,1.829,1.9129,12.7779,12.8473,50.0,1,1,normal,0
IC_2181,LOT_E,W13,9.2406,10.4572,12.0088,12.5678,2.2962,2.3892,12.322,12.5547,50.0,1,1,normal,0
IC_2182,LOT_E,W19,7.6429,8.9512,9.6125,10.1715,1.7692,1.8915,11.7525,11.8933,50.0,1,1,normal,0
IC_2183,LOT_F,W06,11.9393,13.0606,13.7892,13.9012,2.3228,2.393,14.7793,15.0569,50.0,1,1,normal,0
IC_2184,LOT_C,W16,11.7404,12.7702,13.9323,14.1994,2.7861,2.8323,11.7695,12.0603,50.0,1,1,normal,0
IC_2185,LOT_C,W10,9.0413,9.8555,11.4507,11.4453,2.1843,2.2548,11.397,11.4728,50.0,1,1,normal,0
IC_2186,LOT_C,W19,40.2125,42.2161,44.5631,46.7457,4.1179,4.2295,17.2515,17.6334,50.0,1,1,latent_distribution_outlier,1
IC_2187,LOT_A,W03,9.3021,11.0721,12.5481,13.3787,2.9387,3.0336,11.7047,12.0565,50.0,1,1,normal,0
IC_2188,LOT_D,W08,9.3086,10.4551,12.0519,12.6823,2.5804,2.6171,12.8782,13.2266,50.0,1,1,normal,0
IC_2189,LOT_D,W21,9.2227,10.2963,11.3254,12.153,2.3215,2.3746,10.0909,10.1764,50.0,1,1,normal,0
IC_2190,LOT_B,W17,10.1776,11.0161,12.6509,12.7473,2.8012,2.7722,12.5098,12.6763,50.0,1,1,normal,0
IC_2191,LOT_E,W19,12.8897,13.99,14.8092,15.5713,2.279,2.3461,13.1942,13.3891,50.0,1,1,normal,0
IC_2192,LOT_B,W03,8.2554,14.4811,48.5054,94.4159,2.5237,2.9184,10.8608,11.608,50.0,1,1,early_drifter,1
IC_2193,LOT_F,W14,10.1877,11.0904,12.133,12.9137,1.9702,2.0443,13.4185,13.5586,50.0,1,1,normal,0
IC_2194,LOT_A,W02,10.1478,11.9648,12.9526,14.6299,2.3913,2.4853,12.4668,12.6817,50.0,1,1,normal,0
IC_2195,LOT_C,W19,11.5532,12.7077,13.5241,14.5202,1.8335,1.9213,11.6792,11.8014,50.0,1,1,normal,0
IC_2196,LOT_A,W01,11.1708,12.5777,13.9238,15.6615,2.6183,2.6706,11.1688,11.251,50.0,1,1,normal,0
IC_2197,LOT_D,W17,10.4631,12.0128,13.6493,15.2188,2.5258,2.6154,11.7524,12.1035,50.0,1,1,normal,0
IC_2198,LOT_D,W19,9.0343,10.3329,11.2128,11.6816,2.4823,2.5335,11.4384,11.4507,50.0,1,1,normal,0
IC_2199,LOT_F,W07,34.1473,36.0951,37.7033,39.6061,3.8615,4.003,17.9877,18.2535,50.0,1,1,latent_distribution_outlier,1
IC_2200,LOT_E,W05,9.9897,11.1411,12.4405,13.1008,2.5189,2.5928,12.6781,12.8971,50.0,1,1,normal,0
IC_2201,LOT_E,W24,12.1039,13.0643,14.2185,14.2817,2.2981,2.4068,13.5825,13.726,50.0,1,1,normal,0
IC_2202,LOT_B,W13,9.1367,10.6775,12.3505,12.628,2.2263,2.3334,10.1209,10.16,50.0,1,1,normal,0
IC_2203,LOT_C,W01,10.2476,15.8451,44.1347,81.2794,2.0181,2.4045,11.8833,12.5526,50.0,1,1,early_drifter,1
IC_2204,LOT_A,W04,9.8943,11.0092,11.3164,11.4578,2.475,2.5691,10.5921,10.8077,50.0,1,1,normal,0
IC_2205,LOT_E,W16,11.3645,11.949,12.7466,12.7337,2.4641,2.5722,12.4278,12.4614,50.0,1,1,normal,0
IC_2206,LOT_C,W23,12.0125,12.9943,13.7926,14.418,2.1823,2.2118,11.4597,11.631,50.0,1,1,normal,0
IC_2207,LOT_A,W03,10.3227,11.2081,12.4918,12.7981,2.4348,2.4664,12.0257,12.0733,50.0,1,1,normal,0
IC_2208,LOT_F,W05,9.5878,10.8537,12.1364,13.2256,2.2266,2.3849,14.5633,14.8638,50.0,1,1,normal,0
IC_2209,LOT_F,W10,11.543,12.8135,13.8206,14.9621,2.3317,2.4156,12.8424,13.0925,50.0,1,1,normal,0
IC_2210,LOT_C,W15,9.3104,11.0582,12.6666,13.7083,2.288,2.4022,12.3771,12.453,50.0,1,1,normal,0
IC_2211,LOT_E,W09,9.999,15.6017,45.0121,85.4738,2.2008,2.5155,13.2028,13.9266,50.0,1,1,early_drifter,1
IC_2212,LOT_D,W22,8.3006,9.8378,11.0697,12.1956,2.1744,2.3133,11.1073,11.2223,50.0,1,1,normal,0
IC_2213,LOT_E,W19,8.9868,12.6762,30.5458,55.361,1.7824,2.0423,12.5989,12.8981,50.0,1,1,early_drifter,1
IC_2214,LOT_B,W13,8.0747,8.8492,10.2553,10.7595,2.3415,2.4224,13.1697,13.3701,50.0,1,1,normal,0
IC_2215,LOT_F,W07,10.995,12.6499,14.1919,15.4919,1.859,2.0065,13.4778,13.8463,50.0,1,1,normal,0
IC_2216,LOT_B,W05,6.0465,7.2443,9.3691,10.1553,2.3579,2.4826,10.679,10.8562,50.0,1,1,normal,0
IC_2217,LOT_E,W03,9.6772,11.2036,12.5169,13.1338,2.2137,2.3,11.8637,11.8749,50.0,1,1,normal,0
IC_2218,LOT_B,W13,7.7163,9.339,11.1028,12.2899,2.7185,2.8712,10.9195,10.9692,50.0,1,1,normal,0
IC_2219,LOT_E,W11,10.895,11.7291,12.3609,13.5379,2.4052,2.4501,12.6059,12.6288,50.0,1,1,normal,0
IC_2220,LOT_A,W01,10.316,12.0647,13.6714,15.0079,2.9325,3.0194,11.3878,11.4957,50.0,1,1,normal,0
IC_2221,LOT_A,W23,10.9981,11.9881,13.3086,13.8223,2.9145,2.9756,11.1425,11.1595,50.0,1,1,normal,0
IC_2222,LOT_E,W20,11.5218,13.2586,14.8305,15.3972,2.3804,2.4826,11.4575,11.8007,50.0,1,1,normal,0
IC_2223,LOT_E,W14,10.8044,11.7387,12.44,13.4065,2.4819,2.5331,12.5272,12.516,50.0,1,1,normal,0
IC_2224,LOT_E,W16,9.9205,10.8867,11.9295,12.3402,1.9446,2.0449,12.9676,13.33,50.0,1,1,normal,0
IC_2225,LOT_F,W16,9.5637,10.2641,11.5662,11.1364,2.4043,2.5152,12.8448,13.0321,50.0,1,1,normal,0
IC_2226,LOT_F,W03,11.7717,12.6965,13.8781,14.284,1.8614,1.919,13.4706,13.5111,50.0,1,1,normal,0
IC_2227,LOT_F,W03,10.6585,15.6968,45.2077,83.4859,2.2343,2.475,14.3843,15.1073,50.0,1,1,early_drifter,1
IC_2228,LOT_C,W21,11.4123,17.0764,49.3534,89.9107,2.1949,2.5572,9.8984,10.5041,50.0,1,1,early_drifter,1
IC_2229,LOT_D,W16,8.9205,9.9509,10.9749,11.53,2.2417,2.2856,10.9302,11.0421,50.0,1,1,normal,0
IC_2230,LOT_A,W13,10.9179,11.8397,12.5386,13.3123,2.3935,2.4371,12.9225,12.9109,50.0,1,1,normal,0
IC_2231,LOT_B,W10,11.2617,12.2283,13.0657,13.7966,2.5502,2.6271,9.9898,9.9624,50.0,1,1,normal,0
IC_2232,LOT_A,W23,9.0022,9.8767,10.4735,11.4642,2.1847,2.2414,10.0972,10.2933,50.0,1,1,normal,0
IC_2233,LOT_A,W19,14.7706,15.708,16.1703,16.6349,2.799,2.8261,13.0423,13.0386,50.0,1,1,normal,0
IC_2234,LOT_D,W12,11.1863,12.2072,13.1123,13.7053,2.5914,2.7119,12.0486,12.134,50.0,1,1,normal,0
IC_2235,LOT_B,W13,10.4418,11.2932,12.0953,13.3702,2.6805,2.7081,11.9801,12.0548,50.0,1,1,normal,0
IC_2236,LOT_D,W10,11.2506,13.185,14.604,15.9627,2.7194,2.8515,11.042,11.2497,50.0,1,1,normal,0
IC_2237,LOT_B,W10,8.9784,10.6662,12.2484,13.0806,2.4245,2.497,11.9579,12.0201,50.0,1,1,normal,0
IC_2238,LOT_C,W01,9.977,11.5673,13.1282,14.127,2.2081,2.2916,11.9542,12.2088,50.0,1,1,normal,0
IC_2239,LOT_F,W08,11.2224,12.3192,13.3031,12.846,2.6199,2.7067,14.1667,14.3885,50.0,1,1,normal,0
IC_2240,LOT_C,W10,11.1528,12.5711,13.7742,14.756,2.0288,2.1378,11.8219,11.811,50.0,1,1,normal,0
IC_2241,LOT_E,W12,11.2274,17.7436,52.7968,101.8912,2.1935,2.5974,11.8101,12.5616,50.0,1,1,early_drifter,1
IC_2242,LOT_F,W19,9.898,11.1862,13.1024,14.2606,1.8791,1.9297,13.4068,13.5408,50.0,1,1,normal,0
IC_2243,LOT_E,W23,8.5897,9.4383,10.1532,11.1622,2.1609,2.2206,12.2274,12.2167,50.0,1,1,normal,0
IC_2244,LOT_F,W20,11.9234,12.6478,13.7184,13.9763,1.9953,2.028,13.897,14.0739,50.0,1,1,normal,0
IC_2245,LOT_D,W03,9.6863,10.7209,11.9761,13.1405,2.6206,2.6802,10.3201,10.226,50.0,1,1,normal,0
IC_2246,LOT_C,W20,11.3874,12.7916,14.1295,15.206,2.4122,2.5379,11.6797,11.9925,50.0,1,1,normal,0
IC_2247,LOT_D,W18,9.0471,10.0584,11.3523,11.9182,2.2947,2.3756,11.6202,11.7879,50.0,1,1,normal,0
IC_2248,LOT_D,W11,9.5012,10.7331,11.9952,12.4018,2.3205,2.3981,12.3915,12.475,50.0,1,1,normal,0
IC_2249,LOT_D,W12,10.9517,12.0681,13.0964,13.9809,2.5022,2.5863,11.9805,12.154,50.0,1,1,normal,0
IC_2250,LOT_C,W05,73.7354,83.1131,94.6501,118.8558,6.8007,7.3494,21.1065,22.2716,50.0,0,0,gross_failure,1
IC_2251,LOT_C,W11,10.483,11.557,12.3534,12.6424,2.006,2.0341,11.7889,11.8504,50.0,1,1,normal,0
IC_2252,LOT_B,W22,7.1968,8.9256,10.9425,11.4476,2.2294,2.3137,8.7334,8.9403,50.0,1,1,normal,0
IC_2253,LOT_D,W17,7.4938,8.1857,8.9756,9.4377,2.2445,2.3071,11.3482,11.2945,50.0,1,1,normal,0
IC_2254,LOT_E,W20,9.2495,11.0139,12.032,13.861,2.2726,2.3786,12.3115,12.3906,50.0,1,1,normal,0
IC_2255,LOT_B,W06,8.4922,9.4346,10.0208,10.8108,2.4195,2.4463,10.7382,10.8049,50.0,1,1,normal,0
IC_2256,LOT_F,W03,10.7511,12.1673,13.9319,14.4995,2.4312,2.5857,13.5807,13.8382,50.0,1,1,normal,0
IC_2257,LOT_A,W03,10.1847,10.955,12.2697,12.4917,2.8162,2.8141,11.3032,11.5379,50.0,1,1,normal,0
IC_2258,LOT_C,W01,10.1721,11.7329,12.8641,14.0691,1.9655,2.062,11.8331,11.8445,50.0,1,1,normal,0
IC_2259,LOT_C,W07,9.0085,10.2054,11.849,13.3409,2.2612,2.3229,11.4795,11.5599,50.0,1,1,normal,0
IC_2260,LOT_C,W23,10.4983,11.6509,12.8723,13.7026,2.041,2.0888,11.2924,11.3942,50.0,1,1,normal,0
IC_2261,LOT_E,W01,10.5208,11.6867,12.3316,12.633,2.0606,2.1281,13.1638,13.3069,50.0,1,1,normal,0
IC_2262,LOT_E,W22,45.3474,45.9598,47.4976,47.6339,5.2412,5.3005,18.3123,18.2328,50.0,1,1,latent_distribution_outlier,1
IC_2263,LOT_B,W24,8.6457,9.9124,11.4905,12.2151,2.1642,2.2215,11.395,11.6145,50.0,1,1,normal,0
IC_2264,LOT_C,W03,12.5177,14.6188,15.7488,16.6931,2.2691,2.4365,11.9995,12.2555,50.0,1,1,normal,0
IC_2265,LOT_B,W07,8.3936,9.678,10.2609,11.3826,2.7716,2.801,12.1564,12.2826,50.0,1,1,normal,0
IC_2266,LOT_C,W24,11.0176,12.3537,13.9808,14.3811,2.2583,2.3628,10.8696,10.99,50.0,1,1,normal,0
IC_2267,LOT_D,W23,6.9236,8.9852,10.4561,11.0509,2.3673,2.5075,10.6904,10.8943,50.0,1,1,normal,0
IC_2268,LOT_F,W04,9.7145,11.1929,12.4394,13.0873,2.1992,2.3112,12.8623,12.964,50.0,1,1,normal,0
IC_2269,LOT_C,W05,11.0753,12.3614,12.8724,14.1911,2.6977,2.7915,11.909,12.1008,50.0,1,1,normal,0
IC_2270,LOT_C,W23,10.7164,11.8954,13.3896,14.0517,2.2193,2.286,13.3149,13.357,50.0,1,1,normal,0
IC_2271,LOT_F,W12,10.4229,11.3849,12.8391,12.7316,1.7361,1.7839,13.9324,14.0649,50.0,1,1,normal,0
IC_2272,LOT_D,W05,8.6809,9.9726,11.3722,11.907,2.0736,2.1595,12.6447,12.7245,50.0,1,1,normal,0
IC_2273,LOT_A,W15,9.796,10.896,12.6265,13.1209,2.3592,2.4239,10.0452,10.0735,50.0,1,1,normal,0
IC_2274,LOT_C,W04,11.4052,12.437,13.7908,14.7642,2.1931,2.2493,11.6307,11.8082,50.0,1,1,normal,0
IC_2275,LOT_C,W01,11.1513,12.567,14.1275,15.1426,2.6196,2.7006,11.7684,11.9495,50.0,1,1,normal,0
IC_2276,LOT_E,W17,10.533,12.2823,13.7275,14.7313,2.0491,2.1289,13.1099,13.3396,50.0,1,1,normal,0
IC_2277,LOT_A,W21,9.7636,11.2754,12.5168,13.2104,2.6238,2.7395,12.2428,12.5608,50.0,1,1,normal,0
IC_2278,LOT_D,W21,7.8411,8.8898,10.0956,10.6306,2.337,2.4171,12.0678,11.9439,50.0,1,1,normal,0
IC_2279,LOT_D,W12,9.089,10.8632,11.923,12.2514,2.3754,2.5109,11.9626,12.1631,50.0,1,1,normal,0
IC_2280,LOT_E,W22,12.5038,14.1495,15.842,16.7405,2.3162,2.4179,12.4086,12.5231,50.0,1,1,normal,0
IC_2281,LOT_C,W23,11.0015,12.635,13.1516,14.1237,2.1145,2.2167,9.7843,10.0837,50.0,1,1,normal,0
IC_2282,LOT_D,W05,9.7167,11.4183,13.1627,13.7721,2.3117,2.4205,11.7802,11.8106,50.0,1,1,normal,0
IC_2283,LOT_B,W06,8.9462,10.0376,10.9905,11.8408,2.4089,2.4418,9.662,9.9374,50.0,1,1,normal,0
IC_2284,LOT_B,W19,6.9484,8.4507,9.6396,10.3458,2.515,2.5691,10.8987,10.8872,50.0,1,1,normal,0
IC_2285,LOT_F,W20,11.427,12.6866,14.0915,14.2016,1.7783,1.878,12.7722,12.813,50.0,1,1,normal,0
IC_2286,LOT_D,W10,9.0397,10.486,11.8645,12.3726,2.3532,2.4105,11.1094,11.2865,50.0,1,1,normal,0
IC_2287,LOT_C,W13,11.8544,12.9328,14.2041,14.2976,2.4005,2.4393,12.8355,13.1255,50.0,1,1,normal,0
IC_2288,LOT_D,W21,10.8677,11.8672,12.7448,13.4049,2.4419,2.5629,11.3238,11.5225,50.0,1,1,normal,0
IC_2289,LOT_A,W11,10.7388,12.2736,13.6088,14.5981,2.8706,3.0182,11.1106,11.2517,50.0,1,1,normal,0
IC_2290,LOT_A,W13,7.5658,8.6997,9.2981,9.887,2.0044,2.0679,11.1814,11.288,50.0,1,1,normal,0
IC_2291,LOT_F,W15,11.1902,12.5848,13.9441,14.6692,1.8982,1.9578,13.2929,13.4032,50.0,1,1,normal,0
IC_2292,LOT_F,W01,10.4648,11.6737,13.2406,14.3403,1.9658,2.0672,13.9164,14.0441,50.0,1,1,normal,0
IC_2293,LOT_E,W12,11.1813,12.2069,13.1905,14.0646,2.4901,2.5404,12.175,12.2902,50.0,1,1,normal,0
IC_2294,LOT_E,W15,6.6459,8.1926,9.8481,10.7077,1.9242,1.9993,11.8288,12.0907,50.0,1,1,normal,0
IC_2295,LOT_B,W08,7.8421,9.4258,10.8576,11.6684,2.2347,2.2965,10.6775,10.8785,50.0,1,1,normal,0
IC_2296,LOT_D,W05,10.3262,11.2312,12.3855,12.3146,2.3757,2.4727,11.7424,12.0478,50.0,1,1,normal,0
IC_2297,LOT_A,W12,8.8618,10.4057,11.8647,12.8313,2.5521,2.6614,10.8537,10.8988,50.0,1,1,normal,0
IC_2298,LOT_C,W21,12.6594,13.9541,14.7002,15.2818,2.4609,2.5516,11.7703,12.0159,50.0,1,1,normal,0
IC_2299,LOT_C,W03,10.4386,11.3334,12.3717,12.8424,2.053,2.1079,12.5649,12.6312,50.0,1,1,normal,0
IC_2300,LOT_C,W20,11.9667,16.5766,42.8467,77.0612,2.2949,2.555,12.2248,12.7683,50.0,1,1,early_drifter,1
IC_2301,LOT_B,W07,7.9904,8.6665,9.7798,10.9884,2.3346,2.378,11.1753,11.3169,50.0,1,1,normal,0
IC_2302,LOT_F,W07,10.7955,12.2971,14.0679,14.3846,2.3805,2.4862,12.8291,13.0382,50.0,1,1,normal,0
IC_2303,LOT_E,W19,11.0004,12.178,13.7749,14.2122,2.7409,2.8125,12.8217,13.0146,50.0,1,1,normal,0
IC_2304,LOT_F,W06,11.2397,12.7606,14.564,15.8017,2.211,2.3476,13.127,13.3054,50.0,1,1,normal,0
IC_2305,LOT_A,W05,11.8306,13.3346,15.1732,15.9098,3.1062,3.2087,10.1933,10.4183,50.0,1,1,normal,0
IC_2306,LOT_B,W23,7.1336,8.2261,9.1627,9.0829,2.3381,2.4162,11.2471,11.4714,50.0,1,1,normal,0
IC_2307,LOT_E,W16,10.1724,10.9996,12.1777,12.4369,2.3105,2.3417,12.2533,12.4502,50.0,1,1,normal,0
IC_2308,LOT_B,W18,7.0031,7.8362,8.4916,9.4903,2.2936,2.3245,10.0272,10.0695,50.0,1,1,normal,0
IC_2309,LOT_B,W08,12.5681,13.981,15.6976,16.9253,2.4132,2.5189,13.5575,13.703,50.0,1,1,normal,0
IC_2310,LOT_E,W24,12.5005,13.3629,14.3345,15.4042,2.4899,2.5796,12.8492,12.8257,50.0,1,1,normal,0
IC_2311,LOT_F,W18,11.9642,13.3575,14.1919,14.8001,2.9901,3.1056,13.8452,13.8642,50.0,1,1,normal,0
IC_2312,LOT_B,W06,7.1484,8.1149,9.8155,10.5372,1.9617,2.0587,12.6128,12.6138,50.0,1,1,normal,0
IC_2313,LOT_B,W18,7.9889,9.2635,10.4987,11.8798,2.2385,2.3509,11.602,11.9609,50.0,1,1,normal,0
IC_2314,LOT_E,W08,11.0353,12.73,14.6163,15.5392,2.2455,2.341,12.0664,12.2918,50.0,1,1,normal,0
IC_2315,LOT_F,W13,11.2381,12.8133,14.438,15.1746,2.0693,2.1305,14.2746,14.4381,50.0,1,1,normal,0
IC_2316,LOT_E,W24,10.4508,11.8597,13.4797,14.214,2.0341,2.1111,11.9251,12.0524,50.0,1,1,normal,0
IC_2317,LOT_E,W19,11.7628,12.4618,13.4529,14.0338,2.3199,2.3766,12.9439,13.1105,50.0,1,1,normal,0
IC_2318,LOT_F,W23,9.8302,11.3926,12.4077,13.4293,1.7766,1.8554,12.5367,12.8457,50.0,1,1,normal,0
IC_2319,LOT_F,W11,11.6288,13.429,14.7304,16.3564,2.1665,2.2573,14.9723,15.2054,50.0,1,1,normal,0
IC_2320,LOT_F,W05,42.097,44.3748,47.2376,47.4945,4.8219,4.9862,16.7375,17.2187,50.0,1,1,latent_distribution_outlier,1
IC_2321,LOT_E,W10,13.6419,15.4527,16.7371,17.8717,3.124,3.2347,12.6196,12.858,50.0,1,1,normal,0
IC_2322,LOT_A,W07,7.9232,9.0935,9.8662,11.1032,2.1365,2.2156,11.1877,11.3689,50.0,1,1,normal,0
IC_2323,LOT_D,W08,10.205,11.1984,12.0783,12.8792,2.4605,2.5548,10.9825,11.1452,50.0,1,1,normal,0
IC_2324,LOT_E,W09,8.1399,9.8068,11.5891,11.7974,1.7519,1.8804,11.9898,12.0585,50.0,1,1,normal,0
IC_2325,LOT_B,W10,36.4779,38.3898,40.695,41.6905,4.6207,4.6994,15.4344,15.754,50.0,1,1,latent_distribution_outlier,1
IC_2326,LOT_D,W09,10.0208,11.4232,12.8564,14.2244,2.5081,2.6446,11.8591,12.0894,50.0,1,1,normal,0
IC_2327,LOT_E,W03,10.1179,11.4924,12.5644,13.2987,2.4416,2.5541,12.5015,12.5353,50.0,1,1,normal,0
IC_2328,LOT_B,W18,9.6608,10.304,10.7319,11.922,2.4752,2.4725,11.0624,11.0609,50.0,1,1,normal,0
IC_2329,LOT_E,W14,6.8719,8.3509,9.7912,10.3808,2.2341,2.3374,11.5029,11.6487,50.0,1,1,normal,0
IC_2330,LOT_E,W14,9.4099,10.3132,11.2667,11.9251,2.1782,2.2506,11.305,11.6062,50.0,1,1,normal,0
IC_2331,LOT_F,W08,10.1762,11.0772,11.9656,12.6482,2.0938,2.1053,13.3113,13.4629,50.0,1,1,normal,0
IC_2332,LOT_B,W21,11.0956,11.8582,13.2697,13.8587,2.4788,2.537,11.8799,12.0078,50.0,1,1,normal,0
IC_2333,LOT_A,W24,11.942,13.2591,15.0005,15.5788,2.4653,2.5231,11.6061,11.783,50.0,1,1,normal,0
IC_2334,LOT_F,W21,10.2785,11.5382,12.6531,13.0636,2.1224,2.1657,14.917,15.0734,50.0,1,1,normal,0
IC_2335,LOT_E,W07,8.7564,10.0981,11.6075,12.7299,2.405,2.4881,11.3516,11.5681,50.0,1,1,normal,0
IC_2336,LOT_C,W23,35.3795,37.0575,38.0333,38.0196,4.2619,4.3744,14.4503,14.657,50.0,1,1,latent_distribution_outlier,1
IC_2337,LOT_B,W24,9.1091,10.5671,12.5694,13.3811,2.7439,2.8156,10.679,10.9139,50.0,1,1,normal,0
IC_2338,LOT_E,W10,10.7192,12.1407,13.9199,14.7094,2.3904,2.5222,13.4003,13.4564,50.0,1,1,normal,0
IC_2339,LOT_C,W10,12.7207,14.0455,15.5166,16.9215,2.2206,2.3596,13.38,13.5022,50.0,1,1,normal,0
IC_2340,LOT_F,W01,11.5453,12.1956,12.8271,13.4101,2.1485,2.1472,12.4335,12.633,50.0,1,1,normal,0
IC_2341,LOT_B,W14,9.5811,11.3002,12.6748,14.5633,2.4471,2.5587,12.0203,12.2901,50.0,1,1,normal,0
IC_2342,LOT_A,W12,13.5246,14.5116,15.3616,15.9245,2.6049,2.6522,11.7889,12.035,50.0,1,1,normal,0
IC_2343,LOT_C,W18,9.5276,10.7591,12.162,12.2177,2.0093,2.0849,12.1307,11.9966,50.0,1,1,normal,0
IC_2344,LOT_F,W10,10.8941,12.0448,13.5611,14.2186,2.0871,2.2064,13.4898,13.5875,50.0,1,1,normal,0
IC_2345,LOT_D,W07,12.1677,13.2159,13.7978,14.548,2.7497,2.8369,12.1392,12.1416,50.0,1,1,normal,0
IC_2346,LOT_B,W19,35.018,36.7855,38.0197,38.3934,4.9943,5.1228,14.6538,15.0072,50.0,1,1,latent_distribution_outlier,1
IC_2347,LOT_C,W04,11.4043,11.9991,13.4751,13.4568,1.7383,1.7686,12.2509,12.2395,50.0,1,1,normal,0
IC_2348,LOT_A,W06,6.8221,7.6407,8.8872,10.0645,2.318,2.4493,10.3209,10.3741,50.0,1,1,normal,0
IC_2349,LOT_C,W17,9.7595,11.342,13.1234,13.9582,1.922,2.0069,12.2066,12.3466,50.0,1,1,normal,0
IC_2350,LOT_F,W13,9.8338,11.5168,12.7463,13.4358,1.9446,2.0028,11.8045,12.1014,50.0,1,1,normal,0
IC_2351,LOT_F,W07,11.0023,12.2867,13.0325,14.015,1.9141,1.9765,13.6111,13.6833,50.0,1,1,normal,0
IC_2352,LOT_E,W01,12.571,14.0998,15.0793,16.1742,2.0714,2.115,12.5166,12.5563,50.0,1,1,normal,0
IC_2353,LOT_B,W22,8.8936,10.6009,11.9383,12.7785,2.7631,2.8865,11.2168,11.3043,50.0,1,1,normal,0
IC_2354,LOT_D,W24,40.9528,43.1253,45.2253,46.9415,5.034,5.1685,16.0641,16.5507,50.0,1,1,latent_distribution_outlier,1
IC_2355,LOT_A,W07,8.8023,9.8112,10.9273,12.0285,2.1534,2.222,10.9663,11.1548,50.0,1,1,normal,0
IC_2356,LOT_F,W14,11.4453,12.5262,13.9754,14.9003,2.0485,2.0945,14.5589,14.6987,50.0,1,1,normal,0
IC_2357,LOT_E,W20,9.936,11.2104,12.6564,13.5762,2.1157,2.1813,12.5367,12.7636,50.0,1,1,normal,0
IC_2358,LOT_C,W04,11.2513,12.9369,13.6599,15.1024,2.5951,2.7052,12.3762,12.5932,50.0,1,1,normal,0
IC_2359,LOT_D,W16,10.7707,12.0756,13.8408,13.6925,2.555,2.588,12.7323,12.7716,50.0,1,1,normal,0
IC_2360,LOT_B,W23,7.6145,8.4844,9.61,10.0912,2.3442,2.3356,11.1966,11.3078,50.0,1,1,normal,0
IC_2361,LOT_A,W18,9.1951,10.4312,12.2829,13.3031,2.1411,2.2393,10.8587,11.0357,50.0,1,1,normal,0
IC_2362,LOT_D,W04,11.3912,12.4312,13.1433,14.209,2.6684,2.7262,11.46,11.446,50.0,1,1,normal,0
IC_2363,LOT_D,W22,10.8547,12.5783,14.1011,15.4843,2.6667,2.7583,11.1066,11.242,50.0,1,1,normal,0
IC_2364,LOT_F,W06,9.4871,10.1667,11.1876,12.3626,1.8716,1.8917,13.3689,13.4881,50.0,1,1,normal,0
IC_2365,LOT_D,W10,11.5964,12.3813,13.0179,13.412,2.4216,2.4514,11.2163,11.3918,50.0,1,1,normal,0
IC_2366,LOT_C,W22,9.9064,10.8029,12.4504,13.3377,1.9824,2.0335,11.5177,11.6971,50.0,1,1,normal,0
IC_2367,LOT_C,W22,11.2497,12.8804,14.575,15.1552,2.0212,2.0889,11.1734,11.2658,50.0,1,1,normal,0
IC_2368,LOT_E,W14,8.8377,9.6824,10.0231,11.2551,2.0771,2.0826,12.6804,12.862,50.0,1,1,normal,0
IC_2369,LOT_F,W03,12.1542,13.5688,15.0854,16.6954,2.3111,2.4108,13.5423,13.6623,50.0,1,1,normal,0
IC_2370,LOT_C,W20,12.7559,14.184,15.4107,15.9065,2.2902,2.3873,12.4404,12.7117,50.0,1,1,normal,0
IC_2371,LOT_B,W09,8.3802,9.4196,10.3693,11.3995,2.8484,2.917,10.6547,10.837,50.0,1,1,normal,0
IC_2372,LOT_A,W17,10.5641,11.4177,12.4942,12.8271,2.5572,2.6318,11.0292,10.9969,50.0,1,1,normal,0
IC_2373,LOT_C,W04,10.2607,11.7906,12.9309,13.4588,1.9686,2.0772,12.0676,12.2999,50.0,1,1,normal,0
IC_2374,LOT_A,W01,6.9602,8.08,8.5123,9.7874,2.2731,2.3465,10.7869,10.7848,50.0,1,1,normal,0
IC_2375,LOT_D,W18,10.9851,12.381,14.0573,14.7467,2.9451,3.0032,10.867,11.0695,50.0,1,1,normal,0
IC_2376,LOT_D,W22,8.915,10.3561,12.3374,12.5701,2.2765,2.3748,11.4929,11.7458,50.0,1,1,normal,0
IC_2377,LOT_F,W21,10.0307,11.413,12.8752,14.4005,1.6536,1.7798,14.2896,14.5717,50.0,1,1,normal,0
IC_2378,LOT_B,W01,10.5355,12.0417,13.0505,13.8267,2.6874,2.7723,10.9003,11.0506,50.0,1,1,normal,0
IC_2379,LOT_F,W07,8.7682,10.3868,11.9116,12.7134,2.084,2.2079,13.1908,13.407,50.0,1,1,normal,0
IC_2380,LOT_E,W23,10.3257,11.5555,12.6824,13.8725,2.4446,2.4532,13.4325,13.6602,50.0,1,1,normal,0
IC_2381,LOT_D,W23,9.3973,10.1756,10.9782,11.3525,2.2595,2.3271,12.3088,12.3215,50.0,1,1,normal,0
IC_2382,LOT_E,W02,12.3712,13.4693,14.608,15.1528,2.6657,2.7573,11.7402,11.9592,50.0,1,1,normal,0
IC_2383,LOT_C,W07,32.4298,33.5528,34.6176,37.1771,3.7272,3.8224,15.8043,16.0853,50.0,1,1,latent_distribution_outlier,1
IC_2384,LOT_F,W01,11.1003,11.8521,12.5182,12.9811,2.3256,2.2938,12.9253,13.1624,50.0,1,1,normal,0
IC_2385,LOT_E,W03,11.1945,12.6409,14.489,15.503,2.1257,2.1885,13.1824,13.3417,50.0,1,1,normal,0
IC_2386,LOT_A,W23,11.8777,12.855,14.1993,14.8234,2.8443,2.9075,10.2165,10.2284,50.0,1,1,normal,0
IC_2387,LOT_F,W10,9.4575,10.5352,11.7095,11.7673,1.8352,1.8825,13.3439,13.4308,50.0,1,1,normal,0
IC_2388,LOT_C,W01,13.3281,14.5573,15.6671,16.9179,2.4635,2.5679,11.8723,11.9365,50.0,1,1,normal,0
IC_2389,LOT_C,W15,10.2375,11.2662,12.3224,13.6628,2.1491,2.2023,12.4215,12.5207,50.0,1,1,normal,0
IC_2390,LOT_C,W07,12.1094,13.9191,14.9553,16.7137,2.0756,2.1723,11.5668,11.8232,50.0,1,1,normal,0
IC_2391,LOT_B,W05,8.6372,9.5774,11.0635,11.6778,2.3187,2.3748,11.2727,11.1196,50.0,1,1,normal,0
IC_2392,LOT_C,W01,11.7117,12.6221,12.9144,13.9752,2.2367,2.2864,12.5696,12.621,50.0,1,1,normal,0
IC_2393,LOT_F,W17,13.453,15.0609,16.7338,18.1149,1.8012,1.9009,13.2038,13.5191,50.0,1,1,normal,0
IC_2394,LOT_D,W12,44.3432,46.0748,47.466,48.295,5.1513,5.2447,17.1836,17.3901,50.0,1,1,latent_distribution_outlier,1
IC_2395,LOT_B,W02,9.4335,10.4473,12.4701,13.2091,2.3851,2.4519,10.235,10.2432,50.0,1,1,normal,0
IC_2396,LOT_A,W23,8.6738,9.1696,10.2388,11.0404,2.3734,2.3856,10.8305,10.7197,50.0,1,1,normal,0
IC_2397,LOT_F,W14,9.2902,10.2714,11.1863,12.045,2.0409,2.0998,13.0722,13.2158,50.0,1,1,normal,0
IC_2398,LOT_B,W09,11.0822,12.4551,14.3524,15.1482,2.7237,2.7763,11.9885,12.0163,50.0,1,1,normal,0
IC_2399,LOT_D,W23,80.0264,87.9014,106.2331,130.9427,8.3855,8.8493,21.3229,22.1558,50.0,0,0,gross_failure,1
IC_2400,LOT_A,W11,10.0021,10.6982,11.7949,12.4921,2.2652,2.2537,11.525,11.689,50.0,1,1,normal,0
IC_2401,LOT_E,W01,9.1899,10.1754,11.0159,11.7879,2.2213,2.3114,12.1317,12.2254,50.0,1,1,normal,0
IC_2402,LOT_B,W15,9.8016,10.9942,12.2356,12.9363,2.9339,2.9818,12.5523,12.6011,50.0,1,1,normal,0
IC_2403,LOT_A,W22,9.8573,10.8786,11.9496,12.8193,2.4669,2.4784,12.007,12.1576,50.0,1,1,normal,0
IC_2404,LOT_A,W10,7.374,8.3166,9.0641,9.0015,2.4669,2.4873,10.6944,10.7096,50.0,1,1,normal,0
IC_2405,LOT_E,W08,10.1536,11.0228,11.3518,12.6807,2.3277,2.3602,11.237,11.4713,50.0,1,1,normal,0
IC_2406,LOT_B,W06,8.413,9.2625,9.786,10.522,2.382,2.4384,11.5395,11.6448,50.0,1,1,normal,0
IC_2407,LOT_E,W09,8.4901,9.8589,11.5736,11.6995,2.2461,2.274,11.8987,12.1022,50.0,1,1,normal,0
IC_2408,LOT_C,W23,11.5596,12.4615,13.6234,14.1014,2.1674,2.2361,12.3791,12.502,50.0,1,1,normal,0
IC_2409,LOT_D,W19,9.4054,10.431,11.614,11.2824,2.5561,2.5918,12.2897,12.5068,50.0,1,1,normal,0
IC_2410,LOT_F,W12,8.9488,10.3174,11.3334,12.8284,2.2696,2.3491,12.5145,12.663,50.0,1,1,normal,0
IC_2411,LOT_A,W19,9.8885,11.4957,13.031,14.0625,2.2551,2.3188,11.3724,11.651,50.0,1,1,normal,0
IC_2412,LOT_B,W11,10.413,11.665,12.201,13.1198,2.5629,2.603,10.673,10.8696,50.0,1,1,normal,0
IC_2413,LOT_C,W20,11.6448,12.7052,13.3929,13.757,2.2584,2.3138,12.1006,12.3286,50.0,1,1,normal,0
IC_2414,LOT_F,W02,10.1978,11.1298,12.6774,13.1274,2.5276,2.5963,13.5757,13.9089,50.0,1,1,normal,0
IC_2415,LOT_F,W03,9.2094,10.8526,12.2495,13.3548,1.8614,1.9592,15.1053,15.2583,50.0,1,1,normal,0
IC_2416,LOT_D,W05,11.7511,12.8356,14.0554,14.7905,2.3743,2.4434,11.9446,11.9716,50.0,1,1,normal,0
IC_2417,LOT_D,W17,9.2266,10.0165,11.6614,12.1556,2.5683,2.5615,11.09,11.2838,50.0,1,1,normal,0
IC_2418,LOT_E,W06,7.4728,8.7831,10.2634,11.2931,2.1819,2.2314,11.4686,11.7279,50.0,1,1,normal,0
IC_2419,LOT_F,W18,11.6766,12.7506,13.507,14.3738,2.6404,2.7225,14.483,14.5087,50.0,1,1,normal,0
IC_2420,LOT_C,W07,9.628,10.6626,10.9153,12.3663,2.0174,2.0761,11.1665,11.3479,50.0,1,1,normal,0
IC_2421,LOT_D,W09,9.8993,13.7868,34.7692,62.8446,2.4817,2.6975,12.073,12.5544,50.0,1,1,early_drifter,1
IC_2422,LOT_B,W24,7.6907,8.9606,9.8844,10.5916,2.1922,2.236,10.4758,10.5817,50.0,1,1,normal,0
IC_2423,LOT_A,W21,8.5424,9.5765,10.0,10.9707,2.5449,2.6558,11.312,11.3988,50.0,1,1,normal,0
IC_2424,LOT_C,W17,9.2733,10.8264,10.8992,12.3399,2.2343,2.3307,12.7288,13.0312,50.0,1,1,normal,0
IC_2425,LOT_D,W13,10.077,11.3505,11.8087,13.4957,2.3234,2.3659,11.6296,11.6964,50.0,1,1,normal,0
IC_2426,LOT_E,W23,8.6639,9.6322,10.9608,11.4479,2.6759,2.75,12.101,12.1523,50.0,1,1,normal,0
IC_2427,LOT_E,W09,12.4553,13.2576,14.7071,14.7037,2.8899,2.9408,12.2331,12.11,50.0,1,1,normal,0
IC_2428,LOT_F,W18,8.892,10.1563,11.6367,12.4422,2.2632,2.314,12.6145,12.6761,50.0,1,1,normal,0
IC_2429,LOT_E,W08,9.7561,11.1394,12.2201,13.2544,2.1874,2.3017,13.6883,13.8864,50.0,1,1,normal,0
IC_2430,LOT_A,W05,7.1874,8.2788,9.2719,10.0343,1.9479,2.0341,11.5186,11.7803,50.0,1,1,normal,0
IC_2431,LOT_D,W03,11.1329,12.7811,14.2916,15.0577,2.5491,2.6302,11.2435,11.441,50.0,1,1,normal,0
IC_2432,LOT_A,W09,11.3233,13.0873,14.6595,14.7853,2.8474,2.9515,11.8213,11.9932,50.0,1,1,normal,0
IC_2433,LOT_A,W21,11.4803,12.8854,14.3066,14.8701,2.8959,2.9896,11.3693,11.6767,50.0,1,1,normal,0
IC_2434,LOT_F,W07,43.1623,44.4325,46.1547,46.517,5.1718,5.2271,18.0573,18.1685,50.0,1,1,latent_distribution_outlier,1
IC_2435,LOT_D,W15,10.7786,12.4832,13.7963,15.0223,2.2327,2.3586,11.7184,11.9757,50.0,1,1,normal,0
IC_2436,LOT_B,W22,9.6212,10.3677,11.3031,12.0387,2.4146,2.429,11.4917,11.4749,50.0,1,1,normal,0
IC_2437,LOT_B,W07,4.8844,5.7371,6.7821,7.3896,1.8809,1.9526,10.4918,10.5952,50.0,1,1,normal,0
IC_2438,LOT_E,W16,10.3051,11.9902,13.1586,14.2768,2.7064,2.8143,12.823,13.1283,50.0,1,1,normal,0
IC_2439,LOT_D,W01,10.5084,11.957,13.2944,13.9822,2.8127,2.8219,11.9164,11.9663,50.0,1,1,normal,0
IC_2440,LOT_A,W02,6.5865,7.2481,8.2975,9.0986,2.0795,2.0674,9.6864,9.873,50.0,1,1,normal,0
IC_2441,LOT_C,W08,12.3819,13.8526,15.0445,16.9234,2.1065,2.1791,12.9438,13.2992,50.0,1,1,normal,0
IC_2442,LOT_B,W23,8.8441,10.6085,12.2013,12.913,2.5537,2.7049,10.872,11.2362,50.0,1,1,normal,0
IC_2443,LOT_A,W13,9.7501,10.5947,12.206,13.0779,2.2584,2.3533,11.8709,12.0795,50.0,1,1,normal,0
IC_2444,LOT_F,W21,10.4378,11.1981,11.819,13.2936,2.3408,2.4229,13.8248,13.9431,50.0,1,1,normal,0
IC_2445,LOT_E,W17,10.2994,11.2666,12.592,13.4205,2.3389,2.3859,12.4709,12.5918,50.0,1,1,normal,0
IC_2446,LOT_D,W05,11.4889,12.6431,13.278,13.7937,2.7927,2.8746,10.7724,10.9686,50.0,1,1,normal,0
IC_2447,LOT_D,W05,9.6471,11.2373,12.4326,13.2732,2.1855,2.2496,12.1649,12.3033,50.0,1,1,normal,0
IC_2448,LOT_F,W05,10.3606,11.5728,13.3138,13.4353,2.3102,2.4237,12.6326,12.8306,50.0,1,1,normal,0
IC_2449,LOT_E,W06,9.5689,10.9607,12.3192,12.8839,2.2286,2.3492,12.122,12.4099,50.0,1,1,normal,0
IC_2450,LOT_F,W14,9.9049,11.1374,12.7309,13.7454,1.7118,1.7506,15.3011,15.423,50.0,1,1,normal,0
IC_2451,LOT_B,W01,10.1538,11.789,13.0928,14.7427,2.9028,3.0574,9.9862,9.9937,50.0,1,1,normal,0
IC_2452,LOT_A,W17,7.5357,9.3194,10.6785,12.0138,2.2242,2.3686,11.3282,11.5638,50.0,1,1,normal,0
IC_2453,LOT_F,W02,12.2793,13.0865,13.6948,14.5924,2.4336,2.5162,13.0869,13.2145,50.0,1,1,normal,0
IC_2454,LOT_A,W21,9.0172,9.881,11.0231,10.8468,2.3037,2.3557,12.4623,12.4603,50.0,1,1,normal,0
IC_2455,LOT_B,W20,7.0934,13.1167,46.3901,91.217,2.4973,2.9081,11.6779,12.484,50.0,1,1,early_drifter,1
IC_2456,LOT_B,W18,7.98,9.4638,10.7136,11.9155,2.6006,2.667,12.4501,12.632,50.0,1,1,normal,0
IC_2457,LOT_E,W19,6.4533,7.6872,8.3739,9.1937,1.8659,1.9456,12.7898,12.8843,50.0,1,1,normal,0
IC_2458,LOT_C,W23,10.4284,11.7311,13.0228,14.8289,1.9244,2.0017,11.3914,11.4539,50.0,1,1,normal,0
IC_2459,LOT_A,W23,10.5631,11.6117,12.6701,13.0492,2.2789,2.328,11.8798,12.1307,50.0,1,1,normal,0
IC_2460,LOT_C,W18,11.1682,12.3837,12.8392,14.5269,2.1743,2.288,9.5216,9.556,50.0,1,1,normal,0
IC_2461,LOT_C,W20,9.549,11.1474,12.9044,13.7954,1.8403,1.959,12.2087,12.4126,50.0,1,1,normal,0
IC_2462,LOT_A,W02,10.3209,11.3259,12.4408,12.969,3.2723,3.3701,11.5227,11.6937,50.0,1,1,normal,0
IC_2463,LOT_F,W17,65.5039,72.9614,80.8662,98.8604,6.4525,6.855,22.0715,22.8967,50.0,0,0,gross_failure,1
IC_2464,LOT_F,W17,8.7244,9.6966,10.7221,11.0782,2.5408,2.6274,12.2612,12.5685,50.0,1,1,normal,0
IC_2465,LOT_E,W07,40.0664,42.0046,42.9497,46.2198,4.6644,4.8229,16.2083,16.547,50.0,1,1,latent_distribution_outlier,1
IC_2466,LOT_C,W23,9.7325,11.4288,12.9761,13.6483,2.0053,2.0984,10.959,11.1406,50.0,1,1,normal,0
IC_2467,LOT_E,W17,8.7179,9.9323,11.3458,12.1565,1.7917,1.878,11.5304,11.6411,50.0,1,1,normal,0
IC_2468,LOT_B,W10,7.1257,8.042,9.2027,10.2321,2.4481,2.4861,12.5298,12.7949,50.0,1,1,normal,0
IC_2469,LOT_F,W20,66.9647,70.0909,86.0006,111.5558,6.5222,6.7338,22.6921,23.2322,50.0,0,0,gross_failure,1
IC_2470,LOT_E,W15,11.3615,12.6562,13.8148,14.535,2.0168,2.0438,13.4349,13.6791,50.0,1,1,normal,0
IC_2471,LOT_E,W07,9.476,10.8953,11.7409,11.8712,1.9804,2.0496,12.1716,12.2902,50.0,1,1,normal,0
IC_2472,LOT_B,W14,9.0315,10.3977,10.9113,12.2851,2.6715,2.7622,12.1014,12.2633,50.0,1,1,normal,0
IC_2473,LOT_E,W11,7.3293,8.3319,8.8438,9.8448,1.9986,2.0818,12.4244,12.4326,50.0,1,1,normal,0
IC_2474,LOT_F,W21,10.9319,12.0627,12.9987,14.1955,2.5127,2.5496,13.1346,13.3059,50.0,1,1,normal,0
IC_2475,LOT_F,W04,9.7212,10.7086,11.6288,12.2324,2.41,2.4821,12.4383,12.3689,50.0,1,1,normal,0
IC_2476,LOT_E,W01,10.3807,11.4145,12.6556,13.9332,2.2786,2.3579,11.8625,12.0135,50.0,1,1,normal,0
IC_2477,LOT_A,W17,8.358,9.183,10.0881,10.7225,2.5178,2.5965,10.6263,10.7486,50.0,1,1,normal,0
IC_2478,LOT_E,W17,41.2165,43.2372,45.3053,46.2007,4.951,5.0831,16.3135,16.6062,50.0,1,1,latent_distribution_outlier,1
IC_2479,LOT_E,W08,11.0632,12.5825,13.9816,15.5082,2.4166,2.5273,13.3295,13.4772,50.0,1,1,normal,0
IC_2480,LOT_B,W22,8.2258,9.4965,10.5607,10.9188,2.6593,2.7419,10.5337,10.5964,50.0,1,1,normal,0
IC_2481,LOT_D,W17,11.2816,12.4341,13.1271,14.0106,2.7675,2.8238,13.0828,13.1933,50.0,1,1,normal,0
IC_2482,LOT_B,W15,9.0968,11.7702,28.9842,50.6241,2.6454,2.8049,10.8191,11.0038,50.0,1,1,early_drifter,1
IC_2483,LOT_E,W10,35.415,36.6425,38.2414,38.8646,3.836,3.8789,16.269,16.4091,50.0,1,1,latent_distribution_outlier,1
IC_2484,LOT_A,W01,7.1423,8.0214,8.8608,9.8292,1.9204,1.925,10.4004,10.542,50.0,1,1,normal,0
IC_2485,LOT_B,W22,6.7439,7.9768,9.3643,10.4032,2.2576,2.3477,11.6326,11.8781,50.0,1,1,normal,0
IC_2486,LOT_C,W01,14.0,18.3678,40.6067,70.9791,2.4187,2.6772,13.2607,13.7481,50.0,1,1,early_drifter,1
IC_2487,LOT_A,W07,7.0429,7.5795,8.3991,9.2602,2.4683,2.4962,11.013,11.0538,50.0,1,1,normal,0
IC_2488,LOT_D,W09,10.2684,11.6009,13.9051,15.2604,2.8541,2.9409,10.1225,10.406,50.0,1,1,normal,0
IC_2489,LOT_A,W19,7.3466,10.2413,27.1675,47.6819,2.7819,2.9706,11.5343,11.9323,50.0,1,1,early_drifter,1
IC_2490,LOT_D,W01,12.3448,13.349,15.095,15.2191,2.9253,2.9766,12.8006,12.8572,50.0,1,1,normal,0
IC_2491,LOT_F,W24,34.2799,35.2259,36.9558,37.9992,4.1836,4.2053,16.5292,16.7676,50.0,1,1,latent_distribution_outlier,1
IC_2492,LOT_D,W22,10.0746,11.4699,12.9606,13.875,2.2358,2.3794,11.7788,11.9286,50.0,1,1,normal,0
IC_2493,LOT_B,W08,6.0826,7.4042,8.5208,9.2874,1.79,1.8555,10.6734,10.783,50.0,1,1,normal,0
IC_2494,LOT_B,W15,10.4667,11.7453,13.7547,14.274,2.5079,2.5902,11.2716,11.3825,50.0,1,1,normal,0
IC_2495,LOT_C,W15,13.81,14.7817,15.5728,16.3352,2.5864,2.6336,12.5642,12.684,50.0,1,1,normal,0
IC_2496,LOT_B,W17,10.8483,12.2987,13.6334,14.1117,2.7677,2.8214,10.9902,11.186,50.0,1,1,normal,0
IC_2497,LOT_D,W19,10.2848,11.8444,13.0514,13.7226,2.7461,2.8386,10.8261,10.9363,50.0,1,1,normal,0
IC_2498,LOT_A,W11,8.4047,9.469,10.5674,10.4337,2.1646,2.2368,11.0186,10.9044,50.0,1,1,normal,0
IC_2499,LOT_B,W19,8.0452,9.3926,11.3174,11.3003,2.34,2.4479,10.3279,10.4857,50.0,1,1,normal,0
IC_2500,LOT_E,W18,9.5454,11.0176,12.712,13.4142,2.3029,2.3745,11.677,11.8009,50.0,1,1,normal,0
IC_2501,LOT_E,W08,9.4412,11.2181,12.3747,13.4344,2.1428,2.2835,13.1397,13.3707,50.0,1,1,normal,0
IC_2502,LOT_A,W06,10.6742,11.4443,11.8903,13.262,2.3398,2.3941,11.9578,11.9722,50.0,1,1,normal,0
IC_2503,LOT_B,W23,7.3695,8.7381,9.9514,10.7789,2.6007,2.653,10.4949,10.7056,50.0,1,1,normal,0
IC_2504,LOT_A,W16,9.7145,10.6843,11.2145,12.1409,2.4552,2.4535,12.456,12.6176,50.0,1,1,normal,0
IC_2505,LOT_E,W23,9.2401,10.4785,11.858,12.9239,1.9674,2.0702,12.9731,13.0587,50.0,1,1,normal,0
IC_2506,LOT_D,W07,9.9684,11.5948,13.687,15.1376,2.6899,2.8042,12.2636,12.4003,50.0,1,1,normal,0
IC_2507,LOT_B,W18,6.9927,8.6264,10.0351,11.7023,2.2783,2.3689,9.5801,9.7327,50.0,1,1,normal,0
IC_2508,LOT_A,W09,9.6243,10.828,12.6631,12.8032,2.7484,2.8063,10.0032,10.0013,50.0,1,1,normal,0
IC_2509,LOT_A,W22,11.5753,16.5368,43.2287,78.6119,2.749,3.0553,10.96,11.2903,50.0,1,1,early_drifter,1
IC_2510,LOT_C,W06,12.5301,14.2689,15.6469,16.8425,2.3929,2.4826,12.1889,12.3143,50.0,1,1,normal,0
IC_2511,LOT_B,W04,9.7288,11.2105,12.7282,13.8663,2.6209,2.7297,10.7546,10.8998,50.0,1,1,normal,0
IC_2512,LOT_C,W23,7.8086,9.5331,10.39,11.5586,1.8593,1.9531,11.4621,11.7569,50.0,1,1,normal,0
IC_2513,LOT_F,W12,12.8092,13.4235,14.6871,15.2341,2.7585,2.8158,13.1678,13.1544,50.0,1,1,normal,0
IC_2514,LOT_C,W08,10.4019,11.6239,12.5043,13.3373,1.8021,1.8456,10.8214,11.0307,50.0,1,1,normal,0
IC_2515,LOT_C,W19,12.2087,14.1197,15.5447,16.355,2.2815,2.3778,12.5428,12.6572,50.0,1,1,normal,0
IC_2516,LOT_E,W04,10.4687,11.5902,12.9714,13.2025,2.3466,2.4038,12.6888,13.0555,50.0,1,1,normal,0
IC_2517,LOT_E,W11,9.8364,10.5338,11.5903,11.9808,2.2315,2.213,12.3688,12.5657,50.0,1,1,normal,0
IC_2518,LOT_F,W18,10.3046,11.6202,12.5209,13.5043,1.9727,2.0686,13.5213,13.6857,50.0,1,1,normal,0
IC_2519,LOT_C,W20,9.8659,11.0325,12.3233,13.3245,1.9146,1.9941,11.8354,12.007,50.0,1,1,normal,0
IC_2520,LOT_C,W07,11.729,13.1818,14.7258,15.525,2.3545,2.4733,11.9366,12.1545,50.0,1,1,normal,0
IC_2521,LOT_B,W05,74.4632,83.8759,94.004,116.9577,7.9437,8.5324,21.9546,23.1431,50.0,0,0,gross_failure,1
IC_2522,LOT_A,W16,11.161,12.4123,14.0252,14.4995,2.6496,2.7042,12.1004,12.2463,50.0,1,1,normal,0
IC_2523,LOT_C,W01,11.493,12.5528,13.8409,13.9901,2.0523,2.133,12.6848,12.7625,50.0,1,1,normal,0
IC_2524,LOT_F,W22,8.7414,10.0105,11.3539,12.3526,1.3584,1.4355,13.3795,13.5672,50.0,1,1,normal,0
IC_2525,LOT_C,W05,36.0397,37.7924,39.6452,40.0678,3.7879,3.9005,16.4275,16.6379,50.0,1,1,latent_distribution_outlier,1
IC_2526,LOT_D,W19,10.7362,11.3913,12.457,13.7542,2.5858,2.6008,11.7545,11.612,50.0,1,1,normal,0
IC_2527,LOT_D,W19,7.8695,9.4244,10.8768,12.3173,2.1409,2.209,12.3073,12.3825,50.0,1,1,normal,0
IC_2528,LOT_B,W13,8.3406,9.2392,10.1146,10.5963,2.4445,2.4906,10.5987,10.862,50.0,1,1,normal,0
IC_2529,LOT_D,W18,9.1671,10.8446,12.7059,13.7241,2.3423,2.4207,11.6062,11.9121,50.0,1,1,normal,0
IC_2530,LOT_A,W10,7.8778,9.1706,10.1509,10.7739,2.5724,2.6456,11.3818,11.5116,50.0,1,1,normal,0
IC_2531,LOT_D,W07,9.0027,10.8028,11.916,13.4888,2.5867,2.7163,11.181,11.5246,50.0,1,1,normal,0
IC_2532,LOT_D,W11,9.7122,11.1858,12.9137,14.2181,2.3775,2.4145,12.5398,12.8088,50.0,1,1,normal,0
IC_2533,LOT_F,W06,9.9486,10.9343,11.6011,12.2551,2.1132,2.2256,14.1178,14.1474,50.0,1,1,normal,0
IC_2534,LOT_A,W12,9.5027,10.6213,12.1677,12.6814,2.5089,2.6136,10.2522,10.3787,50.0,1,1,normal,0
IC_2535,LOT_B,W19,4.6647,5.8143,7.4136,8.2967,2.4271,2.5377,12.0181,12.1496,50.0,1,1,normal,0
IC_2536,LOT_D,W10,11.4752,12.2761,13.1349,13.5098,2.4165,2.4111,11.6858,11.6399,50.0,1,1,normal,0
IC_2537,LOT_A,W17,9.3308,11.1344,12.635,13.0427,2.5507,2.6522,11.0747,11.2088,50.0,1,1,normal,0
IC_2538,LOT_E,W09,12.0535,12.5231,13.8962,14.0351,2.32,2.3916,12.685,12.7337,50.0,1,1,normal,0
IC_2539,LOT_F,W22,7.439,9.0906,10.5011,11.7009,1.6311,1.7063,14.6781,14.8959,50.0,1,1,normal,0
IC_2540,LOT_D,W10,8.0918,8.9394,9.2222,10.3669,2.1595,2.2432,12.7187,12.878,50.0,1,1,normal,0
IC_2541,LOT_D,W23,9.8128,10.6629,11.4633,11.8478,2.7229,2.787,10.7859,10.9081,50.0,1,1,normal,0
IC_2542,LOT_E,W02,14.3069,15.0676,15.9762,15.9487,2.6396,2.6863,12.5578,12.6766,50.0,1,1,normal,0
IC_2543,LOT_B,W21,9.5191,10.4457,11.6265,12.583,2.4203,2.4724,11.4402,11.6784,50.0,1,1,normal,0
IC_2544,LOT_F,W24,10.7366,12.5461,14.0774,14.7047,2.3512,2.4215,14.5183,14.8038,50.0,1,1,normal,0
IC_2545,LOT_E,W09,10.803,11.7941,12.6786,12.8972,2.3986,2.4491,12.7671,12.8565,50.0,1,1,normal,0
IC_2546,LOT_C,W24,10.979,12.6966,14.0869,14.7294,2.2921,2.4042,10.1886,10.2815,50.0,1,1,normal,0
IC_2547,LOT_E,W09,10.4449,11.9252,13.516,15.0122,2.1402,2.2761,12.4635,12.6483,50.0,1,1,normal,0
IC_2548,LOT_C,W16,12.0467,13.6595,15.8824,17.3619,2.0479,2.0876,12.7078,12.8532,50.0,1,1,normal,0
IC_2549,LOT_F,W02,10.6119,12.0195,13.7405,13.9223,2.4287,2.5303,14.4209,14.489,50.0,1,1,normal,0
IC_2550,LOT_D,W16,8.506,9.9288,11.3713,11.929,2.3633,2.428,11.719,11.8668,50.0,1,1,normal,0
IC_2551,LOT_F,W04,11.1426,12.5816,14.3119,15.3016,2.378,2.438,13.8035,13.9081,50.0,1,1,normal,0
IC_2552,LOT_F,W07,9.4868,10.7741,11.8416,12.5945,1.8809,1.9229,12.8688,13.0706,50.0,1,1,normal,0
IC_2553,LOT_E,W21,10.0383,10.8651,11.3422,12.7739,1.7995,1.865,12.4491,12.3846,50.0,1,1,normal,0
IC_2554,LOT_D,W09,10.1045,11.1797,12.084,12.6223,2.6019,2.6085,11.5283,11.6085,50.0,1,1,normal,0
IC_2555,LOT_C,W08,43.6103,45.806,48.3095,47.2552,4.7901,4.9311,17.2831,17.5242,50.0,1,1,latent_distribution_outlier,1
IC_2556,LOT_B,W13,11.0119,11.5165,12.4967,13.7548,2.4937,2.5359,9.5977,9.6935,50.0,1,1,normal,0
IC_2557,LOT_B,W06,10.3546,11.6431,12.6543,13.6179,2.2227,2.342,11.4043,11.5399,50.0,1,1,normal,0
IC_2558,LOT_A,W08,44.2194,46.6568,48.605,49.9255,5.5894,5.7075,16.6426,16.8652,50.0,1,1,latent_distribution_outlier,1
IC_2559,LOT_B,W14,6.6002,7.5319,9.1068,9.2199,2.0987,2.2138,10.3264,10.4142,50.0,1,1,normal,0
IC_2560,LOT_A,W17,9.3176,10.5701,10.9644,12.7732,2.2619,2.3643,10.8862,11.0878,50.0,1,1,normal,0
IC_2561,LOT_E,W09,9.6933,11.3644,12.8353,13.4632,2.3571,2.4964,11.3621,11.6003,50.0,1,1,normal,0
IC_2562,LOT_F,W02,8.5197,9.6379,11.076,11.834,2.1142,2.2054,13.0231,13.1277,50.0,1,1,normal,0
IC_2563,LOT_E,W23,8.0702,9.4993,11.2195,11.7015,1.637,1.7747,12.4568,12.5837,50.0,1,1,normal,0
IC_2564,LOT_B,W17,9.3607,10.6304,11.845,12.8107,2.5953,2.6345,12.1301,12.3307,50.0,1,1,normal,0
IC_2565,LOT_B,W18,10.2315,11.4308,12.3606,13.6378,2.5878,2.6589,11.8685,12.0299,50.0,1,1,normal,0
IC_2566,LOT_C,W02,12.3444,13.4369,14.974,15.4116,1.9306,2.02,12.7165,12.8313,50.0,1,1,normal,0
IC_2567,LOT_B,W16,9.5408,10.391,11.3056,11.5115,2.2302,2.305,10.9665,11.0068,50.0,1,1,normal,0
IC_2568,LOT_D,W17,8.3628,9.339,9.8642,10.1087,2.1124,2.186,11.1751,11.257,50.0,1,1,normal,0
IC_2569,LOT_C,W12,10.0777,11.0121,12.5778,13.7271,2.0836,2.1474,11.0989,10.9881,50.0,1,1,normal,0
IC_2570,LOT_C,W02,14.1701,14.7946,15.505,16.1824,2.4924,2.541,10.9461,11.074,50.0,1,1,normal,0
IC_2571,LOT_A,W03,7.7352,8.878,9.953,10.3759,1.8498,1.9131,11.381,11.5796,50.0,1,1,normal,0
IC_2572,LOT_C,W15,12.5785,14.0293,15.5572,17.1553,2.1092,2.1758,12.0518,12.2441,50.0,1,1,normal,0
IC_2573,LOT_C,W09,11.0521,17.3825,51.8556,99.3999,2.4787,2.8567,12.5103,13.2901,50.0,1,1,early_drifter,1
IC_2574,LOT_F,W20,10.352,11.6083,12.9464,13.7937,1.8792,1.9808,13.8831,14.018,50.0,1,1,normal,0
IC_2575,LOT_B,W02,9.4532,11.1384,12.4189,13.0912,2.742,2.8531,12.7721,12.9527,50.0,1,1,normal,0
IC_2576,LOT_B,W20,10.1514,10.5271,11.1915,12.1347,2.7398,2.7606,9.842,9.9523,50.0,1,1,normal,0
IC_2577,LOT_B,W01,9.2889,10.6215,12.4563,13.8902,2.3089,2.367,10.9418,11.1198,50.0,1,1,normal,0
IC_2578,LOT_D,W02,11.9975,13.4079,15.116,15.7076,2.7437,2.8134,12.2828,12.247,50.0,1,1,normal,0
IC_2579,LOT_F,W07,11.9596,12.5262,13.4042,13.6695,2.2204,2.2479,13.363,13.4176,50.0,1,1,normal,0
IC_2580,LOT_A,W23,9.0915,10.5193,11.8879,11.8229,3.0359,3.0985,11.291,11.3253,50.0,1,1,normal,0
IC_2581,LOT_D,W08,9.0008,10.5169,12.054,12.5597,2.528,2.615,12.6041,12.7766,50.0,1,1,normal,0
IC_2582,LOT_E,W13,11.4872,12.7325,14.675,15.4139,2.2307,2.2327,13.6643,13.8879,50.0,1,1,normal,0
IC_2583,LOT_A,W01,9.9451,13.0388,30.1779,54.3591,2.8674,3.0377,11.6887,12.1345,50.0,1,1,early_drifter,1
IC_2584,LOT_C,W18,11.0224,11.8758,12.9745,12.8533,2.3303,2.3199,11.3952,11.5496,50.0,1,1,normal,0
IC_2585,LOT_F,W13,10.3244,11.4321,12.4194,13.237,2.71,2.7797,12.2623,12.3236,50.0,1,1,normal,0
IC_2586,LOT_C,W21,9.7598,10.5373,11.5546,12.9278,1.9794,1.9912,12.0182,12.0843,50.0,1,1,normal,0
IC_2587,LOT_F,W11,12.0368,13.0937,14.2161,15.1676,2.2989,2.3476,13.0639,13.2015,50.0,1,1,normal,0
IC_2588,LOT_A,W23,35.7732,37.6421,39.3459,40.0245,4.4364,4.5217,15.8507,16.1078,50.0,1,1,latent_distribution_outlier,1
IC_2589,LOT_E,W01,11.2253,12.8583,14.4779,14.7294,2.6088,2.7387,13.4842,13.6744,50.0,1,1,normal,0
IC_2590,LOT_C,W10,65.9212,69.256,78.5509,99.6168,6.3525,6.6104,20.5546,20.8901,50.0,0,0,gross_failure,1
IC_2591,LOT_D,W19,11.4472,13.0365,14.2403,15.0444,2.6217,2.6926,11.3373,11.6309,50.0,1,1,normal,0
IC_2592,LOT_C,W03,10.8222,11.8624,13.464,14.0981,2.1123,2.1663,10.0957,10.2058,50.0,1,1,normal,0
IC_2593,LOT_E,W01,8.9761,10.0006,11.5155,12.6313,1.927,1.9576,12.4037,12.4504,50.0,1,1,normal,0
IC_2594,LOT_F,W22,11.5434,12.269,12.4781,13.6304,2.314,2.3295,14.249,14.3602,50.0,1,1,normal,0
IC_2595,LOT_A,W14,10.067,11.4458,13.7055,14.407,2.7331,2.7629,10.5729,10.643,50.0,1,1,normal,0
IC_2596,LOT_B,W05,8.8074,9.9982,11.6395,11.8586,1.914,2.0218,11.5732,11.7243,50.0,1,1,normal,0
IC_2597,LOT_C,W05,10.8077,12.2544,13.7381,14.4018,1.8705,1.9585,12.6745,12.9487,50.0,1,1,normal,0
IC_2598,LOT_D,W11,9.588,10.9313,12.4651,13.0974,2.6555,2.7353,13.4741,13.5646,50.0,1,1,normal,0
IC_2599,LOT_D,W07,9.7023,11.3149,12.8138,13.7434,2.313,2.4353,11.0722,11.1775,50.0,1,1,normal,0
IC_2600,LOT_B,W09,68.6123,78.1943,96.9227,125.749,7.0493,7.6065,18.7723,19.9197,50.0,0,0,gross_failure,1
IC_2601,LOT_D,W15,9.5614,11.485,13.1012,14.3372,2.7377,2.8485,12.1875,12.3217,50.0,1,1,normal,0
IC_2602,LOT_C,W10,10.0664,11.2021,12.8949,13.0778,2.2807,2.3511,11.8764,12.1388,50.0,1,1,normal,0
IC_2603,LOT_A,W08,6.9208,8.3248,9.618,9.4744,1.861,1.9259,11.3863,11.6076,50.0,1,1,normal,0
IC_2604,LOT_D,W23,8.9423,10.7335,12.1226,12.9559,2.1685,2.2962,10.6733,10.8304,50.0,1,1,normal,0
IC_2605,LOT_C,W06,11.4217,12.3128,13.5912,13.9737,2.0448,2.1016,12.6875,12.8034,50.0,1,1,normal,0
IC_2606,LOT_E,W19,9.0154,10.8941,11.8832,13.3601,2.0337,2.1789,12.633,12.9647,50.0,1,1,normal,0
IC_2607,LOT_A,W16,7.8597,9.0977,10.5068,10.4551,2.3887,2.4595,11.2117,11.3681,50.0,1,1,normal,0
IC_2608,LOT_C,W19,11.3856,13.1653,14.6431,15.9632,2.1785,2.3046,10.9794,11.0651,50.0,1,1,normal,0
IC_2609,LOT_E,W01,43.7027,45.5213,48.0489,49.3615,4.615,4.6856,17.0568,17.3029,50.0,1,1,latent_distribution_outlier,1
IC_2610,LOT_D,W01,9.2476,10.7728,12.4982,13.8422,2.3865,2.4709,12.2786,12.4099,50.0,1,1,normal,0
IC_2611,LOT_E,W24,11.0326,11.8932,12.706,13.0976,2.0033,2.0469,13.4736,13.5846,50.0,1,1,normal,0
IC_2612,LOT_B,W06,11.7614,13.166,14.8662,14.943,2.4768,2.5834,10.923,11.0726,50.0,1,1,normal,0
IC_2613,LOT_D,W13,10.656,11.9101,13.8388,14.6842,2.6757,2.687,11.4866,11.558,50.0,1,1,normal,0
IC_2614,LOT_D,W01,8.1713,9.6706,11.066,12.7197,2.3919,2.418,10.2418,10.3397,50.0,1,1,normal,0
IC_2615,LOT_F,W20,9.7162,11.148,13.0651,14.2843,2.219,2.2126,13.2317,13.1953,50.0,1,1,normal,0
IC_2616,LOT_A,W01,56.6049,64.2802,75.5396,103.8322,5.9813,6.3775,18.2542,19.1703,50.0,0,0,gross_failure,1
IC_2617,LOT_D,W06,8.674,9.6114,10.1867,11.0636,2.2855,2.3128,11.341,11.5514,50.0,1,1,normal,0
IC_2618,LOT_E,W14,10.037,11.8725,13.255,14.0508,2.5975,2.7317,12.4675,12.606,50.0,1,1,normal,0
IC_2619,LOT_C,W16,11.6745,14.7671,32.9655,55.5341,2.5888,2.7117,11.9993,12.4584,50.0,1,1,early_drifter,1
IC_2620,LOT_A,W01,8.7808,9.7212,11.0623,11.5287,2.3591,2.4029,10.8653,11.1835,50.0,1,1,normal,0
IC_2621,LOT_D,W05,8.3993,9.7615,10.8633,11.5258,2.5975,2.6538,10.8797,10.9836,50.0,1,1,normal,0
IC_2622,LOT_A,W11,9.8892,10.9112,12.0237,13.5001,2.2841,2.3704,10.9301,11.0371,50.0,1,1,normal,0
IC_2623,LOT_E,W15,11.2138,11.9676,13.3779,13.6233,2.1502,2.2097,12.6034,12.6055,50.0,1,1,normal,0
IC_2624,LOT_E,W19,9.4818,11.0596,12.4454,13.682,2.0247,2.1836,12.1782,12.4876,50.0,1,1,normal,0
IC_2625,LOT_C,W15,45.7737,48.1517,49.6225,50.149,5.1519,5.292,16.3676,16.6386,50.0,1,1,latent_distribution_outlier,1
IC_2626,LOT_A,W03,8.572,9.9437,11.2691,12.1402,2.3177,2.4008,10.3979,10.4576,50.0,1,1,normal,0
IC_2627,LOT_E,W24,12.5369,13.8069,14.9947,15.615,2.4162,2.5347,13.3725,13.4807,50.0,1,1,normal,0
IC_2628,LOT_C,W22,12.7251,13.884,14.8333,15.8093,2.1069,2.1709,12.7854,12.8868,50.0,1,1,normal,0
IC_2629,LOT_F,W23,11.0845,11.8412,13.162,13.7309,2.2819,2.3297,13.6883,13.5647,50.0,1,1,normal,0
IC_2630,LOT_F,W16,13.7178,15.3414,16.6873,18.3522,2.5682,2.6231,13.2042,13.4911,50.0,1,1,normal,0
IC_2631,LOT_E,W04,10.7293,11.5344,12.7314,13.6867,2.5216,2.5922,12.6325,12.7405,50.0,1,1,normal,0
IC_2632,LOT_A,W23,7.934,8.9333,10.4918,10.91,2.4111,2.4395,10.5421,10.6217,50.0,1,1,normal,0
IC_2633,LOT_F,W14,11.3805,12.4363,13.0663,13.4587,1.5727,1.6275,12.22,12.3995,50.0,1,1,normal,0
IC_2634,LOT_C,W20,9.816,10.9657,12.3671,13.0343,2.1767,2.2541,11.4126,11.6736,50.0,1,1,normal,0
IC_2635,LOT_D,W10,11.8031,13.5729,15.1408,16.681,2.6451,2.7579,12.6011,12.8372,50.0,1,1,normal,0
IC_2636,LOT_D,W07,10.6008,11.7236,12.6432,13.9409,2.28,2.3736,11.684,11.7934,50.0,1,1,normal,0
IC_2637,LOT_C,W04,9.964,11.3534,12.2893,12.9691,2.086,2.1642,11.002,11.1464,50.0,1,1,normal,0
IC_2638,LOT_A,W10,69.3887,78.1502,84.4276,105.0507,6.761,7.3067,19.5437,20.781,50.0,0,0,gross_failure,1
IC_2639,LOT_E,W19,8.6159,9.9427,11.1331,11.5527,2.0411,2.1573,12.5382,12.5737,50.0,1,1,normal,0
IC_2640,LOT_A,W06,8.8141,9.7062,10.6654,11.0751,2.7585,2.8499,10.8522,11.0627,50.0,1,1,normal,0
IC_2641,LOT_B,W20,6.4468,7.9631,9.5126,10.9947,2.0846,2.2062,10.3483,10.6436,50.0,1,1,normal,0
IC_2642,LOT_B,W08,8.5854,9.5011,10.5622,12.1767,2.2498,2.2891,12.6511,12.5884,50.0,1,1,normal,0
IC_2643,LOT_D,W22,11.3336,12.4055,12.8286,14.7167,2.6332,2.7177,12.7021,12.8561,50.0,1,1,normal,0
IC_2644,LOT_F,W06,10.3448,11.1292,12.0997,12.9686,1.923,1.9896,14.3507,14.4526,50.0,1,1,normal,0
IC_2645,LOT_D,W01,9.6801,10.6604,11.7967,12.1031,2.3891,2.4668,12.2858,12.4768,50.0,1,1,normal,0
IC_2646,LOT_B,W21,9.4737,10.1909,10.931,12.1365,2.9899,3.0051,11.6424,11.7961,50.0,1,1,normal,0
IC_2647,LOT_F,W15,11.0561,12.6699,14.1588,15.3599,2.437,2.515,13.743,14.0201,50.0,1,1,normal,0
IC_2648,LOT_D,W07,9.1053,10.725,11.8332,13.5556,2.3671,2.4283,11.1802,11.3797,50.0,1,1,normal,0
IC_2649,LOT_F,W02,12.3636,13.261,14.1881,13.7488,2.3661,2.4176,15.1968,15.4526,50.0,1,1,normal,0
IC_2650,LOT_F,W23,9.7803,10.6489,12.3767,12.6103,2.0598,2.082,13.0481,12.9773,50.0,1,1,normal,0
IC_2651,LOT_D,W16,7.9156,9.3492,10.8027,11.5907,2.1036,2.2144,11.216,11.426,50.0,1,1,normal,0
IC_2652,LOT_A,W05,12.3536,13.67,14.9707,15.8483,2.9269,2.9869,11.39,11.5838,50.0,1,1,normal,0
IC_2653,LOT_B,W19,8.6539,9.6471,11.1474,11.8284,2.6041,2.6529,12.039,12.1926,50.0,1,1,normal,0
IC_2654,LOT_E,W16,10.0664,11.067,11.5439,11.8426,2.3193,2.3279,11.9038,11.9631,50.0,1,1,normal,0
IC_2655,LOT_B,W11,8.5709,10.1536,11.7379,12.3847,2.4713,2.6109,11.8072,12.0615,50.0,1,1,normal,0
IC_2656,LOT_A,W09,11.1876,12.6431,14.3504,14.9644,2.4383,2.5399,11.496,11.6178,50.0,1,1,normal,0
IC_2657,LOT_A,W06,8.6643,10.0111,11.1762,12.1393,2.6997,2.7814,11.121,11.2975,50.0,1,1,normal,0
IC_2658,LOT_B,W20,7.2098,8.1176,9.7157,10.601,2.7536,2.7792,11.4074,11.6865,50.0,1,1,normal,0
IC_2659,LOT_F,W22,10.4818,11.7474,13.0419,13.7949,2.086,2.1046,12.4251,12.5364,50.0,1,1,normal,0
IC_2660,LOT_F,W06,9.3683,12.7346,30.6011,54.0528,1.9662,2.1431,11.7428,12.1387,50.0,1,1,early_drifter,1
IC_2661,LOT_D,W06,8.0528,9.3905,10.2135,10.4933,2.1621,2.2186,11.1823,11.5107,50.0,1,1,normal,0
IC_2662,LOT_F,W19,10.4946,11.7561,13.3822,14.1834,1.7946,1.8119,13.8389,14.1414,50.0,1,1,normal,0
IC_2663,LOT_B,W02,6.2509,7.4891,8.4841,9.8993,2.399,2.4961,10.9197,11.0877,50.0,1,1,normal,0
IC_2664,LOT_C,W19,11.4004,12.2009,13.4938,14.0615,2.4758,2.5417,10.1601,10.2855,50.0,1,1,normal,0
IC_2665,LOT_C,W02,11.6806,13.3691,14.5177,15.5551,2.3542,2.4586,12.575,12.9109,50.0,1,1,normal,0
IC_2666,LOT_A,W10,8.5178,13.9215,46.5568,88.1319,2.5534,2.8753,10.3893,10.8768,50.0,1,1,early_drifter,1
IC_2667,LOT_E,W14,10.8288,11.4837,12.4151,12.2264,2.4217,2.4589,12.2079,12.1216,50.0,1,1,normal,0
IC_2668,LOT_F,W04,9.6877,11.2393,12.4234,13.1669,1.9047,1.9654,13.2368,13.358,50.0,1,1,normal,0
IC_2669,LOT_C,W23,10.5783,11.5259,11.9414,13.9297,1.6476,1.7187,11.7399,11.9227,50.0,1,1,normal,0
IC_2670,LOT_E,W16,7.9323,9.1529,11.0068,11.2132,2.0601,2.1395,12.1515,12.1017,50.0,1,1,normal,0
IC_2671,LOT_D,W04,8.7709,10.076,11.1881,11.4984,1.8797,1.9809,12.3427,12.5841,50.0,1,1,normal,0
IC_2672,LOT_B,W20,8.7909,9.7878,10.8588,11.0943,2.8413,2.9053,10.1707,10.2908,50.0,1,1,normal,0
IC_2673,LOT_F,W17,13.0181,14.396,15.7933,16.9926,2.5081,2.5681,12.0061,12.0724,50.0,1,1,normal,0
IC_2674,LOT_F,W11,11.6949,13.1944,14.9547,15.7192,2.3266,2.4158,14.4979,14.6957,50.0,1,1,normal,0
IC_2675,LOT_D,W15,11.3406,12.6628,14.3257,14.7322,2.4979,2.595,10.7521,10.9559,50.0,1,1,normal,0
IC_2676,LOT_D,W04,11.8749,13.2463,14.655,15.4112,2.546,2.6135,11.8803,12.065,50.0,1,1,normal,0
IC_2677,LOT_F,W20,10.7473,12.1458,13.6613,14.7947,2.4271,2.4706,13.2543,13.2578,50.0,1,1,normal,0
IC_2678,LOT_C,W24,11.4202,12.0759,13.0745,14.1636,1.9252,1.978,12.2328,12.2927,50.0,1,1,normal,0
IC_2679,LOT_F,W13,13.0865,14.2528,15.5557,15.5836,2.5408,2.6124,13.1459,13.5446,50.0,1,1,normal,0
IC_2680,LOT_B,W11,6.8275,8.6947,9.9501,11.4447,1.9271,2.0522,9.3927,9.7538,50.0,1,1,normal,0
IC_2681,LOT_A,W15,6.8417,7.606,8.9603,9.2623,2.6109,2.6222,11.7888,11.9797,50.0,1,1,normal,0
IC_2682,LOT_C,W13,12.4472,13.5638,14.4332,15.0077,2.3337,2.4314,11.5802,11.5999,50.0,1,1,normal,0
IC_2683,LOT_B,W10,9.8006,10.5931,11.7431,12.5583,2.8071,2.8391,12.3433,12.4226,50.0,1,1,normal,0
IC_2684,LOT_B,W04,9.2329,11.1452,12.3137,14.28,2.7366,2.8466,12.3436,12.5829,50.0,1,1,normal,0
IC_2685,LOT_B,W16,9.1877,10.6911,11.9144,13.0379,2.3758,2.4599,11.0283,11.0572,50.0,1,1,normal,0
IC_2686,LOT_F,W15,11.037,12.4064,13.7141,15.312,2.188,2.2397,10.531,10.7723,50.0,1,1,normal,0
IC_2687,LOT_A,W10,7.505,9.1599,10.3865,11.4539,2.4274,2.5164,11.7695,12.0308,50.0,1,1,normal,0
IC_2688,LOT_E,W24,11.2466,12.4395,13.347,13.7499,1.9513,2.0255,12.6409,12.7076,50.0,1,1,normal,0
IC_2689,LOT_D,W09,9.1778,10.1953,11.0246,11.943,2.447,2.4833,10.8157,10.9265,50.0,1,1,normal,0
IC_2690,LOT_E,W16,12.7907,14.1368,15.5159,15.7483,2.4135,2.4877,13.4702,13.6349,50.0,1,1,normal,0
IC_2691,LOT_C,W20,12.3761,16.1483,36.8904,66.3494,2.4526,2.6635,12.3626,12.8657,50.0,1,1,early_drifter,1
IC_2692,LOT_D,W01,7.9722,8.7983,10.0885,11.0493,2.2129,2.299,10.4981,10.7004,50.0,1,1,normal,0
IC_2693,LOT_B,W03,8.027,9.2571,10.3535,11.1056,2.3251,2.4071,12.0305,12.0078,50.0,1,1,normal,0
IC_2694,LOT_B,W06,38.8104,39.7998,42.1307,42.9342,4.8319,4.8869,15.7844,16.0137,50.0,1,1,latent_distribution_outlier,1
IC_2695,LOT_E,W12,11.406,12.7683,14.0414,14.5899,2.086,2.1463,13.0212,13.1567,50.0,1,1,normal,0
IC_2696,LOT_C,W14,9.7889,11.1049,12.7321,13.661,2.2667,2.3783,10.7226,10.7737,50.0,1,1,normal,0
IC_2697,LOT_F,W18,11.9324,12.8643,13.8235,14.8014,2.2743,2.2786,14.4723,14.586,50.0,1,1,normal,0
IC_2698,LOT_C,W11,11.66,13.3579,15.46,16.4366,2.2152,2.3356,11.5417,11.8781,50.0,1,1,normal,0
IC_2699,LOT_D,W16,11.7435,16.6632,43.8436,78.9859,2.515,2.8283,11.9977,12.6832,50.0,1,1,early_drifter,1
IC_2700,LOT_E,W02,11.869,13.1031,14.4773,14.8993,2.4422,2.5113,12.3465,12.4936,50.0,1,1,normal,0
IC_2701,LOT_E,W21,32.16,34.1411,36.0702,36.3528,3.8686,3.905,15.8325,16.1482,50.0,1,1,latent_distribution_outlier,1
IC_2702,LOT_A,W20,9.604,10.7807,12.3459,12.3592,2.3678,2.4239,11.276,11.4374,50.0,1,1,normal,0
IC_2703,LOT_F,W07,11.8362,13.179,14.5016,15.4768,2.3155,2.4179,13.2925,13.2448,50.0,1,1,normal,0
IC_2704,LOT_A,W24,8.5153,9.8577,11.5132,11.8069,2.0824,2.1868,11.6363,11.5666,50.0,1,1,normal,0
IC_2705,LOT_B,W14,8.2595,9.6572,10.6583,10.9337,2.6047,2.6279,10.8773,11.0726,50.0,1,1,normal,0
IC_2706,LOT_C,W11,13.2961,19.0768,52.4769,97.9202,2.0226,2.3827,12.7667,13.5079,50.0,1,1,early_drifter,1
IC_2707,LOT_A,W12,10.8917,12.0941,12.8494,13.2114,2.7668,2.8038,11.8282,11.9623,50.0,1,1,normal,0
IC_2708,LOT_E,W11,9.6188,11.2529,12.3475,13.6177,2.217,2.3157,12.6718,12.8623,50.0,1,1,normal,0
IC_2709,LOT_F,W16,10.8055,11.9523,13.0612,13.9606,2.3973,2.4701,14.2572,14.4285,50.0,1,1,normal,0
IC_2710,LOT_F,W06,12.039,13.6791,15.5941,15.8977,2.3765,2.4725,13.1395,13.2746,50.0,1,1,normal,0
IC_2711,LOT_C,W08,37.423,38.8339,39.5202,39.4045,4.3762,4.4382,14.8017,14.8507,50.0,1,1,latent_distribution_outlier,1
IC_2712,LOT_D,W10,11.0883,11.9941,13.2379,13.4072,2.4003,2.5169,11.7571,11.7676,50.0,1,1,normal,0
IC_2713,LOT_D,W04,10.8692,12.1311,13.3861,14.599,2.5164,2.604,12.4175,12.4976,50.0,1,1,normal,0
IC_2714,LOT_E,W14,9.2793,10.507,11.7621,11.765,2.1424,2.1877,12.2759,12.4132,50.0,1,1,normal,0
IC_2715,LOT_F,W04,8.5756,9.4678,10.5119,11.6663,1.6261,1.624,12.8156,12.8567,50.0,1,1,normal,0
IC_2716,LOT_F,W15,10.388,11.438,12.6527,13.4038,2.2537,2.3126,13.3447,13.5148,50.0,1,1,normal,0
IC_2717,LOT_D,W18,11.1109,12.009,12.8505,13.893,2.3863,2.3933,10.6884,10.7016,50.0,1,1,normal,0
IC_2718,LOT_E,W14,11.5114,12.5179,13.0372,14.0605,2.3674,2.4391,12.14,12.3579,50.0,1,1,normal,0
IC_2719,LOT_F,W19,11.9897,13.4916,14.7981,14.8457,2.281,2.378,13.4742,13.7234,50.0,1,1,normal,0
IC_2720,LOT_A,W14,6.4333,7.3117,7.7402,9.0015,2.2416,2.2254,10.9998,11.1672,50.0,1,1,normal,0
IC_2721,LOT_C,W20,10.7682,12.3709,13.6573,15.1253,2.0223,2.1501,11.2646,11.3797,50.0,1,1,normal,0
IC_2722,LOT_D,W18,9.2795,10.5665,11.4922,12.5638,2.4618,2.5338,11.5844,11.7385,50.0,1,1,normal,0
IC_2723,LOT_E,W12,5.7996,6.2699,7.4203,8.467,1.9754,2.0164,12.0344,12.0281,50.0,1,1,normal,0
IC_2724,LOT_D,W08,41.4223,42.1719,42.8323,43.2388,4.9656,4.9621,17.0706,17.1236,50.0,1,1,latent_distribution_outlier,1
IC_2725,LOT_D,W10,10.832,14.5392,37.4379,69.1685,2.4722,2.6853,11.5173,11.9313,50.0,1,1,early_drifter,1
IC_2726,LOT_F,W11,10.3366,11.539,12.3715,13.3527,1.8936,1.9478,13.0193,13.1366,50.0,1,1,normal,0
IC_2727,LOT_A,W03,11.028,12.1289,12.8205,13.7997,3.0003,3.0531,10.5502,10.669,50.0,1,1,normal,0
IC_2728,LOT_A,W07,13.6895,15.4035,16.5832,18.1888,2.8125,2.9491,12.3909,12.587,50.0,1,1,normal,0
IC_2729,LOT_F,W10,9.5595,10.7471,12.0249,11.6907,2.1446,2.2411,14.2702,14.5772,50.0,1,1,normal,0
IC_2730,LOT_A,W15,10.9043,11.8433,11.9184,12.9618,2.6404,2.7417,11.267,11.4466,50.0,1,1,normal,0
IC_2731,LOT_C,W20,12.1753,13.2236,14.6918,15.4922,2.0202,2.0531,13.1825,13.2883,50.0,1,1,normal,0
IC_2732,LOT_F,W09,10.9702,12.6403,13.5114,14.5279,1.7259,1.8574,13.0579,13.392,50.0,1,1,normal,0
IC_2733,LOT_D,W06,9.614,10.6723,11.5581,12.132,2.0776,2.167,11.1393,11.1757,50.0,1,1,normal,0
IC_2734,LOT_A,W17,7.9445,9.3707,10.6451,11.7315,2.5248,2.5922,10.7056,10.8045,50.0,1,1,normal,0
IC_2735,LOT_A,W08,8.6532,9.6386,10.9653,11.7869,2.4222,2.4751,9.5626,9.6357,50.0,1,1,normal,0
IC_2736,LOT_D,W16,9.1269,10.4505,11.4109,12.0878,2.3598,2.4051,11.0599,11.158,50.0,1,1,normal,0
IC_2737,LOT_C,W16,11.0955,12.9701,14.1974,15.3331,2.3522,2.4854,12.1553,12.4595,50.0,1,1,normal,0
IC_2738,LOT_D,W19,10.8052,11.956,13.802,13.4035,2.8316,2.9195,11.8485,11.912,50.0,1,1,normal,0
IC_2739,LOT_D,W05,9.6326,10.7522,12.1292,12.9414,2.249,2.3527,11.9921,12.0242,50.0,1,1,normal,0
IC_2740,LOT_E,W20,9.9773,11.1404,11.365,11.5696,1.876,1.973,12.9315,13.0553,50.0,1,1,normal,0
IC_2741,LOT_E,W15,9.3765,10.1347,10.8628,11.4961,2.5344,2.6483,12.5018,12.6458,50.0,1,1,normal,0
IC_2742,LOT_A,W11,7.3683,8.6882,9.7228,10.7803,2.314,2.435,10.0459,10.1877,50.0,1,1,normal,0
IC_2743,LOT_D,W17,9.5026,10.9819,12.9365,14.3427,2.7191,2.8252,11.0028,11.1735,50.0,1,1,normal,0
IC_2744,LOT_E,W07,10.8222,11.9379,12.8239,14.1315,2.0797,2.067,12.44,12.6296,50.0,1,1,normal,0
IC_2745,LOT_E,W18,10.0864,11.0988,12.0478,12.7318,2.6208,2.7002,11.4877,11.4278,50.0,1,1,normal,0
IC_2746,LOT_E,W07,9.0656,10.6097,12.0821,13.6353,2.598,2.6654,12.1914,12.2637,50.0,1,1,normal,0
IC_2747,LOT_F,W17,10.6911,11.2587,12.0731,13.842,1.8433,1.915,13.5288,13.5907,50.0,1,1,normal,0
IC_2748,LOT_A,W21,7.1663,8.8391,10.5035,10.9572,2.2901,2.3979,10.1727,10.35,50.0,1,1,normal,0
IC_2749,LOT_C,W06,12.9718,13.8996,14.554,15.1184,2.4237,2.5074,12.5008,12.5949,50.0,1,1,normal,0
IC_2750,LOT_F,W09,9.6201,10.515,11.5461,11.9362,2.067,2.1398,12.5895,12.8645,50.0,1,1,normal,0
IC_2751,LOT_E,W21,8.4111,9.5584,11.2644,11.3737,2.5275,2.6115,12.5825,12.8894,50.0,1,1,normal,0
IC_2752,LOT_A,W19,9.374,11.0031,12.2763,13.1234,2.6059,2.7358,11.5611,11.516,50.0,1,1,normal,0
IC_2753,LOT_C,W09,73.0034,81.9868,99.1033,122.1488,7.3067,7.8308,22.3322,23.2996,50.0,0,0,gross_failure,1
IC_2754,LOT_D,W07,8.6317,14.8864,49.7168,97.0839,2.2706,2.6223,10.6785,11.4833,50.0,1,1,early_drifter,1
IC_2755,LOT_A,W02,12.2591,13.2906,14.1888,15.385,2.6079,2.6459,11.7998,12.0968,50.0,1,1,normal,0
IC_2756,LOT_F,W04,10.3464,11.4131,12.3042,13.5598,2.6268,2.7067,13.5705,13.483,50.0,1,1,normal,0
IC_2757,LOT_B,W14,8.0026,9.3436,10.7749,11.7899,2.2409,2.3041,12.3772,12.4579,50.0,1,1,normal,0
IC_2758,LOT_C,W09,10.2482,11.5886,13.7325,13.9232,2.0626,2.1643,11.2826,11.3828,50.0,1,1,normal,0
IC_2759,LOT_C,W18,11.1988,12.6383,14.1705,14.4078,2.2896,2.3729,10.7067,10.9454,50.0,1,1,normal,0
IC_2760,LOT_F,W23,10.6696,12.0087,13.4504,14.2987,2.6587,2.7477,12.6993,12.799,50.0,1,1,normal,0
IC_2761,LOT_E,W14,7.6774,9.0144,10.6165,10.6806,2.076,2.1557,11.9697,12.2409,50.0,1,1,normal,0
IC_2762,LOT_C,W02,10.1664,11.1838,11.9535,12.4529,2.0184,2.0983,11.0087,11.1381,50.0,1,1,normal,0
IC_2763,LOT_F,W02,10.6872,11.7483,12.2872,12.9392,2.3949,2.4995,14.3994,14.4918,50.0,1,1,normal,0
IC_2764,LOT_B,W15,38.6623,40.0222,41.3758,42.1576,5.347,5.4352,14.487,14.7269,50.0,1,1,latent_distribution_outlier,1
IC_2765,LOT_C,W05,9.6749,10.4409,10.9997,12.2248,1.9535,1.9597,12.1966,12.3253,50.0,1,1,normal,0
IC_2766,LOT_D,W24,10.7167,11.7699,12.8837,13.0146,2.8545,2.9326,12.0526,12.0702,50.0,1,1,normal,0
IC_2767,LOT_E,W24,9.7829,10.5682,11.804,12.0698,2.1855,2.3025,12.2753,12.3165,50.0,1,1,normal,0
IC_2768,LOT_A,W16,6.6292,7.5103,8.1897,9.6081,2.1647,2.2617,11.4485,11.517,50.0,1,1,normal,0
IC_2769,LOT_A,W03,7.9191,9.0127,9.6155,10.0282,2.5947,2.6779,10.898,11.0172,50.0,1,1,normal,0
IC_2770,LOT_B,W22,8.7062,9.8139,10.6953,11.3881,2.298,2.3641,8.7726,8.8317,50.0,1,1,normal,0
IC_2771,LOT_A,W08,8.468,10.372,11.6704,12.7936,2.2747,2.3337,11.1581,11.3549,50.0,1,1,normal,0
IC_2772,LOT_F,W21,10.7109,11.6559,12.7489,14.0663,2.0656,2.0935,13.0761,13.2975,50.0,1,1,normal,0
IC_2773,LOT_C,W10,9.961,16.2462,47.5346,89.2604,1.7228,2.0905,11.0995,11.7462,50.0,1,1,early_drifter,1
IC_2774,LOT_E,W18,13.5966,15.3408,16.6194,18.0821,2.5017,2.607,13.2035,13.5462,50.0,1,1,normal,0
IC_2775,LOT_D,W02,8.8499,10.2926,11.2547,12.1767,1.9754,2.0804,11.6497,11.7972,50.0,1,1,normal,0
IC_2776,LOT_C,W19,11.1809,12.1311,12.9172,13.3104,1.8977,1.944,12.1108,11.9021,50.0,1,1,normal,0
IC_2777,LOT_D,W11,10.1093,11.6311,13.0882,13.4977,2.4002,2.4695,12.3587,12.5812,50.0,1,1,normal,0
IC_2778,LOT_B,W06,10.5415,11.6608,13.3296,13.35,2.5605,2.5911,11.5185,11.7406,50.0,1,1,normal,0
IC_2779,LOT_F,W03,13.084,14.2827,15.439,16.1927,2.0921,2.2064,13.2538,13.3521,50.0,1,1,normal,0
IC_2780,LOT_B,W10,8.8928,10.1144,11.4319,12.171,2.7278,2.8085,11.0814,11.2916,50.0,1,1,normal,0
IC_2781,LOT_B,W08,8.7017,9.8272,10.9327,11.5495,2.307,2.4305,12.0798,12.1729,50.0,1,1,normal,0
IC_2782,LOT_D,W23,11.1872,12.974,14.3465,15.2617,2.3612,2.4478,11.2234,11.3125,50.0,1,1,normal,0
IC_2783,LOT_E,W22,36.5964,38.9428,41.3397,40.62,4.3647,4.5115,17.3181,17.5137,50.0,1,1,latent_distribution_outlier,1
IC_2784,LOT_D,W02,8.9239,10.0366,10.9709,12.0445,2.1143,2.16,11.7223,12.0702,50.0,1,1,normal,0
IC_2785,LOT_F,W12,12.9564,14.2253,15.1236,16.3225,1.9359,1.9913,14.354,14.3033,50.0,1,1,normal,0
IC_2786,LOT_A,W14,11.7823,13.0931,14.7677,15.4235,2.5149,2.5903,11.894,12.1061,50.0,1,1,normal,0
IC_2787,LOT_A,W03,9.5148,10.3272,11.3449,11.5952,2.3932,2.4415,11.6253,11.4098,50.0,1,1,normal,0
IC_2788,LOT_C,W10,38.2824,40.277,42.0869,43.8208,4.2749,4.43,16.0652,16.3654,50.0,1,1,latent_distribution_outlier,1
IC_2789,LOT_F,W17,10.5204,11.4537,13.0904,13.3402,2.3627,2.4255,13.054,13.1245,50.0,1,1,normal,0
IC_2790,LOT_A,W22,8.7877,10.0554,11.4674,12.1939,2.4913,2.5388,11.3405,11.6266,50.0,1,1,normal,0
IC_2791,LOT_E,W02,9.2125,10.0824,11.251,12.1821,2.2429,2.2556,12.981,13.0427,50.0,1,1,normal,0
IC_2792,LOT_F,W14,11.5622,12.7852,14.2919,15.4365,2.5921,2.6732,13.5486,13.6309,50.0,1,1,normal,0
IC_2793,LOT_C,W08,12.6177,13.6455,15.0684,15.4178,2.3265,2.359,12.0647,12.0687,50.0,1,1,normal,0
IC_2794,LOT_D,W05,11.2647,12.7255,14.1923,15.363,2.361,2.4084,11.1629,11.3103,50.0,1,1,normal,0
IC_2795,LOT_D,W02,9.9703,11.5928,13.0833,14.522,2.5421,2.6359,12.3729,12.4259,50.0,1,1,normal,0
IC_2796,LOT_C,W10,10.2672,11.931,12.8923,14.0708,2.1695,2.254,10.0121,10.2671,50.0,1,1,normal,0
IC_2797,LOT_D,W24,9.1262,9.8183,10.635,10.719,2.4147,2.4649,11.2879,11.3073,50.0,1,1,normal,0
IC_2798,LOT_E,W09,10.5363,11.2994,11.9035,12.2528,2.192,2.2718,12.0425,12.2283,50.0,1,1,normal,0
IC_2799,LOT_B,W13,12.3586,13.2802,13.9804,14.1009,2.7572,2.8312,12.7867,12.9602,50.0,1,1,normal,0
IC_2800,LOT_B,W18,9.8777,10.9063,11.5485,12.3864,2.5042,2.5943,12.0693,12.2761,50.0,1,1,normal,0
IC_2801,LOT_F,W14,10.3603,11.1252,12.0608,12.2341,1.6688,1.7415,13.7165,13.7901,50.0,1,1,normal,0
IC_2802,LOT_D,W10,9.978,10.9006,11.678,11.5784,2.4347,2.4653,11.9583,11.999,50.0,1,1,normal,0
IC_2803,LOT_A,W21,7.8196,9.6253,11.2057,11.7374,2.5263,2.6463,12.5503,12.9678,50.0,1,1,normal,0
IC_2804,LOT_B,W13,65.1033,72.4608,79.2715,107.7214,6.8733,7.349,18.1825,19.0045,50.0,0,0,gross_failure,1
IC_2805,LOT_C,W18,12.5778,14.0889,16.143,17.6648,1.884,1.9902,11.551,11.6946,50.0,1,1,normal,0
IC_2806,LOT_B,W11,7.9624,8.9104,10.1316,10.8824,2.3098,2.3749,10.2043,10.3208,50.0,1,1,normal,0
IC_2807,LOT_F,W10,10.009,10.7792,11.5494,11.6328,1.9094,2.0118,11.5289,11.6381,50.0,1,1,normal,0
IC_2808,LOT_A,W06,9.0977,10.3076,11.6368,12.8695,2.1833,2.2611,12.3536,12.3338,50.0,1,1,normal,0
IC_2809,LOT_C,W13,11.1228,12.196,12.8186,13.6669,2.4122,2.4788,12.6722,12.7368,50.0,1,1,normal,0
IC_2810,LOT_D,W01,6.9447,8.6931,10.2206,11.4772,2.2382,2.3177,10.7869,11.316,50.0,1,1,normal,0
IC_2811,LOT_B,W13,36.897,38.2994,39.8379,40.1862,4.4921,4.5995,17.0486,17.1547,50.0,1,1,latent_distribution_outlier,1
IC_2812,LOT_B,W03,7.8656,10.8618,26.7005,51.2502,2.0717,2.2641,12.039,12.2392,50.0,1,1,early_drifter,1
IC_2813,LOT_A,W24,10.0853,10.9424,11.6379,12.8239,2.4778,2.563,10.8056,10.7911,50.0,1,1,normal,0
IC_2814,LOT_A,W19,40.5012,42.4766,45.1366,45.8982,5.4121,5.5066,14.8345,15.0833,50.0,1,1,latent_distribution_outlier,1
IC_2815,LOT_F,W19,8.67,10.4681,11.6716,13.1147,2.0108,2.0896,13.1753,13.3453,50.0,1,1,normal,0
IC_2816,LOT_B,W21,7.7351,11.3448,31.467,55.0523,2.2757,2.5091,9.3035,9.523,50.0,1,1,early_drifter,1
IC_2817,LOT_D,W03,8.9275,9.8353,11.1462,11.504,2.4722,2.5419,12.2201,12.3307,50.0,1,1,normal,0
IC_2818,LOT_C,W08,12.1009,13.809,15.2476,16.0733,2.1822,2.2392,12.6625,12.9786,50.0,1,1,normal,0
IC_2819,LOT_B,W04,8.4253,9.8198,11.1686,12.0119,1.9393,1.9964,11.4991,11.686,50.0,1,1,normal,0
IC_2820,LOT_C,W08,12.5815,13.033,13.7075,14.5169,2.8626,2.9434,12.3929,12.6796,50.0,1,1,normal,0
IC_2821,LOT_E,W12,80.5262,86.6899,96.3515,117.745,7.5291,7.9344,23.745,24.484,50.0,0,0,gross_failure,1
IC_2822,LOT_A,W23,12.7782,19.5317,53.8869,100.332,2.7682,3.2178,12.5111,13.5375,50.0,1,1,early_drifter,1
IC_2823,LOT_C,W21,11.046,14.2918,32.0681,54.8831,2.2057,2.4286,11.9779,12.3814,50.0,1,1,early_drifter,1
IC_2824,LOT_E,W13,10.9865,11.8992,12.7593,12.9679,2.5428,2.5843,13.6685,13.7124,50.0,1,1,normal,0
IC_2825,LOT_F,W08,12.0971,13.3131,14.8403,15.5611,2.7283,2.8142,13.36,13.4049,50.0,1,1,normal,0
IC_2826,LOT_D,W02,9.9812,10.6112,11.4931,12.1171,2.4466,2.5374,10.9394,10.9667,50.0,1,1,normal,0
IC_2827,LOT_E,W16,12.0911,13.0916,13.6778,13.9145,2.1203,2.1814,12.7279,12.92,50.0,1,1,normal,0
IC_2828,LOT_B,W07,7.7944,8.8099,9.6654,10.3408,1.717,1.7421,12.0356,12.2579,50.0,1,1,normal,0
IC_2829,LOT_A,W11,10.5757,11.6248,12.0842,12.5032,2.6675,2.7127,13.2759,13.2654,50.0,1,1,normal,0
IC_2830,LOT_F,W06,9.066,10.5467,11.904,12.2508,2.1131,2.1441,12.5895,12.6832,50.0,1,1,normal,0
IC_2831,LOT_F,W24,12.9231,13.9983,15.5688,16.1482,2.0454,2.1228,13.3506,13.5303,50.0,1,1,normal,0
IC_2832,LOT_D,W07,7.9175,9.4454,10.8837,12.5295,2.2918,2.3887,12.2076,12.1498,50.0,1,1,normal,0
IC_2833,LOT_C,W08,12.8119,14.5433,15.9359,16.1984,2.7306,2.8834,12.7764,13.0496,50.0,1,1,normal,0
IC_2834,LOT_F,W21,11.2414,12.541,13.1855,14.1116,2.0659,2.1312,13.3648,13.4958,50.0,1,1,normal,0
IC_2835,LOT_C,W14,10.544,12.1657,13.6646,15.0279,2.0602,2.1186,12.3125,12.4365,50.0,1,1,normal,0
IC_2836,LOT_E,W06,10.9934,11.8654,13.2526,13.8992,2.301,2.2851,12.2479,12.4606,50.0,1,1,normal,0
IC_2837,LOT_D,W01,8.9943,10.0055,10.9705,11.4649,2.4567,2.4959,12.8488,13.0014,50.0,1,1,normal,0
IC_2838,LOT_A,W14,10.2566,11.242,12.4394,12.2648,2.2195,2.2537,11.1081,11.2682,50.0,1,1,normal,0
IC_2839,LOT_C,W15,10.0401,11.7907,13.5235,14.1927,2.0003,2.1414,10.3112,10.4875,50.0,1,1,normal,0
IC_2840,LOT_D,W10,10.5564,11.9284,13.2213,14.1527,2.4717,2.5266,10.8852,10.9775,50.0,1,1,normal,0
IC_2841,LOT_B,W21,14.1357,15.7565,17.8294,17.844,2.81,2.9292,11.0172,11.1635,50.0,1,1,normal,0
IC_2842,LOT_D,W10,11.611,15.245,34.9971,63.0807,3.09,3.2962,12.0687,12.5701,50.0,1,1,early_drifter,1
IC_2843,LOT_C,W04,10.9028,12.9311,13.9883,15.0689,1.9429,2.0964,11.969,12.2058,50.0,1,1,normal,0
IC_2844,LOT_A,W12,8.307,9.9408,11.1853,12.3727,2.0691,2.1589,12.365,12.4412,50.0,1,1,normal,0
IC_2845,LOT_A,W12,9.1031,10.2134,11.8529,11.8053,2.2614,2.3322,11.4419,11.6753,50.0,1,1,normal,0
IC_2846,LOT_F,W03,9.1687,10.3562,11.3798,12.3747,2.1888,2.2386,13.8549,13.9556,50.0,1,1,normal,0
IC_2847,LOT_A,W19,9.7183,11.546,13.2625,13.966,2.7387,2.8589,11.9202,12.1245,50.0,1,1,normal,0
IC_2848,LOT_C,W07,10.9418,12.7335,14.4052,14.8855,1.9922,2.1279,10.9934,11.2888,50.0,1,1,normal,0
IC_2849,LOT_A,W15,10.4472,11.5617,12.7463,14.0064,2.4532,2.5054,11.3485,11.226,50.0,1,1,normal,0
IC_2850,LOT_A,W03,9.8327,10.37,11.2474,11.7124,2.5906,2.6043,11.2733,11.4158,50.0,1,1,normal,0
IC_2851,LOT_E,W12,8.3014,9.1532,10.91,10.9708,1.3955,1.429,12.1821,12.2899,50.0,1,1,normal,0
IC_2852,LOT_D,W01,8.0103,9.3686,10.3558,11.8285,2.5294,2.6195,11.1751,11.2723,50.0,1,1,normal,0
IC_2853,LOT_E,W11,11.5141,12.6967,13.9654,15.5497,2.6058,2.672,11.9962,12.09,50.0,1,1,normal,0
IC_2854,LOT_A,W12,9.1626,10.5254,11.8273,13.4558,2.4009,2.4246,10.0128,10.1063,50.0,1,1,normal,0
IC_2855,LOT_B,W04,7.0892,7.896,9.1467,10.3229,2.37,2.451,12.319,12.4193,50.0,1,1,normal,0
IC_2856,LOT_B,W19,8.5401,9.4879,11.3503,12.1814,2.5698,2.6359,10.764,10.8058,50.0,1,1,normal,0
IC_2857,LOT_A,W22,12.8485,13.4071,14.3057,14.7315,2.3646,2.3606,12.1245,12.27,50.0,1,1,normal,0
IC_2858,LOT_F,W11,11.5989,12.4927,12.8918,13.7272,1.9557,1.9768,13.1226,13.2691,50.0,1,1,normal,0
IC_2859,LOT_F,W03,11.5815,13.323,14.3737,16.3722,2.6357,2.737,14.0639,14.2198,50.0,1,1,normal,0
IC_2860,LOT_A,W20,62.8365,65.769,71.094,84.7867,6.862,7.0291,19.769,19.9773,50.0,0,0,gross_failure,1
IC_2861,LOT_B,W07,10.3189,11.1702,11.9396,12.5385,2.3476,2.4035,11.4185,11.4961,50.0,1,1,normal,0
IC_2862,LOT_B,W12,9.1432,10.4817,11.1376,12.5533,2.605,2.7043,11.4813,11.9105,50.0,1,1,normal,0
IC_2863,LOT_B,W04,6.8683,7.5349,8.9169,8.466,2.5742,2.6129,10.0607,10.1641,50.0,1,1,normal,0
IC_2864,LOT_B,W20,7.7269,8.2112,9.6725,10.2029,2.4202,2.4429,11.0586,11.4159,50.0,1,1,normal,0
IC_2865,LOT_B,W02,9.7894,10.88,12.2826,12.5515,2.2526,2.3284,11.5168,11.6796,50.0,1,1,normal,0
IC_2866,LOT_C,W20,12.2407,13.8754,14.9101,15.9985,2.2879,2.3788,12.4797,12.6715,50.0,1,1,normal,0
IC_2867,LOT_B,W22,84.3242,89.0002,98.365,111.2841,8.2312,8.4678,23.0725,23.7618,50.0,0,0,gross_failure,1
IC_2868,LOT_E,W22,10.4638,11.7808,13.1828,14.0433,2.3878,2.4723,12.711,12.724,50.0,1,1,normal,0
IC_2869,LOT_A,W18,7.3671,8.1737,9.1407,9.7286,2.7199,2.796,10.9487,11.0931,50.0,1,1,normal,0
IC_2870,LOT_E,W18,8.7401,9.8239,11.291,11.4473,2.1478,2.2345,11.9044,12.2175,50.0,1,1,normal,0
IC_2871,LOT_E,W07,9.6056,10.7275,12.4548,13.7188,2.116,2.1583,12.554,12.7432,50.0,1,1,normal,0
IC_2872,LOT_C,W08,12.3608,13.4749,15.0985,15.0838,1.9281,2.0075,10.4635,10.5723,50.0,1,1,normal,0
IC_2873,LOT_E,W07,9.2563,10.5585,11.5713,12.0536,1.9814,2.1152,12.6484,12.7652,50.0,1,1,normal,0
IC_2874,LOT_E,W01,10.1136,10.8673,11.6961,12.7608,2.1717,2.2072,12.2267,12.232,50.0,1,1,normal,0
IC_2875,LOT_E,W04,10.6289,12.0181,14.0665,14.4569,1.9928,2.1061,12.861,12.9572,50.0,1,1,normal,0
IC_2876,LOT_A,W09,9.4108,10.5727,12.4134,12.3622,2.2054,2.2778,11.7167,11.9527,50.0,1,1,normal,0
IC_2877,LOT_B,W05,8.7325,10.1591,11.5889,13.7151,2.4097,2.5765,11.4548,11.4241,50.0,1,1,normal,0
IC_2878,LOT_D,W15,38.5366,40.1297,42.1481,43.2376,5.0428,5.1738,16.6915,16.8229,50.0,1,1,latent_distribution_outlier,1
IC_2879,LOT_D,W02,10.4162,11.7322,13.2404,14.4836,2.6511,2.7419,12.5372,12.6597,50.0,1,1,normal,0
IC_2880,LOT_E,W01,8.9204,9.9397,10.9624,11.9633,1.9457,2.0561,11.6014,11.7075,50.0,1,1,normal,0
IC_2881,LOT_E,W06,9.9919,11.131,12.3503,13.1979,2.2211,2.2858,12.8881,13.1227,50.0,1,1,normal,0
IC_2882,LOT_E,W11,12.695,14.5821,15.8116,16.6143,2.9144,3.0258,12.8579,13.1356,50.0,1,1,normal,0
IC_2883,LOT_F,W20,9.8716,10.6046,11.0725,12.2106,2.2207,2.2751,12.4844,12.5336,50.0,1,1,normal,0
IC_2884,LOT_F,W08,12.2267,13.7283,14.8136,16.7135,1.7134,1.7929,15.2751,15.5208,50.0,1,1,normal,0
IC_2885,LOT_C,W21,9.6864,10.6087,11.5724,11.9631,2.3783,2.416,11.0859,11.2383,50.0,1,1,normal,0
IC_2886,LOT_E,W19,12.72,17.7809,45.8165,81.6887,2.6365,2.9465,12.8457,13.3674,50.0,1,1,early_drifter,1
IC_2887,LOT_E,W18,10.4877,11.9932,13.2381,14.6202,2.0645,2.222,13.4781,13.7417,50.0,1,1,normal,0
IC_2888,LOT_C,W01,15.3216,16.35,16.899,17.5761,2.2042,2.3097,12.6549,12.9336,50.0,1,1,normal,0
IC_2889,LOT_C,W13,12.8226,14.3781,15.7605,17.3776,2.7826,2.8744,13.7826,13.9424,50.0,1,1,normal,0
IC_2890,LOT_B,W09,7.7047,8.7046,9.9774,10.4271,2.3319,2.3897,10.7643,10.9747,50.0,1,1,normal,0
IC_2891,LOT_A,W15,8.107,9.5791,11.0965,11.6301,2.1802,2.2625,11.94,11.9938,50.0,1,1,normal,0
IC_2892,LOT_E,W03,9.2059,10.0984,11.3644,11.8577,2.3978,2.4144,10.8691,11.0271,50.0,1,1,normal,0
IC_2893,LOT_C,W08,41.7557,44.1424,46.6296,47.3409,4.5692,4.7389,15.9691,16.0368,50.0,1,1,latent_distribution_outlier,1
IC_2894,LOT_C,W08,11.1558,12.5875,14.4984,14.1198,2.0371,2.1062,11.2248,11.4586,50.0,1,1,normal,0
IC_2895,LOT_C,W14,9.7816,11.1893,12.7492,13.8301,2.2808,2.3604,10.9685,11.1357,50.0,1,1,normal,0
IC_2896,LOT_B,W12,38.7566,39.8151,40.5634,42.5662,5.3094,5.4018,16.9319,16.9416,50.0,1,1,latent_distribution_outlier,1
IC_2897,LOT_D,W04,52.4109,58.0244,66.8016,88.1273,6.1857,6.53,17.1724,17.6065,50.0,0,0,gross_failure,1
IC_2898,LOT_A,W06,7.0615,7.8594,8.9705,9.541,2.03,2.0711,11.2368,11.2188,50.0,1,1,normal,0
IC_2899,LOT_F,W04,10.6035,11.6719,13.1143,13.8543,1.8716,1.9322,13.1274,13.4651,50.0,1,1,normal,0
IC_2900,LOT_D,W20,8.6826,10.1044,11.7389,12.2812,2.3666,2.4155,11.461,11.5522,50.0,1,1,normal,0
IC_2901,LOT_B,W10,7.1517,8.5943,9.7718,10.7952,2.7529,2.9223,11.4653,11.6408,50.0,1,1,normal,0
IC_2902,LOT_A,W23,10.4383,11.6805,12.9424,13.5724,2.3612,2.464,11.9277,12.1113,50.0,1,1,normal,0
IC_2903,LOT_C,W13,9.7847,11.0323,12.0874,12.7509,1.9799,2.0471,11.1479,11.4411,50.0,1,1,normal,0
IC_2904,LOT_A,W06,9.4484,10.6915,12.2591,13.0558,2.7002,2.7546,11.1305,11.3891,50.0,1,1,normal,0
IC_2905,LOT_E,W01,11.6819,12.987,14.7042,14.5599,2.2278,2.2908,12.9576,13.1282,50.0,1,1,normal,0
IC_2906,LOT_F,W13,11.2353,12.4142,13.4148,14.3921,2.1226,2.1333,13.2285,13.3658,50.0,1,1,normal,0
IC_2907,LOT_A,W02,11.9426,12.8438,13.8158,14.7835,2.3757,2.4682,11.8295,12.178,50.0,1,1,normal,0
IC_2908,LOT_A,W23,10.0612,11.1956,12.1724,12.2602,2.7842,2.8746,10.6976,10.7218,50.0,1,1,normal,0
IC_2909,LOT_A,W23,7.0809,8.9187,10.1212,11.3257,1.9533,2.1287,11.4012,11.541,50.0,1,1,normal,0
IC_2910,LOT_D,W05,13.7156,14.7418,15.3785,16.3536,3.0612,3.1379,12.7843,13.0104,50.0,1,1,normal,0
IC_2911,LOT_E,W22,11.3588,12.9128,14.1409,15.3767,2.6557,2.7576,12.3955,12.6528,50.0,1,1,normal,0
IC_2912,LOT_D,W03,11.4715,12.7199,14.3529,14.8069,2.4914,2.4937,12.3561,12.5848,50.0,1,1,normal,0
IC_2913,LOT_F,W07,12.4046,14.2072,15.8268,16.1646,2.7031,2.729,13.5211,13.7314,50.0,1,1,normal,0
IC_2914,LOT_B,W20,8.4739,10.1597,11.4661,12.0554,2.397,2.5282,12.9024,13.2289,50.0,1,1,normal,0
IC_2915,LOT_E,W06,11.5536,12.5235,12.7814,14.2793,2.3766,2.4954,12.8125,12.8307,50.0,1,1,normal,0
IC_2916,LOT_B,W04,11.2091,12.1915,12.8437,13.7041,2.9347,3.0285,11.7378,11.9836,50.0,1,1,normal,0
IC_2917,LOT_E,W03,13.5674,14.4182,15.4887,16.121,2.3444,2.4179,13.2223,13.0216,50.0,1,1,normal,0
IC_2918,LOT_B,W05,10.3553,12.4265,13.6749,14.7383,2.3716,2.5427,11.1108,11.4034,50.0,1,1,normal,0
IC_2919,LOT_C,W02,10.2218,11.0026,11.7431,12.9778,2.2224,2.2885,11.3936,11.521,50.0,1,1,normal,0
IC_2920,LOT_B,W01,7.3402,11.6005,36.2321,67.7839,2.4965,2.732,11.3425,11.951,50.0,1,1,early_drifter,1
IC_2921,LOT_C,W06,14.2232,16.0787,17.4752,18.06,2.0375,2.1988,13.3104,13.3678,50.0,1,1,normal,0
IC_2922,LOT_C,W23,12.3988,13.5572,14.0294,14.8672,2.2706,2.3238,11.5052,11.5973,50.0,1,1,normal,0
IC_2923,LOT_D,W14,9.8907,13.5794,35.1832,67.6277,2.6965,2.9409,11.711,12.2851,50.0,1,1,early_drifter,1
IC_2924,LOT_D,W13,9.7813,10.5502,11.1201,11.7584,2.2393,2.2842,11.5323,11.5069,50.0,1,1,normal,0
IC_2925,LOT_E,W16,9.3838,10.1674,12.0794,11.9932,2.4149,2.5206,12.2557,12.4253,50.0,1,1,normal,0
IC_2926,LOT_F,W03,10.7564,11.5734,12.7438,14.12,2.0327,2.0768,13.0936,13.1583,50.0,1,1,normal,0
IC_2927,LOT_C,W13,11.0906,12.1016,13.1443,14.6409,2.3526,2.4245,11.4149,11.5441,50.0,1,1,normal,0
IC_2928,LOT_F,W18,10.9982,12.6017,13.8184,15.0333,2.4068,2.5265,13.5975,13.5504,50.0,1,1,normal,0
IC_2929,LOT_B,W10,8.5471,9.6169,10.6809,11.277,2.3265,2.3528,12.0457,12.1946,50.0,1,1,normal,0
IC_2930,LOT_C,W07,9.2816,13.1579,35.1901,64.6881,2.3709,2.6264,10.7929,11.3951,50.0,1,1,early_drifter,1
IC_2931,LOT_C,W06,11.265,12.0357,12.79,13.9047,2.189,2.178,10.7833,10.852,50.0,1,1,normal,0
IC_2932,LOT_E,W24,42.4022,44.1105,46.4159,47.4137,5.0701,5.1287,17.818,18.0328,50.0,1,1,latent_distribution_outlier,1
IC_2933,LOT_E,W10,8.0641,9.2517,10.8954,11.7182,2.3083,2.3637,12.2763,12.5374,50.0,1,1,normal,0
IC_2934,LOT_C,W22,10.8901,12.2184,13.1794,13.802,2.033,2.1665,12.2974,12.2676,50.0,1,1,normal,0
IC_2935,LOT_A,W04,7.2897,8.0708,9.2639,10.2714,2.5792,2.6534,11.2607,11.2811,50.0,1,1,normal,0
IC_2936,LOT_E,W24,11.5751,12.7952,12.6754,13.765,2.5864,2.6378,12.1752,12.4188,50.0,1,1,normal,0
IC_2937,LOT_C,W05,11.6202,12.4286,13.1919,14.3087,2.2494,2.2676,11.3572,11.5325,50.0,1,1,normal,0
IC_2938,LOT_C,W21,10.2008,11.3592,12.5616,13.1859,2.2681,2.3878,11.9616,12.256,50.0,1,1,normal,0
IC_2939,LOT_C,W09,13.4026,15.2095,16.6013,17.5126,2.6167,2.6993,11.0995,11.3769,50.0,1,1,normal,0
IC_2940,LOT_B,W13,8.2422,9.4876,11.0891,11.0693,2.3921,2.4734,10.8346,11.1612,50.0,1,1,normal,0
IC_2941,LOT_B,W19,7.0978,7.9829,8.5185,9.6247,2.356,2.4591,11.0979,11.2117,50.0,1,1,normal,0
IC_2942,LOT_F,W17,10.0171,11.3398,12.1055,13.1372,1.9166,1.9746,13.9838,14.1424,50.0,1,1,normal,0
IC_2943,LOT_B,W23,9.98,11.2463,12.0306,12.7779,2.7982,2.8494,11.5612,11.6423,50.0,1,1,normal,0
IC_2944,LOT_B,W17,9.5336,10.3303,11.0538,11.1427,2.2743,2.3113,11.9995,12.0616,50.0,1,1,normal,0
IC_2945,LOT_D,W06,10.1923,15.3032,41.2363,78.3303,2.4637,2.8185,9.9832,10.5086,50.0,1,1,early_drifter,1
IC_2946,LOT_F,W11,11.0537,12.2999,13.1628,14.3761,2.038,2.0857,12.0376,12.2232,50.0,1,1,normal,0
IC_2947,LOT_B,W05,7.0,12.9419,47.3683,91.5755,2.1473,2.5304,9.87,10.5792,50.0,1,1,early_drifter,1
IC_2948,LOT_B,W03,38.1097,39.8254,42.2422,42.2965,5.0223,5.1282,15.3384,15.7244,50.0,1,1,latent_distribution_outlier,1
IC_2949,LOT_C,W10,11.8218,12.4197,13.6544,14.1523,2.1279,2.178,12.2862,12.3516,50.0,1,1,normal,0
IC_2950,LOT_B,W11,10.3158,12.1699,13.9261,14.5373,2.6521,2.7806,10.4574,10.544,50.0,1,1,normal,0
IC_2951,LOT_D,W18,10.2763,11.2138,12.4067,13.298,2.0844,2.1642,12.4263,12.4052,50.0,1,1,normal,0
IC_2952,LOT_B,W21,8.8018,9.552,9.951,11.4607,2.2965,2.3522,11.1556,11.2605,50.0,1,1,normal,0
IC_2953,LOT_B,W16,10.1146,11.6422,12.7942,13.4219,2.4907,2.653,12.3582,12.4476,50.0,1,1,normal,0
IC_2954,LOT_D,W08,33.2938,35.512,37.8681,39.2367,4.1711,4.2487,14.677,14.963,50.0,1,1,latent_distribution_outlier,1
IC_2955,LOT_F,W04,10.958,14.5444,35.3516,60.3564,2.4024,2.5943,12.9704,13.3648,50.0,1,1,early_drifter,1
IC_2956,LOT_E,W18,10.8124,12.3378,14.0962,15.5987,1.872,1.9125,12.6625,12.8582,50.0,1,1,normal,0
IC_2957,LOT_E,W16,10.6351,11.391,12.0557,12.3088,2.3508,2.4436,12.5554,12.4818,50.0,1,1,normal,0
IC_2958,LOT_A,W22,9.2473,11.0952,13.2709,13.7813,2.4032,2.5171,11.7484,12.0097,50.0,1,1,normal,0
IC_2959,LOT_F,W24,33.8354,35.4605,36.2478,36.0771,3.9079,3.942,15.7653,15.9753,50.0,1,1,latent_distribution_outlier,1
IC_2960,LOT_A,W11,12.0767,13.2646,14.2257,15.1044,3.0142,3.1084,12.3103,12.3756,50.0,1,1,normal,0
IC_2961,LOT_A,W13,10.7083,12.4548,14.038,14.7248,2.7142,2.8289,11.589,11.741,50.0,1,1,normal,0
IC_2962,LOT_C,W21,9.957,11.5795,13.1978,13.5287,1.9344,2.0178,10.5735,10.7526,50.0,1,1,normal,0
IC_2963,LOT_A,W06,12.9214,14.654,15.9811,16.7975,2.6681,2.7604,12.3549,12.6162,50.0,1,1,normal,0
IC_2964,LOT_B,W18,7.2348,8.594,9.5486,10.2343,2.473,2.5399,12.679,12.8768,50.0,1,1,normal,0
IC_2965,LOT_E,W20,8.7167,9.8899,11.0054,12.3283,2.0306,2.0926,12.969,13.137,50.0,1,1,normal,0
IC_2966,LOT_C,W02,10.256,11.2894,12.8992,13.9053,2.2292,2.3044,11.0567,11.0972,50.0,1,1,normal,0
IC_2967,LOT_C,W10,12.6137,13.5119,14.3116,15.3578,2.3752,2.3773,11.1563,11.2291,50.0,1,1,normal,0
IC_2968,LOT_F,W07,10.8219,12.1008,12.9548,14.2181,1.626,1.7535,15.0512,15.2113,50.0,1,1,normal,0
IC_2969,LOT_E,W20,13.3468,14.2611,15.3919,16.1498,2.764,2.8167,12.8403,12.7852,50.0,1,1,normal,0
IC_2970,LOT_A,W03,9.3517,10.4145,11.6095,12.1252,2.6669,2.7409,11.6436,11.7475,50.0,1,1,normal,0
IC_2971,LOT_C,W15,12.0377,12.972,14.2491,14.7343,2.356,2.4613,12.3974,12.5883,50.0,1,1,normal,0
IC_2972,LOT_C,W02,11.805,12.9114,14.0716,14.8225,2.3792,2.4109,12.6359,12.804,50.0,1,1,normal,0
IC_2973,LOT_A,W03,61.9526,71.3968,81.2066,102.0123,6.3369,6.948,18.8385,19.9547,50.0,0,0,gross_failure,1
IC_2974,LOT_C,W22,10.8592,11.96,12.8866,14.149,2.1317,2.1875,11.6775,11.8024,50.0,1,1,normal,0
IC_2975,LOT_C,W23,12.1796,13.3467,14.3284,15.0298,2.0651,2.1183,12.4457,12.3117,50.0,1,1,normal,0
IC_2976,LOT_F,W24,7.7533,9.4527,10.7811,11.7843,2.221,2.3197,13.3456,13.4364,50.0,1,1,normal,0
IC_2977,LOT_E,W03,10.6418,12.1472,13.1769,14.1772,2.0971,2.1545,13.0947,13.2355,50.0,1,1,normal,0
IC_2978,LOT_C,W02,84.5478,91.427,106.6864,129.0578,8.0734,8.457,22.0626,22.8903,50.0,0,0,gross_failure,1
IC_2979,LOT_B,W07,4.4665,6.302,7.7822,8.8007,1.8021,1.8934,9.2427,9.485,50.0,1,1,normal,0
IC_2980,LOT_B,W12,8.7626,9.9616,11.2211,11.8507,2.4983,2.541,12.8645,12.8929,50.0,1,1,normal,0
IC_2981,LOT_F,W03,10.181,11.4892,12.4072,13.3407,1.7939,1.8189,14.3177,14.5166,50.0,1,1,normal,0
IC_2982,LOT_E,W14,8.1365,9.8201,11.0681,13.0226,2.2611,2.4095,12.1345,12.2203,50.0,1,1,normal,0
IC_2983,LOT_F,W16,8.6605,10.2136,11.7449,12.6912,2.497,2.6083,13.832,14.1924,50.0,1,1,normal,0
IC_2984,LOT_B,W18,13.9673,14.76,16.2003,16.0962,2.7845,2.8806,11.0337,11.0758,50.0,1,1,normal,0
IC_2985,LOT_F,W17,12.2221,12.9537,13.6653,14.7764,2.1931,2.2453,12.9109,12.948,50.0,1,1,normal,0
IC_2986,LOT_B,W08,7.5629,8.4207,8.8115,9.3258,2.692,2.7116,11.4674,11.5392,50.0,1,1,normal,0
IC_2987,LOT_F,W02,8.9931,9.9621,10.5856,11.4426,2.1718,2.2145,13.8786,13.9639,50.0,1,1,normal,0
IC_2988,LOT_F,W20,10.4062,11.8292,13.2894,14.0083,2.3935,2.4546,14.2198,14.3726,50.0,1,1,normal,0
IC_2989,LOT_D,W18,9.4486,10.5068,11.0618,12.4097,2.6114,2.7054,10.878,11.137,50.0,1,1,normal,0
IC_2990,LOT_D,W07,10.985,13.7908,32.2209,56.263,2.4708,2.6042,10.7259,11.0562,50.0,1,1,early_drifter,1
IC_2991,LOT_A,W17,11.1704,12.4188,13.685,14.2182,2.6721,2.695,11.6369,11.728,50.0,1,1,normal,0
IC_2992,LOT_D,W21,10.88,12.2912,13.9402,14.0833,2.2392,2.2682,11.8563,11.9613,50.0,1,1,normal,0
IC_2993,LOT_E,W22,8.9296,9.8599,10.6669,11.2978,2.1038,2.1163,11.4766,11.5263,50.0,1,1,normal,0
IC_2994,LOT_C,W20,10.9041,12.651,13.4986,15.1478,2.0997,2.1834,11.8615,12.0834,50.0,1,1,normal,0
IC_2995,LOT_F,W23,13.2584,14.9899,15.9262,17.5112,2.6159,2.7657,14.2913,14.4908,50.0,1,1,normal,0
IC_2996,LOT_B,W18,6.9068,8.2785,9.4712,9.9546,2.0617,2.1022,10.4804,10.6278,50.0,1,1,normal,0
IC_2997,LOT_F,W01,10.3323,11.943,13.8896,14.2927,2.2345,2.3195,13.9963,14.2145,50.0,1,1,normal,0
IC_2998,LOT_D,W21,9.6865,10.7089,11.8726,12.4184,2.344,2.3853,11.0362,11.1005,50.0,1,1,normal,0
IC_2999,LOT_A,W07,11.1601,12.0403,13.4835,14.0379,2.664,2.6723,11.0512,11.135,50.0,1,1,normal,0
IC_3000,LOT_A,W08,8.9969,10.5837,11.6511,12.9788,1.8596,1.9831,10.5139,10.8927,50.0,1,1,normal,0
IC_3001,LOT_A,W02,9.4809,11.2406,12.4469,13.0084,2.8315,2.9453,10.667,10.868,50.0,1,1,normal,0
IC_3002,LOT_C,W16,10.0147,11.2258,12.1867,13.0997,2.3846,2.3868,12.3967,12.4679,50.0,1,1,normal,0
IC_3003,LOT_D,W03,9.5957,11.0449,12.76,13.743,2.3943,2.4825,11.8434,12.0398,50.0,1,1,normal,0
IC_3004,LOT_A,W03,10.9251,11.6376,12.4997,12.4997,2.3558,2.4081,11.6632,11.8139,50.0,1,1,normal,0
IC_3005,LOT_C,W24,11.7149,12.5128,13.2027,14.2679,2.1508,2.1908,11.9984,12.116,50.0,1,1,normal,0
IC_3006,LOT_F,W06,11.598,12.3191,13.0094,13.598,2.6384,2.6812,13.5792,13.5138,50.0,1,1,normal,0
IC_3007,LOT_B,W14,9.0991,10.2949,11.311,12.0526,2.2008,2.2771,7.8874,8.0342,50.0,1,1,normal,0
IC_3008,LOT_D,W09,10.1096,14.9056,39.9034,73.1555,2.4937,2.7671,12.5393,12.8778,50.0,1,1,early_drifter,1
IC_3009,LOT_C,W10,10.4377,12.3945,13.8073,14.7661,2.3482,2.5138,11.9398,12.1125,50.0,1,1,normal,0
IC_3010,LOT_D,W23,11.3275,13.0434,14.942,15.3351,2.2828,2.3985,11.0585,11.2241,50.0,1,1,normal,0
IC_3011,LOT_B,W06,10.6343,12.3948,14.0301,15.1654,3.0645,3.1858,10.3443,10.6573,50.0,1,1,normal,0
IC_3012,LOT_A,W06,9.6405,12.4583,28.4116,50.0231,2.7932,2.9835,10.6451,10.9055,50.0,1,1,early_drifter,1
IC_3013,LOT_F,W14,9.9131,10.6305,11.3696,12.4113,2.2675,2.3342,13.5388,13.5863,50.0,1,1,normal,0
IC_3014,LOT_C,W02,12.0783,13.2944,14.202,15.6924,2.3329,2.4385,11.8901,12.0473,50.0,1,1,normal,0
IC_3015,LOT_D,W06,61.2062,70.5331,77.4136,106.4578,6.8007,7.3368,18.4356,19.6311,50.0,0,0,gross_failure,1
IC_3016,LOT_F,W15,12.6522,14.2399,15.6121,16.4682,1.4327,1.565,12.0736,12.2001,50.0,1,1,normal,0
IC_3017,LOT_A,W11,10.4002,11.5986,13.0085,14.023,2.8304,2.8666,11.4288,11.5757,50.0,1,1,normal,0
IC_3018,LOT_B,W23,10.7905,11.3479,12.7926,12.8373,2.3409,2.3417,12.202,12.2736,50.0,1,1,normal,0
IC_3019,LOT_E,W13,9.9207,10.9766,12.3589,13.1478,2.5181,2.567,11.9824,11.9708,50.0,1,1,normal,0
IC_3020,LOT_F,W24,11.6951,13.4249,15.5636,16.4769,2.0693,2.1786,14.0931,14.225,50.0,1,1,normal,0
IC_3021,LOT_C,W07,11.2461,12.2546,13.1882,13.7252,2.3806,2.4551,11.4322,11.6986,50.0,1,1,normal,0
IC_3022,LOT_D,W15,9.4766,10.2073,10.9362,11.3711,2.4454,2.4995,10.8821,10.951,50.0,1,1,normal,0
IC_3023,LOT_D,W23,11.3901,12.5781,13.3727,13.9065,2.8319,2.924,11.3919,11.4783,50.0,1,1,normal,0
IC_3024,LOT_F,W04,9.0019,10.5857,12.6291,13.3886,1.7,1.8057,13.2764,13.472,50.0,1,1,normal,0
IC_3025,LOT_C,W11,8.6515,9.9436,11.7026,12.9252,1.7254,1.789,11.5155,11.48,50.0,1,1,normal,0
IC_3026,LOT_D,W01,13.4281,14.5961,15.642,16.6745,2.657,2.7643,12.4292,12.6223,50.0,1,1,normal,0
IC_3027,LOT_D,W16,12.3442,13.7935,15.397,16.3919,2.6776,2.8005,11.9494,12.1253,50.0,1,1,normal,0
IC_3028,LOT_B,W04,9.1287,10.6496,11.9954,13.0823,2.6987,2.7831,10.7283,10.9614,50.0,1,1,normal,0
IC_3029,LOT_B,W03,9.3794,10.2848,10.8483,12.048,2.903,2.9003,11.3819,11.5777,50.0,1,1,normal,0
IC_3030,LOT_E,W22,9.8478,11.119,12.7584,14.0148,1.9838,2.121,11.7544,11.9997,50.0,1,1,normal,0
IC_3031,LOT_C,W19,9.885,10.4878,11.1617,11.8152,2.208,2.25,12.3144,12.523,50.0,1,1,normal,0
IC_3032,LOT_A,W08,6.0261,7.5627,9.1776,11.1026,2.4089,2.5306,10.375,10.5192,50.0,1,1,normal,0
IC_3033,LOT_C,W18,9.6397,11.1565,12.4177,13.8089,2.2248,2.3197,12.872,13.1152,50.0,1,1,normal,0
IC_3034,LOT_C,W22,12.0322,13.2118,14.4429,14.9533,2.405,2.4806,12.8759,12.8474,50.0,1,1,normal,0
IC_3035,LOT_E,W16,40.6093,42.8613,45.28,47.3012,4.8403,4.9654,18.3676,18.6002,50.0,1,1,latent_distribution_outlier,1
IC_3036,LOT_F,W19,9.1698,10.8475,12.3429,13.2627,2.005,2.098,13.8795,13.993,50.0,1,1,normal,0
IC_3037,LOT_B,W10,37.2384,38.742,39.7599,42.0904,4.4542,4.5889,13.567,13.762,50.0,1,1,latent_distribution_outlier,1
IC_3038,LOT_A,W19,9.9654,10.4155,11.5724,11.757,2.7975,2.8399,11.5455,11.6185,50.0,1,1,normal,0
IC_3039,LOT_B,W20,10.047,10.9839,11.4348,12.518,2.8,2.8277,11.0345,11.147,50.0,1,1,normal,0
IC_3040,LOT_F,W08,11.2322,12.8958,14.4127,15.173,2.3603,2.4608,14.0535,14.2746,50.0,1,1,normal,0
IC_3041,LOT_F,W17,11.9311,13.5317,14.5694,16.0388,1.8579,1.8738,13.3106,13.5335,50.0,1,1,normal,0
IC_3042,LOT_F,W21,8.948,9.5378,10.0682,11.1373,1.8547,1.9204,12.7004,12.8199,50.0,1,1,normal,0
IC_3043,LOT_A,W08,39.5208,41.7934,43.7031,45.6258,4.5544,4.7218,15.122,15.3283,50.0,1,1,latent_distribution_outlier,1
IC_3044,LOT_B,W23,8.8338,9.7245,10.8389,11.6471,2.669,2.7384,10.0561,9.909,50.0,1,1,normal,0
IC_3045,LOT_A,W08,8.9902,10.1203,11.2169,12.1145,2.2423,2.2556,12.2953,12.3636,50.0,1,1,normal,0
IC_3046,LOT_C,W20,11.1157,12.298,14.0714,14.4098,2.4986,2.6035,10.3978,10.4526,50.0,1,1,normal,0
IC_3047,LOT_C,W11,12.0155,12.9744,13.6251,13.8417,2.4222,2.4361,12.2962,12.2462,50.0,1,1,normal,0
IC_3048,LOT_D,W07,8.4389,9.0397,10.2625,11.3181,1.9438,2.0391,12.3187,12.5472,50.0,1,1,normal,0
IC_3049,LOT_E,W10,12.3,13.4294,14.5049,14.6972,2.3291,2.3913,12.3992,12.6075,50.0,1,1,normal,0
IC_3050,LOT_B,W09,5.8618,7.1409,7.7541,8.0985,2.0989,2.1724,11.0817,11.4353,50.0,1,1,normal,0
IC_3051,LOT_C,W20,11.1987,12.5623,14.1675,15.5209,2.4747,2.5524,11.0447,11.1606,50.0,1,1,normal,0
IC_3052,LOT_C,W03,13.5781,14.5684,15.8425,16.9472,2.3649,2.4043,11.891,12.0417,50.0,1,1,normal,0
IC_3053,LOT_F,W17,10.3781,11.4735,12.5028,13.6467,2.3564,2.4258,12.852,13.0277,50.0,1,1,normal,0
IC_3054,LOT_E,W13,12.4377,14.0884,15.3019,16.0856,2.1084,2.2124,12.1713,12.5492,50.0,1,1,normal,0
IC_3055,LOT_C,W11,9.878,11.0481,12.1379,12.2143,1.7109,1.7743,11.0856,11.241,50.0,1,1,normal,0
IC_3056,LOT_F,W18,10.8241,12.6125,13.5817,14.8114,2.4301,2.5315,14.2272,14.531,50.0,1,1,normal,0
IC_3057,LOT_D,W04,10.1681,10.7124,11.5448,12.336,2.3925,2.468,11.7602,11.8764,50.0,1,1,normal,0
IC_3058,LOT_B,W21,8.1201,9.5442,11.2481,12.5064,2.1993,2.288,9.5987,9.7745,50.0,1,1,normal,0
IC_3059,LOT_D,W05,10.9602,11.5703,12.9889,12.9934,2.7417,2.7726,12.0625,12.1225,50.0,1,1,normal,0
IC_3060,LOT_F,W18,10.622,11.9661,13.4746,13.864,2.6045,2.6654,13.6501,13.8663,50.0,1,1,normal,0
IC_3061,LOT_B,W14,11.5161,12.9008,14.3582,15.687,2.781,2.8052,10.9299,11.1034,50.0,1,1,normal,0
IC_3062,LOT_F,W19,9.6504,10.3792,11.331,12.2015,1.31,1.4135,13.7687,14.03,50.0,1,1,normal,0
IC_3063,LOT_D,W14,10.9702,11.7842,12.5512,13.7659,2.7047,2.7449,11.6664,11.7394,50.0,1,1,normal,0
IC_3064,LOT_B,W08,45.549,47.9782,50.4411,51.4202,5.4326,5.5343,16.1872,16.5908,50.0,1,1,latent_distribution_outlier,1
IC_3065,LOT_C,W03,53.0228,60.6559,66.0531,90.6407,4.9174,5.4202,17.6346,18.5997,50.0,0,0,gross_failure,1
IC_3066,LOT_B,W21,7.587,12.4924,39.6349,74.4642,2.6325,3.0173,11.1915,11.6756,50.0,1,1,early_drifter,1
IC_3067,LOT_F,W12,11.7865,13.3352,14.6414,15.5466,2.604,2.6924,14.5593,14.7927,50.0,1,1,normal,0
IC_3068,LOT_E,W14,9.8633,11.169,13.2089,14.1755,1.8763,1.8889,12.2988,12.5134,50.0,1,1,normal,0
IC_3069,LOT_C,W01,12.3355,13.0328,14.2454,14.2501,2.0186,1.9826,12.1174,12.1787,50.0,1,1,normal,0
IC_3070,LOT_D,W20,9.0844,10.3158,12.3348,13.3124,2.273,2.3695,12.3281,12.3736,50.0,1,1,normal,0
IC_3071,LOT_F,W02,9.8164,11.3546,12.9968,13.5844,1.8182,1.9035,14.0837,14.2411,50.0,1,1,normal,0
IC_3072,LOT_A,W09,38.75,41.1835,43.8253,44.7685,4.6872,4.854,15.2516,15.5754,50.0,1,1,latent_distribution_outlier,1
IC_3073,LOT_C,W13,11.182,12.389,13.9425,14.9425,2.1947,2.3342,12.3573,12.6516,50.0,1,1,normal,0
IC_3074,LOT_C,W04,10.9705,12.4278,14.4476,14.6886,1.7495,1.836,11.245,11.255,50.0,1,1,normal,0
IC_3075,LOT_F,W18,9.4634,10.7654,11.7385,12.6811,1.9131,2.0037,13.5025,13.6381,50.0,1,1,normal,0
IC_3076,LOT_B,W11,11.7453,13.2534,14.7911,15.1241,2.5015,2.5725,12.0923,12.3006,50.0,1,1,normal,0
IC_3077,LOT_D,W07,10.3653,11.9559,13.0325,14.5876,2.3324,2.4875,12.8617,13.1735,50.0,1,1,normal,0
IC_3078,LOT_F,W05,37.9569,39.5472,40.871,41.16,4.2177,4.3646,16.9325,17.204,50.0,1,1,latent_distribution_outlier,1
IC_3079,LOT_B,W22,8.7232,9.6224,10.5924,11.5323,2.4263,2.4672,11.7344,11.7417,50.0,1,1,normal,0
IC_3080,LOT_B,W16,10.9551,12.1023,13.5322,14.7984,2.678,2.7557,13.7133,13.8614,50.0,1,1,normal,0
IC_3081,LOT_E,W19,12.242,13.8207,15.6352,16.6437,1.9305,1.9854,12.3253,12.5885,50.0,1,1,normal,0
IC_3082,LOT_F,W11,11.1823,12.7151,14.2972,15.7535,2.2375,2.3461,12.8437,13.0907,50.0,1,1,normal,0
IC_3083,LOT_B,W05,8.9129,10.8222,12.6504,13.6616,2.1572,2.2389,11.9053,12.1036,50.0,1,1,normal,0
IC_3084,LOT_F,W19,9.6055,10.8834,12.1231,12.5014,2.36,2.4635,12.2377,12.3363,50.0,1,1,normal,0
IC_3085,LOT_F,W14,8.6816,9.4905,10.4345,11.281,2.1581,2.2244,13.0958,13.1755,50.0,1,1,normal,0
IC_3086,LOT_D,W13,8.827,10.0238,11.3073,13.4527,2.4625,2.5262,11.098,11.1899,50.0,1,1,normal,0
IC_3087,LOT_A,W07,9.1081,10.848,11.9932,12.2311,1.8886,1.9724,11.2129,11.3616,50.0,1,1,normal,0
IC_3088,LOT_E,W19,8.4045,9.9546,11.4223,12.8112,2.2787,2.3851,12.7398,12.9012,50.0,1,1,normal,0
IC_3089,LOT_A,W17,8.5852,9.7142,10.791,11.537,2.2436,2.2889,10.4655,10.7267,50.0,1,1,normal,0
IC_3090,LOT_F,W10,10.9126,12.4325,13.2604,15.031,2.1633,2.2587,14.1932,14.4472,50.0,1,1,normal,0
IC_3091,LOT_B,W06,8.27,9.7399,11.2417,12.6152,2.7628,2.8828,11.5952,11.8945,50.0,1,1,normal,0
IC_3092,LOT_E,W07,6.9368,8.298,9.9372,11.2409,2.3973,2.4725,11.8582,11.9715,50.0,1,1,normal,0
IC_3093,LOT_C,W04,11.5376,13.1534,15.2056,16.1262,2.0434,2.1989,11.2308,11.4095,50.0,1,1,normal,0
IC_3094,LOT_D,W24,7.3133,8.9213,10.1933,10.9886,2.5941,2.6505,12.4055,12.6006,50.0,1,1,normal,0
IC_3095,LOT_A,W23,12.8752,14.554,16.0701,17.0724,3.2411,3.3044,10.9989,11.1841,50.0,1,1,normal,0
IC_3096,LOT_D,W13,8.4741,9.6058,10.7024,11.5212,2.6537,2.7429,10.9874,11.1691,50.0,1,1,normal,0
IC_3097,LOT_D,W12,11.9367,13.3017,14.4673,14.8989,2.5135,2.6086,13.3787,13.5973,50.0,1,1,normal,0
IC_3098,LOT_F,W18,10.7347,11.8881,13.51,13.8355,1.8883,2.0006,12.7561,13.1364,50.0,1,1,normal,0
IC_3099,LOT_B,W15,7.2105,8.1323,8.5959,9.4923,2.3357,2.3799,11.6716,11.6681,50.0,1,1,normal,0
IC_3100,LOT_D,W03,9.8594,11.255,13.2405,14.3728,2.6443,2.688,11.3045,11.3644,50.0,1,1,normal,0
IC_3101,LOT_F,W03,10.3131,11.7203,12.3119,13.0994,2.4566,2.5369,14.4776,14.7936,50.0,1,1,normal,0
IC_3102,LOT_B,W04,7.5471,8.1452,9.1906,9.1187,2.1786,2.2448,12.794,12.8598,50.0,1,1,normal,0
IC_3103,LOT_F,W19,10.0489,14.1671,35.7236,65.2734,2.089,2.4166,11.0583,11.4207,50.0,1,1,early_drifter,1
IC_3104,LOT_A,W23,9.5697,11.2269,13.1752,13.5738,2.1549,2.2289,10.9434,11.0622,50.0,1,1,normal,0
IC_3105,LOT_F,W17,12.3987,13.7628,14.949,16.2053,2.5893,2.6902,12.8417,12.9378,50.0,1,1,normal,0
IC_3106,LOT_D,W14,9.2897,10.5254,12.4198,12.9623,2.3549,2.4551,10.7621,10.918,50.0,1,1,normal,0
IC_3107,LOT_B,W03,10.2481,11.5503,12.7046,13.3416,2.2137,2.3,11.8419,11.9766,50.0,1,1,normal,0
IC_3108,LOT_D,W21,10.8901,12.038,13.143,14.1673,2.4999,2.531,12.1158,12.184,50.0,1,1,normal,0
IC_3109,LOT_F,W14,10.524,11.9853,13.2724,14.6551,2.1865,2.2742,12.1949,12.4147,50.0,1,1,normal,0
IC_3110,LOT_C,W07,10.4511,11.6752,12.9178,14.0279,2.0327,2.1051,9.8248,9.898,50.0,1,1,normal,0
IC_3111,LOT_F,W10,9.4248,14.852,46.4768,88.7668,2.3726,2.6696,13.0808,13.721,50.0,1,1,early_drifter,1
IC_3112,LOT_C,W16,9.7426,11.3207,12.7095,14.2815,2.2142,2.3156,11.4666,11.4478,50.0,1,1,normal,0
IC_3113,LOT_E,W19,44.8523,46.6721,48.5819,48.9202,5.0058,5.0809,18.2644,18.4317,50.0,1,1,latent_distribution_outlier,1
IC_3114,LOT_D,W01,39.919,41.2581,43.4998,45.351,4.5696,4.5773,17.3807,17.577,50.0,1,1,latent_distribution_outlier,1
IC_3115,LOT_F,W14,74.3723,83.8181,99.1695,126.2714,7.3626,7.9495,23.0869,24.2055,50.0,0,0,gross_failure,1
IC_3116,LOT_E,W02,10.0621,11.5919,12.8635,13.6995,2.1388,2.2491,11.9323,12.272,50.0,1,1,normal,0
IC_3117,LOT_D,W07,12.1843,14.0675,15.1193,15.9623,2.778,2.8968,12.7488,12.9752,50.0,1,1,normal,0
IC_3118,LOT_E,W07,10.0764,10.76,12.3261,12.1357,2.5017,2.5779,12.4761,12.4103,50.0,1,1,normal,0
IC_3119,LOT_A,W07,9.24,10.861,11.5822,12.2003,2.7645,2.8718,11.1787,11.3544,50.0,1,1,normal,0
IC_3120,LOT_D,W15,11.6883,12.8812,14.1319,14.8203,2.4583,2.5143,10.6612,10.7552,50.0,1,1,normal,0
IC_3121,LOT_C,W11,11.4975,12.7507,14.016,15.4732,2.0903,2.1747,11.0939,11.3126,50.0,1,1,normal,0
IC_3122,LOT_C,W15,11.6997,13.0544,14.3842,15.783,2.0647,2.1113,12.3716,12.3935,50.0,1,1,normal,0
IC_3123,LOT_E,W09,12.7384,13.8422,15.3153,16.0531,2.0471,2.0415,13.8534,13.9076,50.0,1,1,normal,0
IC_3124,LOT_E,W11,12.9829,14.0238,15.1536,15.2278,2.3011,2.3675,12.7591,12.8734,50.0,1,1,normal,0
IC_3125,LOT_A,W21,7.3184,8.5925,9.6228,10.4545,2.4132,2.4673,10.7367,10.8857,50.0,1,1,normal,0
IC_3126,LOT_F,W15,11.403,12.1302,13.32,13.8757,1.8015,1.8479,12.6547,12.8752,50.0,1,1,normal,0
IC_3127,LOT_E,W23,9.5083,10.0064,10.8008,11.4727,1.6167,1.691,12.6334,12.7258,50.0,1,1,normal,0
IC_3128,LOT_E,W20,41.6452,43.6042,45.1912,45.7763,5.0344,5.1718,17.0268,17.2889,50.0,1,1,latent_distribution_outlier,1
IC_3129,LOT_A,W07,10.9612,12.1946,13.3275,14.2532,2.2077,2.2733,11.5234,11.6953,50.0,1,1,normal,0
IC_3130,LOT_A,W20,43.424,45.5681,47.0796,48.0823,4.8759,4.9718,17.3881,17.54,50.0,1,1,latent_distribution_outlier,1
IC_3131,LOT_E,W22,12.2139,13.5405,14.3498,15.321,2.7927,2.8819,13.3452,13.5746,50.0,1,1,normal,0
IC_3132,LOT_C,W16,13.5366,14.6191,15.8938,16.296,2.1975,2.2539,12.8165,12.8426,50.0,1,1,normal,0
IC_3133,LOT_C,W09,11.1187,12.1394,13.4609,13.5237,2.1881,2.243,11.3205,11.445,50.0,1,1,normal,0
IC_3134,LOT_B,W12,10.0893,11.3417,12.9431,14.2396,2.4284,2.5611,12.1538,12.4626,50.0,1,1,normal,0
IC_3135,LOT_B,W14,7.5462,8.8129,10.203,10.728,2.3364,2.3864,11.8841,11.7866,50.0,1,1,normal,0
IC_3136,LOT_A,W19,9.5655,11.4228,12.8657,14.3208,2.8949,3.0394,11.5632,11.853,50.0,1,1,normal,0
IC_3137,LOT_F,W21,10.5185,11.7807,13.1485,13.5691,2.2014,2.2899,13.3649,13.4663,50.0,1,1,normal,0
IC_3138,LOT_D,W11,10.3636,15.4421,43.8389,80.6429,2.2566,2.5603,12.4377,13.1481,50.0,1,1,early_drifter,1
IC_3139,LOT_B,W16,8.2546,9.4862,11.5373,12.4257,1.9921,2.0465,12.8594,12.9113,50.0,1,1,normal,0
IC_3140,LOT_A,W05,9.4864,10.1489,11.6183,12.1694,2.4515,2.4468,12.1542,12.1306,50.0,1,1,normal,0
IC_3141,LOT_C,W17,11.4045,12.3013,13.2015,14.0232,2.4252,2.4928,12.0341,12.1183,50.0,1,1,normal,0
IC_3142,LOT_B,W19,8.7747,9.717,10.6848,10.8037,2.3771,2.4468,11.6342,11.6913,50.0,1,1,normal,0
IC_3143,LOT_E,W08,11.0379,11.8221,13.1439,13.8373,2.1869,2.2306,11.774,11.8642,50.0,1,1,normal,0
IC_3144,LOT_A,W19,8.4264,9.2126,9.9414,11.5604,2.3201,2.4366,12.0176,12.0393,50.0,1,1,normal,0
IC_3145,LOT_B,W06,8.6377,10.1477,11.2167,12.3484,2.5244,2.6101,10.6658,10.788,50.0,1,1,normal,0
IC_3146,LOT_A,W14,13.5237,15.3055,16.9763,17.9614,3.1837,3.1945,10.7596,11.0663,50.0,1,1,normal,0
IC_3147,LOT_A,W15,7.0506,8.7118,10.2487,10.7607,2.2488,2.3228,10.9673,11.2696,50.0,1,1,normal,0
IC_3148,LOT_C,W04,58.1846,64.3707,81.3213,91.3343,6.1156,6.4553,18.1858,18.8943,50.0,0,0,gross_failure,1
IC_3149,LOT_E,W13,7.1799,12.6306,44.1122,85.6473,1.8203,2.1832,11.9923,12.6908,50.0,1,1,early_drifter,1
IC_3150,LOT_B,W24,10.5364,11.902,12.8762,13.8067,2.5207,2.5644,10.0057,10.2166,50.0,1,1,normal,0
IC_3151,LOT_B,W14,9.1856,10.472,11.2173,12.4629,2.2796,2.3649,11.5186,11.6954,50.0,1,1,normal,0
IC_3152,LOT_A,W09,9.9036,11.4631,12.7707,14.0136,2.6103,2.6701,12.3552,12.5047,50.0,1,1,normal,0
IC_3153,LOT_F,W03,10.2345,11.3039,12.5127,12.4382,2.0095,2.1081,11.4576,11.6628,50.0,1,1,normal,0
IC_3154,LOT_A,W03,45.1979,46.6366,48.9785,48.7692,5.3393,5.4569,15.5974,15.772,50.0,1,1,latent_distribution_outlier,1
IC_3155,LOT_D,W05,9.7387,11.2711,12.5913,13.3759,2.7537,2.8453,10.9911,11.0938,50.0,1,1,normal,0
IC_3156,LOT_E,W20,11.2955,12.3067,13.5994,13.8512,2.0898,2.1247,12.7497,12.7819,50.0,1,1,normal,0
IC_3157,LOT_F,W18,12.3272,13.2765,14.2961,15.0466,2.5622,2.6417,13.1633,13.483,50.0,1,1,normal,0
IC_3158,LOT_B,W13,8.296,9.311,10.9287,11.9363,2.9321,2.9979,9.5277,9.7738,50.0,1,1,normal,0
IC_3159,LOT_F,W10,11.0341,11.8995,12.4785,13.3789,2.159,2.2499,13.407,13.6054,50.0,1,1,normal,0
IC_3160,LOT_D,W14,10.5165,12.1435,14.4248,15.2264,2.3484,2.468,12.5816,12.8064,50.0,1,1,normal,0
IC_3161,LOT_A,W20,7.7473,9.0168,10.086,11.3565,2.2701,2.3738,11.8362,11.857,50.0,1,1,normal,0
IC_3162,LOT_D,W08,8.7378,10.1637,11.5717,12.4274,2.7251,2.8679,12.1094,12.3576,50.0,1,1,normal,0
IC_3163,LOT_C,W24,10.4914,11.5227,12.7191,13.7019,2.1436,2.2658,11.0468,11.1591,50.0,1,1,normal,0
IC_3164,LOT_D,W12,11.7768,12.7169,13.5796,14.0822,2.7259,2.796,11.3088,11.3957,50.0,1,1,normal,0
IC_3165,LOT_A,W22,7.8175,8.7174,9.6804,10.0857,2.6095,2.6211,12.0298,12.1562,50.0,1,1,normal,0
IC_3166,LOT_B,W04,7.5042,8.6842,10.0782,9.958,2.4596,2.5115,11.254,11.2828,50.0,1,1,normal,0
IC_3167,LOT_A,W16,10.2124,11.1966,11.7549,13.0009,1.9388,1.9881,12.3773,12.43,50.0,1,1,normal,0
IC_3168,LOT_B,W14,5.6257,6.4091,7.3047,7.5547,2.1637,2.2308,10.761,10.8123,50.0,1,1,normal,0
IC_3169,LOT_D,W16,32.3971,35.0781,37.0945,37.1665,3.9578,4.1325,14.9793,15.2362,50.0,1,1,latent_distribution_outlier,1
IC_3170,LOT_A,W14,9.3165,15.697,48.9202,94.0844,2.5439,2.9387,11.2483,11.9271,50.0,1,1,early_drifter,1
IC_3171,LOT_C,W07,45.2178,47.4934,48.3715,49.8926,4.9727,5.0796,16.4208,16.6032,50.0,1,1,latent_distribution_outlier,1
IC_3172,LOT_E,W09,73.3897,77.3933,85.9756,97.1297,7.275,7.4875,21.8303,22.1862,50.0,0,0,gross_failure,1
IC_3173,LOT_A,W18,9.7273,10.6076,11.5831,12.3139,2.4671,2.5298,11.7294,11.7679,50.0,1,1,normal,0
IC_3174,LOT_C,W19,12.1356,13.0862,13.4596,14.0985,2.2249,2.2982,12.5662,12.7895,50.0,1,1,normal,0
IC_3175,LOT_D,W21,9.0447,10.539,12.1372,13.0417,2.2586,2.3449,11.2876,11.4805,50.0,1,1,normal,0
IC_3176,LOT_E,W19,10.1109,13.9184,34.8225,63.7101,1.7886,1.9956,12.928,13.53,50.0,1,1,early_drifter,1
IC_3177,LOT_E,W22,9.887,11.2655,12.9794,12.8849,2.5094,2.6086,11.8064,11.9833,50.0,1,1,normal,0
IC_3178,LOT_A,W05,10.0353,10.7507,11.9734,12.6271,2.7819,2.8334,12.5253,12.452,50.0,1,1,normal,0
IC_3179,LOT_B,W19,10.2284,13.0317,31.0421,50.5112,2.6113,2.7692,13.2084,13.6262,50.0,1,1,early_drifter,1
IC_3180,LOT_C,W06,12.2838,13.9811,15.7827,16.8226,1.9046,2.0186,10.9922,11.4024,50.0,1,1,normal,0
IC_3181,LOT_F,W03,11.1604,17.3416,50.3385,91.3608,2.1184,2.3968,12.9336,13.6795,50.0,1,1,early_drifter,1
IC_3182,LOT_F,W22,10.7534,11.723,12.3883,13.0169,1.8766,1.8893,11.8977,12.1165,50.0,1,1,normal,0
IC_3183,LOT_A,W24,36.4751,38.2549,39.9168,40.915,4.4881,4.5741,16.0772,16.4507,50.0,1,1,latent_distribution_outlier,1
IC_3184,LOT_A,W11,9.6462,10.885,12.6521,13.5335,2.3522,2.4328,11.8963,12.2085,50.0,1,1,normal,0
IC_3185,LOT_A,W23,7.9819,9.6649,11.3545,12.5927,2.5708,2.708,11.086,11.3032,50.0,1,1,normal,0
IC_3186,LOT_E,W10,10.2442,12.1011,13.6456,15.0197,2.1707,2.3121,11.7525,12.0208,50.0,1,1,normal,0
IC_3187,LOT_C,W24,9.6166,10.4527,11.5656,12.5234,2.2931,2.3442,11.11,11.2998,50.0,1,1,normal,0
IC_3188,LOT_C,W16,12.0357,13.0599,14.5139,15.0425,1.8856,1.9403,11.7283,11.825,50.0,1,1,normal,0
IC_3189,LOT_E,W06,10.7748,12.4188,14.5591,16.0556,2.4145,2.4341,12.3072,12.5526,50.0,1,1,normal,0
IC_3190,LOT_A,W17,8.5853,9.7247,11.6552,12.6989,2.644,2.6784,11.6227,11.8769,50.0,1,1,normal,0
IC_3191,LOT_E,W01,11.0525,12.3417,13.1086,14.0448,1.9956,2.0316,12.5595,12.672,50.0,1,1,normal,0
IC_3192,LOT_E,W03,12.4699,13.0156,14.2784,14.2014,2.254,2.2489,12.2615,12.2217,50.0,1,1,normal,0
IC_3193,LOT_E,W15,9.083,10.1389,11.5072,11.7749,2.0141,2.0564,11.8261,12.0329,50.0,1,1,normal,0
IC_3194,LOT_B,W11,8.2068,9.8596,11.6876,12.5213,2.3404,2.4194,10.9077,10.9214,50.0,1,1,normal,0
IC_3195,LOT_F,W11,10.4735,12.3345,13.8864,14.7161,1.7673,1.9522,13.9456,14.1335,50.0,1,1,normal,0
IC_3196,LOT_B,W15,5.4515,7.1321,8.6827,10.4076,1.6771,1.7747,10.6851,10.7767,50.0,1,1,normal,0
IC_3197,LOT_F,W23,44.4468,45.871,47.0943,45.7796,4.5381,4.6254,17.6271,17.8556,50.0,1,1,latent_distribution_outlier,1
IC_3198,LOT_B,W23,9.1771,12.4373,31.5447,54.9223,2.754,2.9464,11.6511,11.7704,50.0,1,1,early_drifter,1
IC_3199,LOT_B,W19,7.5696,8.8676,11.2222,11.5245,2.4146,2.4841,10.1319,10.3111,50.0,1,1,normal,0
IC_3200,LOT_F,W23,11.4536,13.0483,14.8189,15.7862,2.5487,2.6518,12.9666,13.108,50.0,1,1,normal,0
IC_3201,LOT_A,W20,53.7328,61.9603,68.8802,79.2769,6.2675,6.7711,17.7161,18.535,50.0,0,0,gross_failure,1
IC_3202,LOT_A,W18,14.0,17.5397,38.0918,67.051,2.7165,2.9196,11.7483,12.1193,50.0,1,1,early_drifter,1
IC_3203,LOT_D,W06,12.0254,13.3504,14.6262,15.9238,3.0623,3.2177,11.7169,11.8888,50.0,1,1,normal,0
IC_3204,LOT_A,W09,6.9884,8.0588,8.2255,9.4772,2.1874,2.2511,9.9704,10.0669,50.0,1,1,normal,0
IC_3205,LOT_D,W21,10.1447,11.6078,12.5568,14.0742,2.9454,3.0267,10.9556,10.9478,50.0,1,1,normal,0
IC_3206,LOT_A,W04,10.8112,11.6884,12.8209,12.6383,2.9353,2.92,11.2811,11.3789,50.0,1,1,normal,0
IC_3207,LOT_A,W06,8.6312,10.4692,11.6411,12.8435,2.5415,2.6978,10.9372,11.0641,50.0,1,1,normal,0
IC_3208,LOT_D,W04,11.3449,12.7986,14.3559,15.6358,2.3566,2.4245,11.3799,11.5135,50.0,1,1,normal,0
IC_3209,LOT_E,W08,9.8038,11.0167,12.0711,13.1832,1.9502,1.9909,11.5244,11.4612,50.0,1,1,normal,0
IC_3210,LOT_B,W19,9.0379,10.033,10.8119,11.3703,2.6745,2.7841,11.0332,11.1636,50.0,1,1,normal,0
IC_3211,LOT_E,W05,11.1521,12.0875,12.2586,12.8096,2.1409,2.1729,12.3866,12.5489,50.0,1,1,normal,0
IC_3212,LOT_B,W09,38.024,39.5382,40.7554,40.3665,5.1016,5.1826,14.0909,14.3376,50.0,1,1,latent_distribution_outlier,1
IC_3213,LOT_B,W01,8.4138,9.5979,11.0892,11.9337,2.4497,2.5176,9.8336,10.026,50.0,1,1,normal,0
IC_3214,LOT_F,W14,11.5517,12.8907,14.4363,15.2635,2.5008,2.5927,13.57,13.8645,50.0,1,1,normal,0
IC_3215,LOT_B,W06,9.4609,10.6519,11.8424,12.8764,2.1398,2.1967,11.7613,11.9031,50.0,1,1,normal,0
IC_3216,LOT_D,W07,7.6913,9.1441,10.2855,11.8429,2.6097,2.6611,11.4771,11.6288,50.0,1,1,normal,0
IC_3217,LOT_F,W14,10.4151,10.9731,12.3735,12.859,2.0031,2.0351,12.6098,12.7091,50.0,1,1,normal,0
IC_3218,LOT_D,W03,76.482,81.1517,89.692,102.8243,7.8841,8.1418,21.9045,22.4603,50.0,0,0,gross_failure,1
IC_3219,LOT_F,W20,9.0507,9.8891,11.4225,12.0889,2.0279,2.0632,12.9627,13.0072,50.0,1,1,normal,0
IC_3220,LOT_B,W03,6.4008,8.2007,10.5264,11.4304,2.2726,2.3638,11.1853,11.5488,50.0,1,1,normal,0
IC_3221,LOT_E,W08,10.0344,11.6223,12.4615,13.5459,2.2251,2.2802,12.731,12.7738,50.0,1,1,normal,0
IC_3222,LOT_D,W05,11.7615,12.5379,13.1907,13.831,2.6287,2.6508,11.4682,11.7041,50.0,1,1,normal,0
IC_3223,LOT_D,W14,9.7483,11.2219,12.6296,13.9089,2.5197,2.6128,12.6706,12.8893,50.0,1,1,normal,0
IC_3224,LOT_E,W12,9.9256,11.5401,12.598,13.1825,2.1261,2.2356,11.8033,11.9173,50.0,1,1,normal,0
IC_3225,LOT_E,W19,13.3703,14.5832,16.2184,16.6281,2.5489,2.6248,12.8879,12.9141,50.0,1,1,normal,0
IC_3226,LOT_C,W04,40.5534,42.403,43.8006,44.5993,4.5658,4.6696,15.6768,15.8253,50.0,1,1,latent_distribution_outlier,1
IC_3227,LOT_D,W05,10.2728,11.2355,12.4908,12.8999,2.3158,2.3779,12.1642,12.5733,50.0,1,1,normal,0
IC_3228,LOT_C,W10,10.7464,11.7588,12.3611,13.2548,2.1644,2.187,11.022,11.0547,50.0,1,1,normal,0
IC_3229,LOT_C,W21,11.5359,12.6188,13.2695,13.7516,2.3875,2.4215,12.3633,12.3771,50.0,1,1,normal,0
IC_3230,LOT_D,W11,8.6221,9.3127,10.0031,10.4965,2.1648,2.2558,12.2846,12.5376,50.0,1,1,normal,0
IC_3231,LOT_F,W07,9.2187,11.0477,12.104,12.6464,2.1417,2.2162,12.5713,12.8864,50.0,1,1,normal,0
IC_3232,LOT_A,W21,12.5467,13.9153,15.6457,16.661,2.8725,2.9833,11.5105,11.7758,50.0,1,1,normal,0
IC_3233,LOT_C,W01,13.4728,14.6746,16.6973,17.3663,2.416,2.4902,13.5694,13.6767,50.0,1,1,normal,0
IC_3234,LOT_A,W11,11.649,13.3182,14.7424,15.3857,2.7067,2.8177,11.8731,12.0677,50.0,1,1,normal,0
IC_3235,LOT_B,W23,12.2666,13.4734,14.4712,15.2126,3.0221,3.138,10.9235,11.1019,50.0,1,1,normal,0
IC_3236,LOT_C,W21,12.4873,14.1837,15.9725,16.9161,2.3311,2.4272,11.2068,11.3323,50.0,1,1,normal,0
IC_3237,LOT_A,W11,8.0834,9.3491,10.8067,10.9865,2.3803,2.4324,10.4516,10.709,50.0,1,1,normal,0
IC_3238,LOT_A,W18,10.4073,12.2628,13.274,14.7147,2.6174,2.7235,11.0814,11.4108,50.0,1,1,normal,0
IC_3239,LOT_E,W01,11.8189,12.5812,13.4234,13.6646,2.6014,2.6801,12.6535,12.7157,50.0,1,1,normal,0
IC_3240,LOT_D,W03,11.3883,12.5159,13.8117,14.3874,2.4684,2.5637,12.0263,12.1019,50.0,1,1,normal,0
IC_3241,LOT_E,W01,11.2759,12.218,13.1577,13.152,3.0696,3.1655,12.2781,12.2602,50.0,1,1,normal,0
IC_3242,LOT_F,W05,9.5827,10.2068,11.4411,12.0331,2.1363,2.209,12.6602,12.9335,50.0,1,1,normal,0
IC_3243,LOT_A,W13,11.4567,12.6219,13.5456,14.5444,2.9322,2.9974,13.183,13.2349,50.0,1,1,normal,0
IC_3244,LOT_C,W13,10.7993,12.5281,14.4105,14.7512,2.1673,2.2991,10.892,11.0593,50.0,1,1,normal,0
IC_3245,LOT_A,W06,35.4104,37.0968,39.3904,42.0248,4.7176,4.7924,14.3507,14.5275,50.0,1,1,latent_distribution_outlier,1
IC_3246,LOT_B,W09,8.8687,10.1194,11.8303,13.477,2.7975,2.8778,10.7581,10.9229,50.0,1,1,normal,0
IC_3247,LOT_B,W16,10.3578,11.2378,12.0829,13.5159,2.6166,2.6123,11.8686,11.8969,50.0,1,1,normal,0
IC_3248,LOT_A,W23,11.6495,12.4491,13.4894,13.9,2.1373,2.1636,12.0726,12.2214,50.0,1,1,normal,0
IC_3249,LOT_F,W13,9.6915,10.2876,11.3791,12.6773,1.847,1.8338,13.1631,13.134,50.0,1,1,normal,0
IC_3250,LOT_F,W06,9.1201,10.2817,10.9527,11.5218,2.3189,2.4182,13.7466,14.0355,50.0,1,1,normal,0
IC_3251,LOT_A,W17,11.9886,12.9566,13.6357,14.3865,2.5152,2.5909,12.3797,12.4088,50.0,1,1,normal,0
IC_3252,LOT_F,W17,9.4934,11.1603,12.2119,13.1935,2.2128,2.2697,14.3544,14.5911,50.0,1,1,normal,0
IC_3253,LOT_E,W15,7.1887,10.3663,26.8275,50.2464,1.9315,2.1577,12.5726,12.8188,50.0,1,1,early_drifter,1
IC_3254,LOT_A,W23,9.0193,9.9694,11.5207,11.8713,2.5971,2.6685,10.9335,11.1144,50.0,1,1,normal,0
IC_3255,LOT_F,W03,10.7038,11.586,12.2414,12.7857,1.8738,1.9074,13.4497,13.3658,50.0,1,1,normal,0
IC_3256,LOT_C,W08,10.817,12.3134,13.8176,15.0053,2.289,2.3894,11.4574,11.4149,50.0,1,1,normal,0
IC_3257,LOT_E,W12,10.2591,11.5567,12.4815,13.3151,2.0626,2.091,12.6852,12.8054,50.0,1,1,normal,0
IC_3258,LOT_A,W04,9.8967,10.8505,11.5587,11.815,2.4047,2.4687,11.4068,11.4942,50.0,1,1,normal,0
IC_3259,LOT_E,W10,10.0599,11.5658,13.1456,14.1129,1.895,2.0064,12.6345,12.7147,50.0,1,1,normal,0
IC_3260,LOT_C,W22,12.1565,15.325,33.3132,55.699,2.2612,2.4029,11.3877,11.751,50.0,1,1,early_drifter,1
IC_3261,LOT_D,W03,10.5694,11.599,12.9774,12.7875,2.5157,2.6017,10.7243,10.9565,50.0,1,1,normal,0
IC_3262,LOT_E,W16,9.5501,11.1292,12.8638,13.9744,1.9133,1.9593,12.6851,13.0318,50.0,1,1,normal,0
IC_3263,LOT_C,W09,43.2548,45.6922,47.884,49.0748,4.4899,4.6353,17.4059,17.634,50.0,1,1,latent_distribution_outlier,1
IC_3264,LOT_D,W09,10.11,11.7594,13.1786,13.9664,2.5246,2.6179,12.741,12.8193,50.0,1,1,normal,0
IC_3265,LOT_C,W18,11.3312,11.9146,12.9101,14.474,2.1108,2.1431,12.5384,12.8005,50.0,1,1,normal,0
IC_3266,LOT_C,W24,10.853,11.7216,12.2889,13.2795,2.0528,2.0985,12.1195,12.1103,50.0,1,1,normal,0
IC_3267,LOT_F,W20,10.4299,11.8087,13.617,14.8148,2.4818,2.5427,13.9348,14.177,50.0,1,1,normal,0
IC_3268,LOT_A,W14,11.1718,12.2284,13.6544,13.9891,2.6057,2.7081,11.9095,12.0724,50.0,1,1,normal,0
IC_3269,LOT_D,W11,12.3973,14.1849,16.0335,16.112,2.8062,2.9628,12.8097,13.2038,50.0,1,1,normal,0
IC_3270,LOT_A,W08,11.2938,12.6369,14.3292,14.5363,2.1736,2.2033,11.9337,12.1902,50.0,1,1,normal,0
IC_3271,LOT_B,W23,6.6826,7.5462,8.8097,9.8882,2.4189,2.5009,12.1117,12.308,50.0,1,1,normal,0
IC_3272,LOT_A,W02,9.8475,10.9153,11.3747,12.8895,2.4093,2.4782,10.6161,10.9294,50.0,1,1,normal,0
IC_3273,LOT_E,W04,8.8429,9.512,10.2661,10.9616,2.3948,2.4594,12.613,12.8734,50.0,1,1,normal,0
IC_3274,LOT_F,W14,11.836,13.2621,14.6477,15.8729,2.2824,2.3771,12.2744,12.4286,50.0,1,1,normal,0
IC_3275,LOT_F,W19,11.4363,12.7373,13.6716,14.6956,2.3598,2.4052,15.048,15.2481,50.0,1,1,normal,0
IC_3276,LOT_F,W22,11.2284,12.0805,13.1279,14.5329,2.3064,2.3433,13.6921,13.7555,50.0,1,1,normal,0
IC_3277,LOT_E,W06,80.0909,89.8837,107.8811,133.4052,7.793,8.3995,23.5064,24.7514,50.0,0,0,gross_failure,1
IC_3278,LOT_E,W13,11.5229,12.7475,13.1938,13.5515,2.5119,2.6309,12.8045,12.9205,50.0,1,1,normal,0
IC_3279,LOT_E,W02,11.7475,12.9375,13.5742,14.2626,2.1066,2.1984,12.7167,12.8779,50.0,1,1,normal,0
IC_3280,LOT_C,W18,11.5498,12.7888,14.0889,14.9254,2.0999,2.2294,12.9157,13.1361,50.0,1,1,normal,0
IC_3281,LOT_A,W15,9.1211,10.4881,11.7507,12.6447,2.452,2.4879,11.9259,12.1507,50.0,1,1,normal,0
IC_3282,LOT_B,W24,6.2154,7.179,8.6025,9.1612,2.2139,2.2161,11.2221,11.3898,50.0,1,1,normal,0
IC_3283,LOT_D,W04,10.3806,11.5634,13.3142,13.4353,2.7459,2.7857,11.9558,12.2512,50.0,1,1,normal,0
IC_3284,LOT_C,W23,10.8499,11.9894,13.3412,13.7196,2.2883,2.3026,11.0209,11.1294,50.0,1,1,normal,0
IC_3285,LOT_D,W11,8.3452,9.8235,11.3886,12.2613,2.6983,2.8381,12.0107,12.307,50.0,1,1,normal,0
IC_3286,LOT_D,W09,37.3246,39.4006,41.9704,43.8368,4.706,4.8379,15.7832,15.9476,50.0,1,1,latent_distribution_outlier,1
IC_3287,LOT_A,W06,10.3796,11.9075,13.5348,13.7384,2.1655,2.2937,12.9309,13.1144,50.0,1,1,normal,0
IC_3288,LOT_D,W05,7.0551,8.2363,9.3883,10.1519,2.2457,2.2902,12.8695,13.1373,50.0,1,1,normal,0
IC_3289,LOT_E,W01,10.2197,13.0678,31.0873,56.3304,2.1236,2.2821,11.8784,12.3784,50.0,1,1,early_drifter,1
IC_3290,LOT_D,W18,11.1743,12.1258,12.8644,13.8635,2.6474,2.7483,11.495,11.5808,50.0,1,1,normal,0
IC_3291,LOT_F,W24,11.1568,12.2544,12.5323,14.2242,2.1154,2.162,13.883,14.1788,50.0,1,1,normal,0
IC_3292,LOT_C,W03,12.0142,13.0355,14.4044,15.7199,2.0529,2.1112,10.3883,10.6606,50.0,1,1,normal,0
IC_3293,LOT_F,W13,10.324,11.8362,13.7497,14.3876,1.8743,1.9827,14.6461,14.8822,50.0,1,1,normal,0
IC_3294,LOT_B,W13,4.2789,5.3604,6.7757,7.0728,2.1906,2.2677,9.4975,9.6422,50.0,1,1,normal,0
IC_3295,LOT_B,W07,8.1711,9.3674,10.6656,11.4943,2.393,2.4614,9.3993,9.4908,50.0,1,1,normal,0
IC_3296,LOT_D,W04,8.7506,11.71,30.102,53.2846,2.0567,2.28,12.7084,13.0601,50.0,1,1,early_drifter,1
IC_3297,LOT_D,W18,44.0877,46.2484,48.4004,49.6097,5.0666,5.1574,17.1311,17.3811,50.0,1,1,latent_distribution_outlier,1
IC_3298,LOT_C,W19,10.7352,11.6035,13.1151,14.1588,2.1987,2.2417,11.8324,11.832,50.0,1,1,normal,0
IC_3299,LOT_C,W08,8.6055,9.7559,11.0231,11.7365,2.4702,2.545,12.0861,12.4884,50.0,1,1,normal,0
IC_3300,LOT_E,W01,11.5664,12.955,14.5424,15.7246,2.2752,2.3704,13.4774,13.6255,50.0,1,1,normal,0
IC_3301,LOT_D,W10,10.5959,11.9241,14.2067,15.4913,2.2459,2.3924,10.869,11.1633,50.0,1,1,normal,0
IC_3302,LOT_A,W19,14.1275,15.7703,17.1193,18.2235,2.987,3.1032,12.0296,12.1424,50.0,1,1,normal,0
IC_3303,LOT_A,W12,9.9626,10.9565,11.7432,12.4005,2.227,2.3115,10.8139,11.0125,50.0,1,1,normal,0
IC_3304,LOT_A,W01,11.8437,12.9718,14.0871,14.6335,2.403,2.4683,11.1072,11.3601,50.0,1,1,normal,0
IC_3305,LOT_E,W23,7.3939,8.6413,9.0345,9.6839,2.6021,2.7139,12.3317,12.4623,50.0,1,1,normal,0
IC_3306,LOT_A,W03,9.4024,10.4772,10.781,11.5224,2.2663,2.3215,11.9934,12.0481,50.0,1,1,normal,0
IC_3307,LOT_A,W02,7.5644,8.4144,9.0079,9.3796,2.3223,2.3637,10.7033,10.9612,50.0,1,1,normal,0
IC_3308,LOT_E,W12,11.2569,11.9588,13.4911,13.7822,2.1931,2.2485,12.4105,12.4365,50.0,1,1,normal,0
IC_3309,LOT_A,W20,9.1386,10.452,11.7956,12.6855,2.4854,2.5413,11.9195,12.1009,50.0,1,1,normal,0
IC_3310,LOT_E,W03,9.1647,10.5252,12.7662,12.5518,1.9482,2.0368,11.687,11.9052,50.0,1,1,normal,0
IC_3311,LOT_E,W05,14.0215,14.8816,16.9511,17.8898,2.9835,3.0079,12.0767,12.079,50.0,1,1,normal,0
IC_3312,LOT_C,W19,12.7015,14.0162,15.2694,16.4779,2.1583,2.2156,12.3884,12.4572,50.0,1,1,normal,0
IC_3313,LOT_F,W06,13.6763,14.8844,15.4401,16.8295,2.6111,2.7276,14.0132,14.0899,50.0,1,1,normal,0
IC_3314,LOT_F,W21,9.9938,11.8735,13.4153,13.6449,2.4505,2.4602,12.8972,13.1154,50.0,1,1,normal,0
IC_3315,LOT_A,W24,9.189,10.4692,11.1206,12.3101,2.8725,2.9219,10.608,10.7971,50.0,1,1,normal,0
IC_3316,LOT_A,W08,42.8748,44.0382,44.6139,46.0993,4.8337,4.9143,15.6755,15.8593,50.0,1,1,latent_distribution_outlier,1
IC_3317,LOT_E,W08,13.3084,14.8093,16.4612,16.9908,2.6155,2.777,12.3441,12.4617,50.0,1,1,normal,0
IC_3318,LOT_F,W20,13.2651,14.3854,15.1422,15.8068,2.4669,2.5143,14.3765,14.6348,50.0,1,1,normal,0
IC_3319,LOT_B,W05,4.8399,5.7946,7.0,6.9253,2.1791,2.2527,12.1729,12.1433,50.0,1,1,normal,0
IC_3320,LOT_D,W12,9.9781,11.3793,12.9146,13.2482,2.3423,2.3944,11.2116,11.2257,50.0,1,1,normal,0
IC_3321,LOT_F,W18,9.9037,10.5524,11.2247,11.6481,2.223,2.2509,11.2353,11.3,50.0,1,1,normal,0
IC_3322,LOT_E,W23,7.8033,9.3357,10.2266,11.4112,2.0229,2.0906,13.0082,13.2588,50.0,1,1,normal,0
IC_3323,LOT_A,W02,11.6967,13.4401,15.0201,15.3992,2.7268,2.8097,12.2887,12.3994,50.0,1,1,normal,0
IC_3324,LOT_E,W12,12.5431,13.4212,14.0284,14.0343,2.5053,2.596,12.9562,12.9771,50.0,1,1,normal,0
IC_3325,LOT_C,W13,11.8486,13.2913,14.8599,16.1406,2.2123,2.2645,12.1285,12.3455,50.0,1,1,normal,0
IC_3326,LOT_F,W13,12.2814,13.6268,14.8607,15.1148,2.2958,2.3164,14.301,14.5246,50.0,1,1,normal,0
IC_3327,LOT_F,W07,9.7196,10.4294,11.4864,12.2488,1.7733,1.8315,13.6092,13.6148,50.0,1,1,normal,0
IC_3328,LOT_A,W06,10.3973,11.8577,13.4182,14.2701,2.7278,2.7946,12.5396,12.7806,50.0,1,1,normal,0
IC_3329,LOT_D,W15,12.2819,14.0611,15.2283,16.2454,2.763,2.8593,11.4352,11.5542,50.0,1,1,normal,0
IC_3330,LOT_A,W20,9.6042,11.2221,13.0096,13.8051,2.4429,2.54,11.9572,12.1576,50.0,1,1,normal,0
IC_3331,LOT_A,W19,11.8936,17.6248,47.3275,87.9699,2.4536,2.8155,10.053,10.6974,50.0,1,1,early_drifter,1
IC_3332,LOT_F,W14,10.7918,11.5288,12.5178,13.3276,2.5004,2.5366,12.8308,12.8019,50.0,1,1,normal,0
IC_3333,LOT_B,W16,6.0881,7.2293,8.425,9.2057,2.4916,2.5957,10.6971,10.8887,50.0,1,1,normal,0
IC_3334,LOT_F,W14,12.9999,14.005,15.2422,16.5886,2.2777,2.385,14.0963,14.2548,50.0,1,1,normal,0
IC_3335,LOT_F,W01,9.9027,11.3193,12.704,14.0124,2.0539,2.1537,10.3144,10.4167,50.0,1,1,normal,0
IC_3336,LOT_F,W12,9.0455,10.4387,12.2873,12.4704,1.7068,1.7557,12.7052,12.8307,50.0,1,1,normal,0
IC_3337,LOT_C,W07,44.7769,46.6482,47.5443,48.2775,4.7972,4.9444,16.8969,17.1158,50.0,1,1,latent_distribution_outlier,1
IC_3338,LOT_F,W14,8.5189,9.6023,9.6749,11.1436,2.601,2.6574,12.0094,12.2641,50.0,1,1,normal,0
IC_3339,LOT_F,W11,10.7856,12.153,13.0795,15.0032,2.4699,2.5674,13.6845,13.9914,50.0,1,1,normal,0
IC_3340,LOT_F,W10,11.6602,13.1503,14.954,16.2292,2.2065,2.3527,12.4416,12.6536,50.0,1,1,normal,0
IC_3341,LOT_C,W05,10.7561,11.9701,13.4656,14.1801,2.0,2.1034,13.0899,13.4081,50.0,1,1,normal,0
IC_3342,LOT_C,W06,11.4379,12.6735,14.0515,14.7022,2.0811,2.1568,11.2752,11.524,50.0,1,1,normal,0
IC_3343,LOT_F,W16,10.7885,11.846,12.999,14.0408,2.3509,2.3397,13.4908,13.6866,50.0,1,1,normal,0
IC_3344,LOT_B,W08,8.8994,10.2882,11.3286,11.8312,2.412,2.4861,10.6836,10.7635,50.0,1,1,normal,0
IC_3345,LOT_F,W05,12.2599,12.9814,13.6933,14.4706,2.085,2.1754,13.4195,13.6588,50.0,1,1,normal,0
IC_3346,LOT_A,W12,12.2968,13.2575,14.4121,15.6666,2.5753,2.6311,12.1451,12.0905,50.0,1,1,normal,0
IC_3347,LOT_A,W01,10.0508,11.4409,13.1005,12.3303,2.7883,2.8006,11.7058,11.8174,50.0,1,1,normal,0
IC_3348,LOT_C,W02,11.0632,12.0071,12.7139,13.0659,2.2046,2.2547,11.8808,12.1048,50.0,1,1,normal,0
IC_3349,LOT_A,W13,8.0041,12.7772,39.5249,74.3969,2.0497,2.3162,11.1611,11.8685,50.0,1,1,early_drifter,1
IC_3350,LOT_D,W07,10.4696,11.8631,14.0344,14.1229,2.2248,2.2879,11.5074,11.5568,50.0,1,1,normal,0
IC_3351,LOT_A,W21,9.4626,10.8019,12.1314,12.6932,2.0939,2.1169,11.1988,11.5039,50.0,1,1,normal,0
IC_3352,LOT_D,W16,9.764,11.1834,12.0599,12.827,2.7504,2.8271,11.2686,11.6393,50.0,1,1,normal,0
IC_3353,LOT_D,W23,11.1258,12.5904,13.8801,14.6047,2.4858,2.567,11.4566,11.523,50.0,1,1,normal,0
IC_3354,LOT_C,W07,12.037,12.9408,13.5385,14.3046,2.1562,2.1705,12.5594,12.7334,50.0,1,1,normal,0
IC_3355,LOT_B,W08,8.5715,9.6379,10.3355,11.7074,2.1478,2.2211,11.3309,11.4357,50.0,1,1,normal,0
IC_3356,LOT_D,W07,9.7063,10.6088,10.8859,11.8307,2.3242,2.3641,10.2601,10.4367,50.0,1,1,normal,0
IC_3357,LOT_C,W17,13.2052,14.4027,15.8438,17.0276,2.4442,2.5025,13.5963,13.7299,50.0,1,1,normal,0
IC_3358,LOT_B,W09,8.2407,9.2402,10.2268,10.4753,2.8154,2.8685,11.4752,11.553,50.0,1,1,normal,0
IC_3359,LOT_C,W24,10.7741,11.9059,13.4257,13.8742,2.2063,2.309,11.3461,11.7098,50.0,1,1,normal,0
IC_3360,LOT_C,W11,11.9619,13.1076,13.7352,14.6984,2.1045,2.1425,12.8127,12.9524,50.0,1,1,normal,0
IC_3361,LOT_A,W15,11.0148,11.9736,13.3444,13.8882,3.1205,3.2046,12.3413,12.538,50.0,1,1,normal,0
IC_3362,LOT_A,W17,12.469,14.0761,15.9511,16.3868,3.3474,3.445,11.138,11.3329,50.0,1,1,normal,0
IC_3363,LOT_D,W04,9.4542,10.3927,10.92,11.4904,2.3727,2.4415,11.629,11.6562,50.0,1,1,normal,0
IC_3364,LOT_A,W03,9.2574,10.5835,11.9242,13.1277,1.9966,2.1318,9.946,10.1081,50.0,1,1,normal,0
IC_3365,LOT_B,W16,11.3397,12.7916,14.6952,15.0251,2.9938,3.073,9.7738,10.0438,50.0,1,1,normal,0
IC_3366,LOT_F,W11,10.0367,10.833,12.2253,12.8337,1.9889,2.0229,13.119,13.1738,50.0,1,1,normal,0
IC_3367,LOT_A,W05,44.6115,45.5688,47.0078,48.324,5.3499,5.3962,16.1331,16.2452,50.0,1,1,latent_distribution_outlier,1
IC_3368,LOT_B,W19,10.3028,11.6995,13.8055,13.8324,2.5133,2.6271,12.329,12.5255,50.0,1,1,normal,0
IC_3369,LOT_C,W10,12.6616,13.8881,15.573,16.9418,2.1237,2.1737,11.7599,11.928,50.0,1,1,normal,0
IC_3370,LOT_F,W22,11.0891,12.5981,14.1225,14.7842,1.8741,2.0066,13.9087,14.1217,50.0,1,1,normal,0
IC_3371,LOT_D,W19,8.2619,9.4065,11.2371,12.1774,2.4635,2.5431,12.6496,12.6762,50.0,1,1,normal,0
IC_3372,LOT_E,W24,8.4406,9.5546,10.387,10.5322,2.0687,2.0845,12.3192,12.6407,50.0,1,1,normal,0
IC_3373,LOT_C,W15,11.5579,12.3771,12.8487,13.0857,2.1757,2.2449,11.2753,11.18,50.0,1,1,normal,0
IC_3374,LOT_A,W19,10.9978,16.4708,47.0063,88.452,2.0405,2.4014,11.13,11.6715,50.0,1,1,early_drifter,1
IC_3375,LOT_C,W04,13.4281,14.8303,16.5025,17.4349,2.5208,2.6308,13.8887,14.1521,50.0,1,1,normal,0
IC_3376,LOT_E,W21,10.7667,11.853,13.3834,14.1505,2.1972,2.2451,12.389,12.5458,50.0,1,1,normal,0
IC_3377,LOT_A,W06,7.0,13.5112,49.5206,94.9476,2.1818,2.5097,10.4588,11.4346,50.0,1,1,early_drifter,1
IC_3378,LOT_F,W04,39.413,41.604,44.5434,45.8796,4.2642,4.3681,17.539,17.7319,50.0,1,1,latent_distribution_outlier,1
IC_3379,LOT_C,W06,11.0891,12.1592,12.9372,13.4636,1.9271,1.9702,11.648,11.6756,50.0,1,1,normal,0
IC_3380,LOT_E,W24,11.5829,12.8051,13.5952,15.0972,2.2582,2.2975,13.4742,13.7008,50.0,1,1,normal,0
IC_3381,LOT_F,W16,11.03,12.1975,13.5652,13.6931,1.6218,1.6369,13.4892,13.6617,50.0,1,1,normal,0
IC_3382,LOT_A,W13,9.0454,15.3014,50.4063,95.5656,2.9419,3.2912,11.2591,12.0135,50.0,1,1,early_drifter,1
IC_3383,LOT_A,W24,11.2801,16.5167,46.0126,84.5012,2.5825,2.9454,11.1129,11.7173,50.0,1,1,early_drifter,1
IC_3384,LOT_D,W13,9.2323,10.5473,11.9619,12.6176,2.3674,2.4399,12.3713,12.4905,50.0,1,1,normal,0
IC_3385,LOT_E,W12,12.7708,14.1489,15.7087,17.287,2.6734,2.7622,13.1574,13.266,50.0,1,1,normal,0
IC_3386,LOT_D,W21,11.3718,11.9864,13.0594,13.3026,2.7883,2.8461,12.5936,12.5062,50.0,1,1,normal,0
IC_3387,LOT_B,W15,7.8611,8.7564,9.8224,9.9441,2.439,2.4695,11.8863,11.8262,50.0,1,1,normal,0
IC_3388,LOT_C,W03,12.9869,13.9923,14.7054,16.1962,2.4994,2.5421,12.7016,12.7987,50.0,1,1,normal,0
IC_3389,LOT_B,W06,7.7233,8.9072,9.9329,11.4633,2.6793,2.8093,10.8418,10.9082,50.0,1,1,normal,0
IC_3390,LOT_A,W22,10.654,12.4799,13.1435,14.696,2.7753,2.8363,12.1426,12.3179,50.0,1,1,normal,0
IC_3391,LOT_E,W11,8.1013,9.2565,10.8875,12.4512,2.0804,2.1524,12.4478,12.62,50.0,1,1,normal,0
IC_3392,LOT_D,W14,8.331,9.6065,11.2608,11.9849,2.0911,2.1319,11.9782,12.0916,50.0,1,1,normal,0
IC_3393,LOT_D,W16,10.8144,12.4023,13.7181,14.4199,2.4953,2.588,13.1283,13.3018,50.0,1,1,normal,0
IC_3394,LOT_A,W15,11.3791,12.8482,14.4608,15.475,2.7644,2.8816,11.4821,11.6176,50.0,1,1,normal,0
IC_3395,LOT_D,W22,8.6496,10.3763,11.3095,12.9383,1.9138,1.9805,12.0995,12.3846,50.0,1,1,normal,0
IC_3396,LOT_C,W12,10.8424,11.9935,12.3417,13.5724,2.4806,2.5239,13.2377,13.3303,50.0,1,1,normal,0
IC_3397,LOT_B,W15,10.2155,11.7613,13.1434,14.5857,2.775,2.894,11.5621,11.8048,50.0,1,1,normal,0
IC_3398,LOT_B,W22,7.8898,8.5528,9.8702,9.5508,2.4734,2.5256,11.9718,12.0946,50.0,1,1,normal,0
IC_3399,LOT_A,W17,32.1745,34.4103,37.1893,38.0483,4.2653,4.3606,14.5441,14.8061,50.0,1,1,latent_distribution_outlier,1
IC_3400,LOT_E,W08,8.0265,9.1426,10.6179,11.3462,1.9863,2.0596,11.3455,11.1975,50.0,1,1,normal,0
IC_3401,LOT_B,W23,5.7696,7.435,9.122,9.4672,1.9037,2.0265,10.8421,11.1226,50.0,1,1,normal,0
IC_3402,LOT_C,W21,32.5879,34.6361,37.2631,38.7747,3.7419,3.8663,15.1768,15.331,50.0,1,1,latent_distribution_outlier,1
IC_3403,LOT_F,W24,10.293,11.5048,12.5375,13.7492,2.2144,2.2774,12.7369,12.8056,50.0,1,1,normal,0
IC_3404,LOT_B,W06,5.3038,6.4494,7.5794,8.22,2.403,2.4742,10.0818,10.2902,50.0,1,1,normal,0
IC_3405,LOT_D,W17,6.5853,7.9927,9.6487,10.5017,2.106,2.1867,11.7759,11.7526,50.0,1,1,normal,0
IC_3406,LOT_A,W20,44.9807,46.101,48.4616,48.5678,5.3993,5.507,15.6277,15.8776,50.0,1,1,latent_distribution_outlier,1
IC_3407,LOT_D,W11,9.5672,15.4256,49.7293,92.7551,2.48,2.8764,10.478,11.2807,50.0,1,1,early_drifter,1
IC_3408,LOT_D,W10,7.6975,9.0376,10.437,11.0233,2.1552,2.2795,11.758,11.9015,50.0,1,1,normal,0
IC_3409,LOT_A,W19,45.4668,47.276,48.7847,48.3329,5.1938,5.3369,16.3871,16.5428,50.0,1,1,latent_distribution_outlier,1
IC_3410,LOT_E,W10,9.0709,10.324,11.391,12.0184,1.9606,1.9983,12.406,12.5201,50.0,1,1,normal,0
IC_3411,LOT_A,W08,11.8369,15.6303,38.2996,68.521,2.8038,3.0082,11.9763,12.6603,50.0,1,1,early_drifter,1
IC_3412,LOT_C,W15,13.8007,14.6225,15.2335,16.0226,2.5426,2.6196,12.1841,12.2407,50.0,1,1,normal,0
IC_3413,LOT_B,W17,8.1069,9.5631,11.3697,11.9468,2.2667,2.3726,9.2732,9.4556,50.0,1,1,normal,0
IC_3414,LOT_B,W05,11.1213,12.6044,14.5986,15.3675,2.6439,2.7198,12.3832,12.6238,50.0,1,1,normal,0
IC_3415,LOT_C,W22,10.285,11.6774,12.9469,14.19,2.0752,2.1734,11.979,12.1398,50.0,1,1,normal,0
IC_3416,LOT_C,W22,12.0171,13.2017,14.1688,15.1836,2.0289,2.0714,11.3383,11.404,50.0,1,1,normal,0
IC_3417,LOT_B,W14,7.4009,8.9965,10.553,11.1993,2.0779,2.1953,11.4265,11.5885,50.0,1,1,normal,0
IC_3418,LOT_A,W03,11.1644,12.5832,14.2788,14.2685,2.6964,2.7719,10.9461,11.1558,50.0,1,1,normal,0
IC_3419,LOT_C,W22,11.8392,13.4823,14.799,16.3443,2.2727,2.375,12.1841,12.2631,50.0,1,1,normal,0
IC_3420,LOT_F,W09,8.8887,10.1167,11.933,12.0747,1.8171,1.9079,12.7045,12.6925,50.0,1,1,normal,0
IC_3421,LOT_B,W03,8.57,9.4223,10.5998,11.4114,2.3724,2.42,11.3409,11.4717,50.0,1,1,normal,0
IC_3422,LOT_B,W19,7.1968,9.1429,10.4811,11.2244,2.3732,2.4911,9.3603,9.5684,50.0,1,1,normal,0
IC_3423,LOT_C,W16,11.1389,12.1809,12.9758,13.3285,1.9692,2.0923,11.6491,11.8639,50.0,1,1,normal,0
IC_3424,LOT_B,W10,8.5389,9.7279,10.9342,11.3882,2.443,2.4673,9.5537,9.5706,50.0,1,1,normal,0
IC_3425,LOT_E,W07,8.5803,10.3149,11.5445,12.4987,2.2332,2.3449,11.9041,12.2219,50.0,1,1,normal,0
IC_3426,LOT_D,W05,13.3048,15.1982,16.8297,17.4938,2.3959,2.5001,10.8901,11.1839,50.0,1,1,normal,0
IC_3427,LOT_A,W02,11.5814,13.513,14.691,15.491,2.9197,3.0855,11.3911,11.6922,50.0,1,1,normal,0
IC_3428,LOT_F,W08,8.0205,9.2704,10.8536,11.2313,1.8979,1.9896,13.2645,13.6343,50.0,1,1,normal,0
IC_3429,LOT_A,W13,6.9672,8.3419,9.0883,10.0161,2.3726,2.416,10.7643,10.9496,50.0,1,1,normal,0
IC_3430,LOT_B,W07,8.3687,11.6774,30.8716,56.6362,2.483,2.6419,10.5005,10.9911,50.0,1,1,early_drifter,1
IC_3431,LOT_D,W05,9.3992,10.5478,11.6181,12.7985,2.1728,2.2403,12.105,12.3663,50.0,1,1,normal,0
IC_3432,LOT_A,W07,10.6216,11.9636,13.4188,14.1866,2.6437,2.7244,11.3589,11.3746,50.0,1,1,normal,0
IC_3433,LOT_F,W07,10.9771,11.8804,12.8131,13.4774,2.2471,2.3099,13.6666,13.6869,50.0,1,1,normal,0
IC_3434,LOT_B,W22,8.443,9.821,12.1658,12.9396,2.5292,2.6193,10.9637,11.1245,50.0,1,1,normal,0
IC_3435,LOT_A,W21,10.0379,10.8426,11.5905,12.5302,2.302,2.3464,11.4532,11.5614,50.0,1,1,normal,0
IC_3436,LOT_A,W03,8.9921,10.4597,12.0038,13.7668,2.4966,2.6376,11.5317,11.7171,50.0,1,1,normal,0
IC_3437,LOT_E,W13,11.1063,12.21,13.6541,13.945,2.4671,2.5846,13.1393,13.255,50.0,1,1,normal,0
IC_3438,LOT_B,W03,7.8057,9.5685,10.8286,11.9554,2.3863,2.506,10.7861,10.8085,50.0,1,1,normal,0
IC_3439,LOT_E,W07,33.7127,36.0203,39.02,39.8157,4.099,4.3146,16.4441,16.8804,50.0,1,1,latent_distribution_outlier,1
IC_3440,LOT_A,W23,10.4203,11.5458,12.105,13.1705,2.2412,2.2733,10.8029,11.0634,50.0,1,1,normal,0
IC_3441,LOT_F,W08,11.5241,12.5607,13.4241,13.9195,1.856,1.9023,14.0665,14.2243,50.0,1,1,normal,0
IC_3442,LOT_D,W14,12.4831,13.2843,14.383,15.0319,2.8445,2.8456,11.3681,11.3533,50.0,1,1,normal,0
IC_3443,LOT_B,W08,12.5858,13.7821,14.5865,15.2114,2.854,2.9355,13.8358,13.9647,50.0,1,1,normal,0
IC_3444,LOT_D,W16,8.9711,10.07,11.2268,11.7273,2.4333,2.5134,11.6964,12.0136,50.0,1,1,normal,0
IC_3445,LOT_A,W01,12.5728,18.4791,49.5925,90.6873,2.5024,2.8535,11.106,11.7844,50.0,1,1,early_drifter,1
IC_3446,LOT_F,W03,10.7409,12.1825,13.7174,14.8952,1.7684,1.8064,13.0726,13.306,50.0,1,1,normal,0
IC_3447,LOT_D,W11,12.4516,13.6369,15.0483,15.9792,2.7418,2.8151,11.974,12.0571,50.0,1,1,normal,0
IC_3448,LOT_A,W02,11.5687,12.5699,14.0092,14.1172,3.161,3.2253,12.1865,12.1608,50.0,1,1,normal,0
IC_3449,LOT_B,W20,9.3336,11.122,12.0376,13.6994,2.486,2.6321,11.1062,11.4117,50.0,1,1,normal,0
IC_3450,LOT_A,W02,8.3354,9.6541,11.6284,12.4352,2.3213,2.3542,11.2698,11.2696,50.0,1,1,normal,0
IC_3451,LOT_F,W09,13.0702,14.0662,14.2127,14.5816,2.5983,2.6304,14.7289,14.9294,50.0,1,1,normal,0
IC_3452,LOT_C,W24,11.9131,13.0772,13.9109,15.2103,2.2614,2.3359,11.0093,11.3151,50.0,1,1,normal,0
IC_3453,LOT_E,W11,9.7948,11.3071,13.0292,14.0221,2.2032,2.3247,10.9149,11.2075,50.0,1,1,normal,0
IC_3454,LOT_D,W23,9.0431,9.9539,11.2783,11.9794,2.335,2.4096,12.1408,12.4313,50.0,1,1,normal,0
IC_3455,LOT_F,W01,11.8227,13.515,14.9743,16.007,2.4043,2.4736,12.3216,12.6247,50.0,1,1,normal,0
IC_3456,LOT_F,W11,10.1193,11.4336,13.1158,14.0086,1.5556,1.6327,13.0765,13.1709,50.0,1,1,normal,0
IC_3457,LOT_D,W10,12.4561,13.8699,15.9047,16.5946,2.5212,2.5644,11.788,11.9773,50.0,1,1,normal,0
IC_3458,LOT_C,W17,9.1633,9.7791,10.7949,11.6102,2.2801,2.3142,11.6859,11.7429,50.0,1,1,normal,0
IC_3459,LOT_E,W23,10.1447,11.2609,12.132,13.3035,1.984,2.0529,14.0289,14.1064,50.0,1,1,normal,0
IC_3460,LOT_C,W20,11.1225,12.7732,13.8993,15.2567,2.2951,2.4134,11.8013,12.1234,50.0,1,1,normal,0
IC_3461,LOT_E,W16,41.8184,44.365,45.78,48.7893,4.538,4.6609,18.3399,18.7452,50.0,1,1,latent_distribution_outlier,1
IC_3462,LOT_E,W24,10.5553,11.096,12.0473,12.7503,2.4597,2.4708,12.6666,12.8001,50.0,1,1,normal,0
IC_3463,LOT_F,W20,9.2183,10.018,11.4008,11.7977,1.9733,2.0518,12.6015,12.7786,50.0,1,1,normal,0
IC_3464,LOT_A,W21,9.4716,10.2979,11.2649,11.9427,2.5258,2.6514,11.299,11.3645,50.0,1,1,normal,0
IC_3465,LOT_E,W13,11.2558,12.7572,14.2849,15.3597,2.8059,2.9445,12.8799,12.8675,50.0,1,1,normal,0
IC_3466,LOT_D,W06,11.5549,13.0667,13.8378,14.3704,2.7081,2.7949,11.9872,12.2504,50.0,1,1,normal,0
IC_3467,LOT_F,W18,11.9858,13.4533,14.9824,16.0995,1.8712,2.0001,14.2345,14.3947,50.0,1,1,normal,0
IC_3468,LOT_E,W14,10.2625,11.5207,13.5817,14.4785,2.4257,2.5152,14.3939,14.5621,50.0,1,1,normal,0
IC_3469,LOT_B,W13,42.1331,42.8681,44.9742,45.3199,5.1807,5.2553,16.2458,16.3721,50.0,1,1,latent_distribution_outlier,1
IC_3470,LOT_C,W23,12.7034,13.7139,14.9985,15.2716,2.1024,2.1359,11.2375,11.2693,50.0,1,1,normal,0
IC_3471,LOT_B,W17,6.4839,8.1214,9.4274,10.207,2.47,2.59,10.9138,11.1919,50.0,1,1,normal,0
IC_3472,LOT_D,W13,11.6149,12.5334,13.291,14.7439,2.513,2.6261,13.087,13.3249,50.0,1,1,normal,0
IC_3473,LOT_E,W19,12.2287,13.8018,15.0526,16.1429,2.2309,2.3477,12.5446,12.8669,50.0,1,1,normal,0
IC_3474,LOT_B,W10,9.2799,10.6973,12.7066,14.1585,2.7892,2.8753,9.4032,9.5179,50.0,1,1,normal,0
IC_3475,LOT_C,W12,10.2508,11.1719,11.892,12.7826,2.0154,2.0694,10.9231,10.8579,50.0,1,1,normal,0
IC_3476,LOT_A,W15,10.3367,16.5265,49.7832,92.4405,2.6887,3.0392,11.1361,11.939,50.0,1,1,early_drifter,1
IC_3477,LOT_B,W02,11.6531,12.9972,13.821,14.985,2.61,2.6773,12.2376,12.3364,50.0,1,1,normal,0
IC_3478,LOT_D,W01,9.6384,13.7883,37.8414,70.3776,2.5064,2.7392,11.0502,11.6311,50.0,1,1,early_drifter,1
IC_3479,LOT_F,W10,10.8568,11.8057,11.9491,12.7577,2.6189,2.6658,13.0006,13.1362,50.0,1,1,normal,0
IC_3480,LOT_A,W09,9.6014,10.4638,11.1685,11.4277,2.6343,2.727,11.2195,11.3337,50.0,1,1,normal,0
IC_3481,LOT_E,W17,12.1716,13.0677,13.9965,14.4911,2.2467,2.3323,11.9578,12.0868,50.0,1,1,normal,0
IC_3482,LOT_C,W20,36.6978,37.6982,38.8411,39.5967,4.5026,4.5848,14.9761,15.2402,50.0,1,1,latent_distribution_outlier,1
IC_3483,LOT_D,W07,8.4479,9.3173,10.0391,10.5564,2.2584,2.2805,11.6567,11.7306,50.0,1,1,normal,0
IC_3484,LOT_B,W24,8.4863,9.7227,11.0723,11.6025,2.2553,2.3367,10.5005,10.364,50.0,1,1,normal,0
IC_3485,LOT_A,W19,6.9902,8.7057,10.4291,11.1266,2.3494,2.4703,12.0665,12.3197,50.0,1,1,normal,0
IC_3486,LOT_F,W16,36.2761,37.4461,38.1984,40.7705,3.9342,4.0029,18.0956,18.1051,50.0,1,1,latent_distribution_outlier,1
IC_3487,LOT_D,W17,9.465,10.7667,11.7561,12.3913,2.9532,3.0532,11.9648,11.9477,50.0,1,1,normal,0
IC_3488,LOT_A,W16,10.1889,11.4277,12.7659,13.2199,2.5885,2.65,12.4434,12.5678,50.0,1,1,normal,0
IC_3489,LOT_D,W20,9.2161,14.9462,48.891,92.5654,2.6336,2.972,10.992,11.7691,50.0,1,1,early_drifter,1
IC_3490,LOT_C,W14,9.6402,11.0049,12.1151,13.1945,1.8754,1.9422,11.6431,11.6899,50.0,1,1,normal,0
IC_3491,LOT_A,W05,6.8457,7.5639,8.6297,8.1131,2.2822,2.3664,12.5154,12.5469,50.0,1,1,normal,0
IC_3492,LOT_F,W03,9.5739,11.2331,13.3931,14.0518,1.6761,1.7983,11.5383,11.868,50.0,1,1,normal,0
IC_3493,LOT_F,W04,9.7633,11.513,13.2865,15.0739,2.1913,2.3016,13.3902,13.5922,50.0,1,1,normal,0
IC_3494,LOT_B,W08,9.7427,10.7459,11.3986,12.2609,2.9389,3.0258,11.1266,11.172,50.0,1,1,normal,0
IC_3495,LOT_F,W22,10.2352,11.786,13.5415,14.0163,1.6861,1.8057,13.4082,13.6163,50.0,1,1,normal,0
IC_3496,LOT_D,W03,10.5768,11.5249,11.6686,13.2037,2.7832,2.8212,10.8428,10.8897,50.0,1,1,normal,0
IC_3497,LOT_E,W06,12.5447,13.8923,15.3512,15.8734,2.04,2.1283,13.5473,13.6938,50.0,1,1,normal,0
IC_3498,LOT_E,W12,9.4404,10.7055,11.8886,12.3748,2.1984,2.2369,11.9711,12.1793,50.0,1,1,normal,0
IC_3499,LOT_B,W23,7.6197,8.5595,9.8432,11.486,2.2636,2.3342,10.6349,10.863,50.0,1,1,normal,0
IC_3500,LOT_A,W19,10.9544,11.8418,13.4451,13.905,2.1987,2.2356,11.6902,11.7271,50.0,1,1,normal,0
IC_3501,LOT_C,W03,10.2504,11.6027,12.6391,13.7626,2.5958,2.6938,12.1348,12.3843,50.0,1,1,normal,0
IC_3502,LOT_D,W03,13.9058,14.5996,15.8789,16.1653,2.7684,2.8435,12.6138,12.8045,50.0,1,1,normal,0
IC_3503,LOT_D,W19,8.6965,12.0638,30.4404,54.5246,2.2085,2.3901,11.5431,11.9307,50.0,1,1,early_drifter,1
IC_3504,LOT_B,W19,7.4733,8.127,9.0296,10.0815,2.6253,2.6847,10.7856,10.8716,50.0,1,1,normal,0
IC_3505,LOT_D,W14,11.1134,12.0796,12.8043,13.1553,2.665,2.7436,12.6401,12.8015,50.0,1,1,normal,0
IC_3506,LOT_D,W09,11.912,13.5388,15.1187,16.7262,2.8533,3.0015,10.9915,11.281,50.0,1,1,normal,0
IC_3507,LOT_B,W19,7.7299,11.2593,30.1413,54.6035,2.3993,2.6161,9.6977,10.0482,50.0,1,1,early_drifter,1
IC_3508,LOT_B,W22,6.7359,8.1161,9.1502,9.8076,2.1205,2.2491,11.4472,11.6958,50.0,1,1,normal,0
IC_3509,LOT_C,W11,12.7499,13.599,14.7386,15.5503,2.1194,2.1694,11.6551,11.6279,50.0,1,1,normal,0
IC_3510,LOT_D,W01,8.6247,9.6341,10.7657,11.248,2.2983,2.3611,12.4298,12.3251,50.0,1,1,normal,0
IC_3511,LOT_D,W08,12.8256,14.2564,15.825,15.1364,2.5404,2.5874,12.3345,12.5894,50.0,1,1,normal,0
IC_3512,LOT_D,W24,8.7139,14.734,47.9603,92.9066,2.571,2.9165,12.5773,13.2528,50.0,1,1,early_drifter,1
IC_3513,LOT_F,W02,11.1824,14.9267,34.4922,59.489,2.6365,2.8594,13.2332,13.6893,50.0,1,1,early_drifter,1
IC_3514,LOT_B,W05,9.6249,11.0556,12.2375,13.2107,2.4008,2.518,10.1346,10.1616,50.0,1,1,normal,0
IC_3515,LOT_C,W09,11.8527,12.7156,13.5454,14.1226,2.6809,2.7839,12.926,13.1031,50.0,1,1,normal,0
IC_3516,LOT_D,W04,8.8258,9.5325,10.8396,11.0681,2.6106,2.6617,12.012,12.1403,50.0,1,1,normal,0
IC_3517,LOT_E,W21,11.5581,12.9357,14.4148,15.7084,2.2367,2.3582,13.684,13.7384,50.0,1,1,normal,0
IC_3518,LOT_B,W03,5.1189,6.2106,6.7132,8.2441,2.5252,2.5393,10.9876,11.1707,50.0,1,1,normal,0
IC_3519,LOT_F,W21,11.7603,12.8318,13.6422,14.5346,2.2407,2.2985,13.485,13.528,50.0,1,1,normal,0
IC_3520,LOT_D,W24,43.4972,45.4756,48.0964,49.7797,5.0859,5.1796,17.4827,17.89,50.0,1,1,latent_distribution_outlier,1
IC_3521,LOT_A,W15,10.0719,11.5458,12.5839,13.61,2.2935,2.3436,11.5252,11.765,50.0,1,1,normal,0
IC_3522,LOT_B,W04,10.4726,11.6079,13.2083,13.0763,2.5791,2.6682,11.5549,11.7531,50.0,1,1,normal,0
IC_3523,LOT_C,W17,11.9874,13.2757,14.3578,14.5691,1.9422,2.0269,12.2857,12.3688,50.0,1,1,normal,0
IC_3524,LOT_F,W17,10.7822,11.569,12.4739,13.3397,2.0198,2.0493,13.8084,13.8172,50.0,1,1,normal,0
IC_3525,LOT_A,W13,9.6426,10.6777,11.5701,11.7598,2.6008,2.706,12.9349,13.0069,50.0,1,1,normal,0
IC_3526,LOT_D,W07,9.2569,10.3896,11.9564,12.3022,2.4163,2.4511,12.7229,12.7632,50.0,1,1,normal,0
IC_3527,LOT_E,W01,43.1875,45.2488,46.7508,46.9493,5.2921,5.4193,16.1516,16.4684,50.0,1,1,latent_distribution_outlier,1
IC_3528,LOT_E,W14,11.6661,13.2845,14.768,15.8935,2.1685,2.2082,13.1235,13.3914,50.0,1,1,normal,0
IC_3529,LOT_A,W09,7.8742,9.6958,11.5067,12.7691,3.109,3.1956,9.8461,10.093,50.0,1,1,normal,0
IC_3530,LOT_D,W03,43.1363,44.414,44.8637,45.9492,5.1912,5.2671,16.8487,17.0921,50.0,1,1,latent_distribution_outlier,1
IC_3531,LOT_D,W17,9.872,10.7276,11.7418,12.7967,2.3589,2.4147,12.1639,12.3506,50.0,1,1,normal,0
IC_3532,LOT_E,W20,10.8003,11.8656,12.4503,13.0111,2.2637,2.3732,11.554,11.6859,50.0,1,1,normal,0
IC_3533,LOT_C,W14,8.3843,9.8384,11.4307,11.7612,2.1753,2.2422,10.1781,10.436,50.0,1,1,normal,0
IC_3534,LOT_F,W02,9.5332,12.7951,31.1445,56.9095,2.5097,2.7297,13.362,13.6773,50.0,1,1,early_drifter,1
IC_3535,LOT_E,W17,9.7602,10.6916,12.3235,13.0186,1.5543,1.5288,13.2774,13.2925,50.0,1,1,normal,0
IC_3536,LOT_B,W05,8.4281,13.5311,44.2816,83.9448,2.4442,2.7563,11.5116,12.1624,50.0,1,1,early_drifter,1
IC_3537,LOT_B,W06,9.8734,11.277,12.8634,13.1544,2.479,2.584,10.1828,10.324,50.0,1,1,normal,0
IC_3538,LOT_E,W04,7.5179,9.3376,10.7167,11.9018,2.0552,2.1696,11.5471,11.683,50.0,1,1,normal,0
IC_3539,LOT_E,W13,9.6239,10.7615,11.7122,13.1256,2.2722,2.3296,11.2541,11.5787,50.0,1,1,normal,0
IC_3540,LOT_E,W13,10.8996,11.6347,12.4182,13.1518,2.487,2.5361,12.5872,12.5983,50.0,1,1,normal,0
IC_3541,LOT_D,W12,11.1799,12.5284,14.337,15.2821,2.4911,2.5097,11.9006,11.9129,50.0,1,1,normal,0
IC_3542,LOT_D,W19,8.2121,8.9322,9.7875,10.3394,2.0847,2.1247,10.5607,10.7591,50.0,1,1,normal,0
IC_3543,LOT_C,W09,10.3724,11.9049,13.7016,13.8152,2.2102,2.2948,11.919,12.0191,50.0,1,1,normal,0
IC_3544,LOT_B,W05,6.1632,7.4481,8.1202,9.2765,2.3706,2.4676,10.1222,10.3718,50.0,1,1,normal,0
IC_3545,LOT_A,W09,12.791,13.717,14.7871,16.4241,2.5216,2.5419,12.1966,12.3753,50.0,1,1,normal,0
IC_3546,LOT_F,W01,7.8665,9.185,10.1379,10.1573,1.9653,2.0427,12.3369,12.4595,50.0,1,1,normal,0
IC_3547,LOT_E,W15,13.057,13.9685,15.3085,15.8412,2.3966,2.4819,12.0401,12.1865,50.0,1,1,normal,0
IC_3548,LOT_C,W09,11.7918,12.7532,13.9119,14.6389,1.8153,1.8856,13.0224,13.1562,50.0,1,1,normal,0
IC_3549,LOT_E,W04,10.47,11.225,12.4073,13.5164,2.0819,2.1195,12.6208,12.6079,50.0,1,1,normal,0
IC_3550,LOT_B,W20,10.028,11.3757,12.6834,13.6711,2.033,2.1353,10.8625,10.834,50.0,1,1,normal,0
IC_3551,LOT_A,W20,8.4401,9.1671,10.2988,10.4241,2.4166,2.4623,11.362,11.4397,50.0,1,1,normal,0
IC_3552,LOT_A,W20,43.8547,45.618,45.9507,47.3127,5.259,5.3508,16.452,16.6566,50.0,1,1,latent_distribution_outlier,1
IC_3553,LOT_C,W02,10.0863,11.8585,13.495,14.6763,2.0544,2.1203,11.1484,11.3883,50.0,1,1,normal,0
IC_3554,LOT_D,W22,7.2618,8.0526,8.991,9.3838,2.5852,2.6385,12.1308,12.0706,50.0,1,1,normal,0
IC_3555,LOT_B,W14,8.2031,11.7255,29.7527,55.3719,2.3661,2.5894,11.8354,12.4788,50.0,1,1,early_drifter,1
IC_3556,LOT_F,W20,11.6616,13.1563,14.8003,15.5131,2.0491,2.1018,13.8024,14.0566,50.0,1,1,normal,0
IC_3557,LOT_D,W01,10.4389,11.4975,12.2674,13.2764,2.6276,2.6869,11.7944,12.0712,50.0,1,1,normal,0
IC_3558,LOT_D,W06,12.5149,13.9263,15.5193,16.6395,3.0206,3.0725,13.1141,13.1382,50.0,1,1,normal,0
IC_3559,LOT_E,W23,8.9949,10.4025,11.2997,11.5304,1.803,1.8904,12.1072,12.3214,50.0,1,1,normal,0
IC_3560,LOT_F,W04,9.637,10.7656,12.394,13.0799,2.094,2.161,12.2477,12.3042,50.0,1,1,normal,0
IC_3561,LOT_D,W23,9.9611,11.2966,12.1658,13.0778,2.2414,2.348,11.5558,11.6467,50.0,1,1,normal,0
IC_3562,LOT_C,W04,11.7889,12.6421,13.8362,14.6948,2.0745,2.1174,12.5099,12.6883,50.0,1,1,normal,0
IC_3563,LOT_F,W02,35.4284,37.2057,39.8551,40.3568,3.7093,3.8338,18.4794,18.7815,50.0,1,1,latent_distribution_outlier,1
IC_3564,LOT_B,W11,7.1171,8.1035,8.8413,9.8636,2.3469,2.3925,12.5597,12.6447,50.0,1,1,normal,0
IC_3565,LOT_B,W14,5.1808,6.8843,8.8282,9.412,2.2585,2.3834,11.0331,11.1737,50.0,1,1,normal,0
IC_3566,LOT_E,W22,10.045,11.0443,12.8648,13.2854,2.4755,2.4849,12.0914,12.1882,50.0,1,1,normal,0
IC_3567,LOT_D,W22,10.6332,12.5204,14.0523,15.1413,2.7359,2.8643,11.9842,12.2505,50.0,1,1,normal,0
IC_3568,LOT_D,W11,7.7376,9.4516,10.9992,12.1255,2.5256,2.6304,10.4278,10.5546,50.0,1,1,normal,0
IC_3569,LOT_F,W23,13.2713,14.4905,15.4074,16.1244,2.3283,2.4509,13.7996,14.0801,50.0,1,1,normal,0
IC_3570,LOT_A,W17,10.8262,11.9201,13.2013,14.0253,2.9316,2.9824,12.0065,12.1348,50.0,1,1,normal,0
IC_3571,LOT_C,W04,12.4727,16.5475,37.1473,67.2968,2.345,2.6185,11.3019,11.89,50.0,1,1,early_drifter,1
IC_3572,LOT_A,W19,7.723,8.8845,10.3912,11.4997,2.8332,2.901,11.3704,11.6,50.0,1,1,normal,0
IC_3573,LOT_E,W01,9.2415,10.9911,12.5672,13.8077,2.3556,2.4638,11.5929,11.9145,50.0,1,1,normal,0
IC_3574,LOT_D,W07,11.2688,12.2436,12.6861,14.151,2.6171,2.7043,10.334,10.4657,50.0,1,1,normal,0
IC_3575,LOT_A,W14,12.2002,13.443,14.774,15.8578,2.7431,2.8479,12.181,12.3147,50.0,1,1,normal,0
IC_3576,LOT_C,W05,10.9956,12.7093,14.6238,15.3193,1.9337,2.0524,12.207,12.3758,50.0,1,1,normal,0
IC_3577,LOT_E,W01,10.5173,15.2968,41.9872,77.5837,2.3424,2.6168,12.5572,13.1069,50.0,1,1,early_drifter,1
IC_3578,LOT_F,W04,8.9652,9.6803,11.4693,11.4134,2.306,2.3563,12.4922,12.4003,50.0,1,1,normal,0
IC_3579,LOT_C,W03,10.9086,15.087,39.3337,70.8494,2.2389,2.5052,10.9429,11.5022,50.0,1,1,early_drifter,1
IC_3580,LOT_E,W09,9.9378,10.703,11.7016,12.0624,2.4094,2.493,13.1674,13.1823,50.0,1,1,normal,0
IC_3581,LOT_D,W02,9.644,10.5205,11.7331,12.3568,2.8037,2.8332,11.2074,11.3829,50.0,1,1,normal,0
IC_3582,LOT_D,W12,8.2532,9.4302,10.5032,10.8082,2.411,2.4837,11.542,11.473,50.0,1,1,normal,0
IC_3583,LOT_A,W17,10.7273,11.9212,13.2508,13.7077,2.3826,2.5013,11.147,11.2702,50.0,1,1,normal,0
IC_3584,LOT_E,W03,8.4505,9.4083,9.9212,10.5671,2.0962,2.1541,11.8947,11.9438,50.0,1,1,normal,0
IC_3585,LOT_B,W13,10.1359,11.5432,13.2944,14.334,2.534,2.6499,11.7104,12.0148,50.0,1,1,normal,0
IC_3586,LOT_D,W18,10.1856,11.6756,13.6248,15.1264,2.4285,2.5985,13.2049,13.3303,50.0,1,1,normal,0
IC_3587,LOT_F,W11,10.1284,10.9906,11.7517,11.7129,2.1948,2.2494,13.1646,13.1615,50.0,1,1,normal,0
IC_3588,LOT_C,W04,57.756,60.5676,77.5016,88.0,5.6441,5.8487,18.6359,18.8145,50.0,0,0,gross_failure,1
IC_3589,LOT_E,W21,9.7755,11.1343,12.6541,13.0679,2.3529,2.4045,12.8777,12.9179,50.0,1,1,normal,0
IC_3590,LOT_F,W08,10.4659,11.3219,12.1092,13.1584,2.3656,2.4565,14.0652,14.1663,50.0,1,1,normal,0
IC_3591,LOT_B,W18,7.9107,13.8315,47.2789,91.3858,2.6814,3.0765,10.0087,10.6953,50.0,1,1,early_drifter,1
IC_3592,LOT_C,W11,9.9833,11.0226,11.5702,11.7101,1.6545,1.7054,10.5142,10.5044,50.0,1,1,normal,0
IC_3593,LOT_A,W18,11.5969,13.25,14.7222,15.2478,2.3864,2.4841,11.5923,11.6902,50.0,1,1,normal,0
IC_3594,LOT_C,W05,10.0477,11.637,13.2048,14.6526,2.2225,2.3104,12.4949,12.7557,50.0,1,1,normal,0
IC_3595,LOT_E,W14,9.725,11.4046,13.284,13.8878,2.2035,2.2832,12.7147,12.9328,50.0,1,1,normal,0
IC_3596,LOT_C,W10,11.364,12.7723,14.019,15.082,2.3731,2.4779,12.8414,13.1485,50.0,1,1,normal,0
IC_3597,LOT_C,W09,11.9011,12.6072,13.2999,13.6926,2.4121,2.3721,11.3108,11.4544,50.0,1,1,normal,0
IC_3598,LOT_F,W04,39.92,41.4274,42.3735,44.2635,4.3492,4.4707,18.114,18.2977,50.0,1,1,latent_distribution_outlier,1
IC_3599,LOT_A,W16,9.3874,10.7546,12.3248,13.1877,2.843,2.9206,12.2312,12.3092,50.0,1,1,normal,0
IC_3600,LOT_E,W11,11.1296,12.2121,13.2689,13.9677,2.3537,2.4041,11.9638,12.215,50.0,1,1,normal,0
IC_3601,LOT_C,W06,10.0886,11.0948,11.4391,12.6813,2.1014,2.1176,11.6275,11.9603,50.0,1,1,normal,0
IC_3602,LOT_A,W21,11.2032,15.7282,39.638,70.0463,2.7238,3.0399,11.982,12.5673,50.0,1,1,early_drifter,1
IC_3603,LOT_C,W08,10.0318,11.0159,12.6656,13.5905,1.8309,1.9229,11.129,11.1248,50.0,1,1,normal,0
IC_3604,LOT_B,W11,8.5763,9.0197,10.2413,10.0231,2.5403,2.5429,10.4717,10.3203,50.0,1,1,normal,0
IC_3605,LOT_F,W18,12.4859,13.9809,15.4597,16.3415,2.0305,2.1236,15.4045,15.7537,50.0,1,1,normal,0
IC_3606,LOT_A,W09,13.8813,17.6119,39.0071,65.8724,3.3232,3.5839,12.1364,12.5626,50.0,1,1,early_drifter,1
IC_3607,LOT_F,W20,9.2422,10.6252,12.4591,13.6104,1.8477,1.8959,12.8541,13.1291,50.0,1,1,normal,0
IC_3608,LOT_B,W04,7.5765,8.3522,9.0467,9.0796,2.2106,2.2381,9.4997,9.5541,50.0,1,1,normal,0
IC_3609,LOT_A,W09,10.3284,11.9424,13.1806,14.0794,2.3521,2.4019,10.1756,10.5379,50.0,1,1,normal,0
IC_3610,LOT_B,W11,5.5095,6.2621,7.4807,7.5891,2.4814,2.5236,11.5161,11.5129,50.0,1,1,normal,0
IC_3611,LOT_E,W06,10.1683,11.1584,12.2564,13.0737,2.1041,2.1659,12.3144,12.4514,50.0,1,1,normal,0
IC_3612,LOT_E,W14,10.4931,12.0241,13.4607,14.1316,2.5826,2.73,12.2592,12.361,50.0,1,1,normal,0
IC_3613,LOT_C,W02,12.1618,13.7956,15.2569,16.4513,2.1616,2.2935,10.5517,10.8015,50.0,1,1,normal,0
IC_3614,LOT_D,W21,9.845,11.1434,12.7974,13.4813,2.0669,2.1306,10.7691,10.8893,50.0,1,1,normal,0
IC_3615,LOT_D,W23,11.8648,13.128,14.1302,14.2031,2.3246,2.3988,12.4026,12.5643,50.0,1,1,normal,0
IC_3616,LOT_F,W20,9.6674,10.9027,12.4711,13.106,2.1647,2.2245,13.6496,13.697,50.0,1,1,normal,0
IC_3617,LOT_D,W04,8.772,9.6714,10.2187,11.0153,2.4242,2.4226,10.6192,10.7356,50.0,1,1,normal,0
IC_3618,LOT_C,W18,11.5784,12.718,13.5607,14.4323,1.944,1.9922,12.278,12.3121,50.0,1,1,normal,0
IC_3619,LOT_F,W18,10.412,11.1967,11.9993,11.8083,2.1024,2.1794,12.7734,12.8186,50.0,1,1,normal,0
IC_3620,LOT_C,W13,12.1263,13.0707,13.9035,14.6029,2.4455,2.5095,10.4337,10.5213,50.0,1,1,normal,0
IC_3621,LOT_E,W10,10.4771,11.4513,12.4233,12.756,1.9092,1.9749,12.4824,12.7334,50.0,1,1,normal,0
IC_3622,LOT_A,W21,12.4438,17.1346,43.4879,78.1243,2.8259,3.1272,12.0918,12.6415,50.0,1,1,early_drifter,1
IC_3623,LOT_D,W18,11.7678,12.9054,13.7893,15.1287,2.2847,2.32,12.1274,12.4846,50.0,1,1,normal,0
IC_3624,LOT_F,W24,9.7914,10.751,11.7489,11.8963,2.2936,2.3155,12.5016,12.5114,50.0,1,1,normal,0
IC_3625,LOT_F,W08,76.4169,85.1701,97.3153,109.227,7.3499,7.8471,22.5706,23.6179,50.0,0,0,gross_failure,1
IC_3626,LOT_C,W04,12.1589,13.9834,15.3781,17.0228,2.6751,2.7577,10.5788,10.8441,50.0,1,1,normal,0
IC_3627,LOT_E,W22,8.0516,9.4828,10.7363,11.2984,2.3326,2.4459,12.3589,12.478,50.0,1,1,normal,0
IC_3628,LOT_A,W22,9.0554,10.3318,11.8307,12.47,2.6044,2.6972,11.0755,11.2486,50.0,1,1,normal,0
IC_3629,LOT_D,W23,9.9126,11.1895,12.3686,13.4129,2.4143,2.4571,12.0275,12.052,50.0,1,1,normal,0
IC_3630,LOT_E,W20,10.3048,11.1041,12.6216,13.5855,2.4191,2.4353,12.4018,12.4977,50.0,1,1,normal,0
IC_3631,LOT_B,W15,7.0,12.2591,40.7578,79.2565,2.2714,2.5787,10.7516,11.3138,50.0,1,1,early_drifter,1
IC_3632,LOT_E,W18,8.9913,9.992,10.4464,10.9482,1.4493,1.477,12.1721,12.3188,50.0,1,1,normal,0
IC_3633,LOT_D,W17,9.5099,10.0374,10.9706,11.4891,2.2479,2.2824,12.2117,12.3795,50.0,1,1,normal,0
IC_3634,LOT_A,W01,9.4765,10.6731,11.8927,12.9567,2.7683,2.8562,11.5102,11.8948,50.0,1,1,normal,0
IC_3635,LOT_E,W11,11.3662,12.6304,14.423,14.6765,1.887,1.9859,12.0242,12.2987,50.0,1,1,normal,0
IC_3636,LOT_A,W01,59.1416,62.609,76.4323,92.0208,6.4131,6.6393,18.496,18.7905,50.0,0,0,gross_failure,1
IC_3637,LOT_E,W05,73.7921,82.0097,87.9848,98.2815,7.2246,7.7639,21.124,22.0041,50.0,0,0,gross_failure,1
IC_3638,LOT_E,W07,11.2527,12.0383,12.779,13.2389,2.1774,2.202,13.6172,13.8227,50.0,1,1,normal,0
IC_3639,LOT_C,W19,9.8446,11.3024,11.9414,13.3206,1.988,2.065,11.9184,12.0242,50.0,1,1,normal,0
IC_3640,LOT_F,W16,10.8902,12.3693,13.6111,14.2743,2.5776,2.7297,14.1034,14.2708,50.0,1,1,normal,0
IC_3641,LOT_C,W13,11.8714,13.0821,14.0828,15.3025,2.148,2.242,11.7592,11.861,50.0,1,1,normal,0
IC_3642,LOT_E,W07,11.3449,12.6538,13.6158,14.8061,2.3902,2.4615,12.4111,12.6782,50.0,1,1,normal,0
IC_3643,LOT_A,W13,44.4649,45.6018,46.8567,46.8861,5.5834,5.6854,17.3006,17.3905,50.0,1,1,latent_distribution_outlier,1
IC_3644,LOT_C,W17,10.9915,11.7977,12.9654,13.4527,2.3853,2.4082,10.7932,11.0355,50.0,1,1,normal,0
IC_3645,LOT_F,W11,10.4717,11.4061,11.9149,13.1071,2.188,2.2399,11.9319,11.8439,50.0,1,1,normal,0
IC_3646,LOT_C,W04,11.8183,13.0351,13.5608,14.0634,2.3959,2.5179,11.5642,11.7695,50.0,1,1,normal,0
IC_3647,LOT_A,W07,12.2878,13.1567,14.1008,14.4397,2.8645,2.8645,12.1956,12.3492,50.0,1,1,normal,0
IC_3648,LOT_F,W15,11.5539,12.6605,13.9841,15.5411,2.4051,2.4874,12.1968,12.3509,50.0,1,1,normal,0
IC_3649,LOT_A,W04,11.9256,13.3516,14.9629,16.1272,2.5637,2.6572,11.7356,11.8854,50.0,1,1,normal,0
IC_3650,LOT_C,W13,12.4352,13.5408,15.0095,16.2879,1.9772,2.0081,12.1984,12.3598,50.0,1,1,normal,0
IC_3651,LOT_D,W12,9.0693,10.6602,11.7778,12.8186,2.5825,2.6686,12.7748,12.9494,50.0,1,1,normal,0
IC_3652,LOT_E,W17,11.7616,12.8656,13.3933,14.3188,2.8834,2.9116,12.3265,12.4603,50.0,1,1,normal,0
IC_3653,LOT_F,W19,10.357,11.6564,13.2259,13.9241,2.352,2.4418,13.6622,13.7785,50.0,1,1,normal,0
IC_3654,LOT_A,W05,11.5885,12.7033,14.2234,15.1212,2.6804,2.8266,12.3673,12.4959,50.0,1,1,normal,0
IC_3655,LOT_B,W16,8.7343,10.3363,11.4756,12.9354,2.4291,2.5515,11.7025,11.8544,50.0,1,1,normal,0
IC_3656,LOT_C,W01,8.2907,9.8926,11.8472,12.6741,1.755,1.8712,9.8804,10.1076,50.0,1,1,normal,0
IC_3657,LOT_F,W18,11.8098,12.8444,14.2465,14.4405,2.0703,2.1932,12.5725,12.7488,50.0,1,1,normal,0
IC_3658,LOT_E,W19,9.2908,10.4558,10.7252,11.5105,2.0032,2.0506,11.7422,12.0165,50.0,1,1,normal,0
IC_3659,LOT_F,W05,10.7382,11.5089,12.9367,13.0189,2.3228,2.3515,15.4088,15.5556,50.0,1,1,normal,0
IC_3660,LOT_A,W15,8.4549,10.0869,11.9705,13.3221,2.1479,2.2959,11.4184,11.6771,50.0,1,1,normal,0
IC_3661,LOT_C,W04,11.6911,12.7338,13.782,15.366,1.9658,1.9979,12.2955,12.2731,50.0,1,1,normal,0
IC_3662,LOT_C,W20,13.1763,14.4903,15.5051,15.8624,2.0088,2.0976,11.5793,11.652,50.0,1,1,normal,0
IC_3663,LOT_E,W15,39.2253,41.4598,43.4636,44.6716,4.9226,5.0652,16.8137,16.9775,50.0,1,1,latent_distribution_outlier,1
IC_3664,LOT_B,W24,9.7344,10.5303,11.4588,12.2802,2.4145,2.4593,11.1164,11.0887,50.0,1,1,normal,0
IC_3665,LOT_B,W19,7.9936,13.284,39.7887,76.1285,2.0954,2.4581,11.5218,12.2997,50.0,1,1,early_drifter,1
IC_3666,LOT_B,W15,5.3506,6.6423,8.345,9.4777,2.2068,2.2721,10.2638,10.4558,50.0,1,1,normal,0
IC_3667,LOT_A,W24,9.6314,11.4673,12.5736,13.9771,2.6441,2.7669,11.6233,11.9047,50.0,1,1,normal,0
IC_3668,LOT_D,W24,9.2524,10.9771,12.1579,12.9945,2.2769,2.3986,11.0838,11.264,50.0,1,1,normal,0
IC_3669,LOT_C,W18,11.228,12.8133,14.1941,15.5596,2.5588,2.6776,11.2691,11.4046,50.0,1,1,normal,0
IC_3670,LOT_A,W06,8.4228,10.1867,11.8563,12.8237,2.494,2.6096,11.8492,11.9711,50.0,1,1,normal,0
IC_3671,LOT_C,W06,34.3258,35.989,36.6308,39.659,4.2073,4.3011,14.1121,14.1889,50.0,1,1,latent_distribution_outlier,1
IC_3672,LOT_E,W07,11.4566,12.0535,13.0217,13.7195,2.4829,2.5185,13.669,13.87,50.0,1,1,normal,0
IC_3673,LOT_C,W05,11.4329,15.011,31.4707,54.2348,2.3843,2.6291,11.3898,11.8203,50.0,1,1,early_drifter,1
IC_3674,LOT_A,W21,8.0591,8.807,9.2509,9.7617,2.3933,2.4482,10.9013,11.1964,50.0,1,1,normal,0
IC_3675,LOT_E,W14,9.9461,11.746,13.4156,13.7443,2.7699,2.8704,12.5632,12.7722,50.0,1,1,normal,0
IC_3676,LOT_D,W07,12.2089,13.7795,15.0438,15.5441,2.6938,2.7752,11.7624,12.0923,50.0,1,1,normal,0
IC_3677,LOT_F,W07,44.1652,46.1603,46.9729,48.6526,4.8544,4.9723,19.1763,19.4742,50.0,1,1,latent_distribution_outlier,1
IC_3678,LOT_B,W18,8.8954,10.4711,11.9261,13.2394,2.5281,2.6452,11.3232,11.5911,50.0,1,1,normal,0
IC_3679,LOT_A,W05,38.19,40.2679,42.929,43.6698,5.0592,5.1807,16.6666,17.0507,50.0,1,1,latent_distribution_outlier,1
IC_3680,LOT_C,W12,10.1753,11.1304,12.2776,12.2111,2.2076,2.2482,11.8564,11.9081,50.0,1,1,normal,0
IC_3681,LOT_F,W03,9.1768,10.3059,11.2666,11.2926,2.1458,2.2573,12.5807,12.6998,50.0,1,1,normal,0
IC_3682,LOT_B,W09,8.381,9.8237,11.3476,12.6525,2.5492,2.662,11.1776,11.2238,50.0,1,1,normal,0
IC_3683,LOT_E,W06,9.514,10.6594,11.648,12.2904,1.7066,1.7763,11.9734,12.1471,50.0,1,1,normal,0
IC_3684,LOT_D,W14,12.0223,13.7439,15.124,16.4795,3.2298,3.3474,12.1641,12.5818,50.0,1,1,normal,0
IC_3685,LOT_F,W11,10.2597,12.2809,13.1977,15.0158,2.0566,2.1561,13.6412,13.9254,50.0,1,1,normal,0
IC_3686,LOT_C,W10,11.9774,13.1369,14.3798,15.026,2.3962,2.4661,11.7961,11.8664,50.0,1,1,normal,0
IC_3687,LOT_D,W14,9.4821,10.1816,11.1687,10.9598,2.5632,2.621,11.509,11.5806,50.0,1,1,normal,0
IC_3688,LOT_F,W17,43.2483,45.6594,47.4622,50.1048,4.9709,5.0829,16.7442,17.0309,50.0,1,1,latent_distribution_outlier,1
IC_3689,LOT_C,W07,12.775,14.2606,15.9984,16.6288,2.0175,2.0248,9.8812,9.9797,50.0,1,1,normal,0
IC_3690,LOT_E,W21,11.9846,18.0898,53.6652,101.4254,2.7716,3.1298,12.2578,13.0627,50.0,1,1,early_drifter,1
IC_3691,LOT_B,W17,10.6776,12.0378,13.7129,14.149,2.5726,2.6086,11.7861,11.9331,50.0,1,1,normal,0
IC_3692,LOT_A,W07,8.3989,9.8517,11.2356,12.5368,2.6596,2.7755,12.4317,12.3634,50.0,1,1,normal,0
IC_3693,LOT_B,W07,8.1182,8.7431,9.7422,10.0705,2.249,2.326,8.739,8.8463,50.0,1,1,normal,0
IC_3694,LOT_C,W23,11.6953,12.1767,13.1924,13.7506,2.3146,2.3203,11.4092,11.5704,50.0,1,1,normal,0
IC_3695,LOT_D,W01,10.191,11.5137,13.5109,14.4288,2.5046,2.5446,11.933,12.1829,50.0,1,1,normal,0
IC_3696,LOT_C,W21,11.3232,13.2724,14.9715,15.7244,2.163,2.3104,13.3329,13.4679,50.0,1,1,normal,0
IC_3697,LOT_D,W11,9.1382,10.358,11.3249,12.0764,2.5104,2.5878,11.5813,11.6736,50.0,1,1,normal,0
IC_3698,LOT_D,W11,10.3092,15.7761,43.0968,83.169,2.7768,3.098,11.3833,12.1674,50.0,1,1,early_drifter,1
IC_3699,LOT_B,W08,6.5088,8.1658,10.4634,10.867,2.3863,2.521,10.9671,11.1937,50.0,1,1,normal,0
IC_3700,LOT_A,W19,39.1112,40.701,43.8295,43.6858,5.0584,5.1543,15.9936,16.1947,50.0,1,1,latent_distribution_outlier,1
IC_3701,LOT_C,W07,39.664,41.8169,42.4854,44.2825,4.1755,4.288,16.8444,16.9211,50.0,1,1,latent_distribution_outlier,1
IC_3702,LOT_D,W20,8.7593,9.7773,11.2313,11.7679,2.2484,2.268,11.3526,11.4503,50.0,1,1,normal,0
IC_3703,LOT_D,W22,9.4482,10.9756,11.7625,12.5658,2.3555,2.4181,9.8665,9.926,50.0,1,1,normal,0
IC_3704,LOT_F,W19,12.1773,13.5418,15.133,16.2101,2.013,2.0476,14.215,14.3638,50.0,1,1,normal,0
IC_3705,LOT_D,W16,9.0296,10.3781,10.884,11.5878,2.2651,2.298,10.3204,10.4695,50.0,1,1,normal,0
IC_3706,LOT_B,W04,8.4186,8.9913,10.0939,9.9997,2.4929,2.5661,10.9363,10.855,50.0,1,1,normal,0
IC_3707,LOT_B,W01,8.1911,9.6992,10.8758,12.5526,2.6662,2.7863,11.6518,11.6391,50.0,1,1,normal,0
IC_3708,LOT_E,W05,8.7965,10.4887,11.5445,12.6048,2.0556,2.1371,11.8544,12.1381,50.0,1,1,normal,0
IC_3709,LOT_D,W18,10.3072,11.0512,11.5688,12.6026,2.1939,2.2095,11.7176,11.6931,50.0,1,1,normal,0
IC_3710,LOT_C,W03,12.2548,13.4839,14.863,15.6033,2.5747,2.6166,11.0654,11.3431,50.0,1,1,normal,0
IC_3711,LOT_C,W21,13.6518,15.2086,17.1584,17.3805,2.6266,2.7179,11.994,12.3023,50.0,1,1,normal,0
IC_3712,LOT_C,W18,11.1614,12.5929,14.4746,15.8793,2.3279,2.4674,11.9575,12.1505,50.0,1,1,normal,0
IC_3713,LOT_E,W19,5.6622,6.5688,7.5563,8.0449,2.3961,2.4896,12.5577,12.5712,50.0,1,1,normal,0
IC_3714,LOT_D,W18,8.7466,10.0633,11.0774,11.8687,2.1199,2.1952,11.0178,11.3253,50.0,1,1,normal,0
IC_3715,LOT_E,W16,10.1924,11.8734,12.9787,15.3906,2.016,2.1175,12.9978,13.3221,50.0,1,1,normal,0
IC_3716,LOT_E,W12,8.9711,10.0892,11.2251,12.0461,2.2402,2.2842,12.3211,12.5838,50.0,1,1,normal,0
IC_3717,LOT_B,W18,9.3731,10.7772,12.0225,12.8637,1.9504,2.0583,11.3955,11.5225,50.0,1,1,normal,0
IC_3718,LOT_D,W20,10.5683,11.4906,12.2327,12.5929,2.5298,2.6105,11.0159,11.1303,50.0,1,1,normal,0
IC_3719,LOT_F,W13,9.418,10.8983,12.2031,13.812,2.4007,2.4945,12.025,12.0174,50.0,1,1,normal,0
IC_3720,LOT_E,W04,7.9321,9.3694,10.868,11.2721,2.1455,2.2344,11.4918,11.6588,50.0,1,1,normal,0
IC_3721,LOT_C,W09,83.6859,91.2162,107.5111,120.3209,7.9721,8.3905,21.6971,22.529,50.0,0,0,gross_failure,1
IC_3722,LOT_B,W23,7.2404,8.0123,9.1055,10.0597,2.641,2.6743,10.6638,10.7555,50.0,1,1,normal,0
IC_3723,LOT_C,W11,13.0393,14.3302,16.6162,16.9696,2.3558,2.4642,12.0533,12.1719,50.0,1,1,normal,0
IC_3724,LOT_A,W01,7.799,9.3901,10.6757,12.4865,2.7461,2.8041,10.9793,11.1601,50.0,1,1,normal,0
IC_3725,LOT_C,W20,12.4058,13.8642,15.2219,16.1979,1.8508,1.9205,12.5214,12.8918,50.0,1,1,normal,0
IC_3726,LOT_C,W13,10.7336,12.2666,13.6939,14.0255,2.1086,2.2223,11.9511,12.1523,50.0,1,1,normal,0
IC_3727,LOT_C,W01,11.3182,12.9647,14.5165,15.7044,1.9585,2.0995,11.1815,11.2888,50.0,1,1,normal,0
IC_3728,LOT_F,W04,10.7036,11.4167,12.819,13.3634,2.3727,2.4308,14.1786,14.4614,50.0,1,1,normal,0
IC_3729,LOT_C,W08,10.3333,16.1333,48.4631,91.0541,1.8618,2.2108,12.6578,13.4755,50.0,1,1,early_drifter,1
IC_3730,LOT_B,W10,32.4103,34.1319,35.9811,37.2249,4.8291,4.9493,13.972,14.1238,50.0,1,1,latent_distribution_outlier,1
IC_3731,LOT_B,W10,7.4493,8.4167,8.6397,9.7203,2.7297,2.75,10.2493,10.5694,50.0,1,1,normal,0
IC_3732,LOT_C,W05,11.6409,12.6736,13.6234,14.8429,2.0791,2.1623,11.0262,11.1477,50.0,1,1,normal,0
IC_3733,LOT_F,W04,11.6833,16.1511,39.9173,74.519,2.5881,2.8794,12.5539,12.9686,50.0,1,1,early_drifter,1
IC_3734,LOT_D,W21,10.2663,10.8669,11.9215,12.3054,2.2619,2.2723,11.0497,10.9666,50.0,1,1,normal,0
IC_3735,LOT_E,W13,8.888,10.3322,12.0216,13.2475,1.9424,2.0642,12.2107,12.484,50.0,1,1,normal,0
IC_3736,LOT_E,W08,12.8621,13.7998,14.7945,15.847,2.3338,2.442,13.0785,13.3628,50.0,1,1,normal,0
IC_3737,LOT_C,W11,8.3112,9.3368,11.0482,12.2425,2.1805,2.2213,12.3788,12.4478,50.0,1,1,normal,0
IC_3738,LOT_E,W04,11.1509,12.3034,13.8215,14.4402,2.2952,2.3383,13.7186,13.7914,50.0,1,1,normal,0
IC_3739,LOT_F,W10,10.1333,11.2469,12.4931,13.1841,1.982,2.0348,13.9073,14.0963,50.0,1,1,normal,0
IC_3740,LOT_B,W02,7.8922,9.4083,11.2233,11.9682,2.0547,2.0829,10.3184,10.6231,50.0,1,1,normal,0
IC_3741,LOT_E,W06,9.3485,10.9091,12.4729,13.4702,1.846,1.9829,11.5889,11.9243,50.0,1,1,normal,0
IC_3742,LOT_E,W04,11.5241,13.0524,14.3388,15.4593,2.337,2.4271,13.8536,13.9468,50.0,1,1,normal,0
IC_3743,LOT_D,W20,11.8016,12.9784,14.2286,14.823,2.5053,2.5517,11.8373,12.0978,50.0,1,1,normal,0
IC_3744,LOT_F,W01,12.9747,14.187,15.5448,17.0584,2.6022,2.6406,14.5713,14.6642,50.0,1,1,normal,0
IC_3745,LOT_B,W24,7.3244,11.4649,33.64,62.1375,2.4843,2.7379,11.8823,12.4726,50.0,1,1,early_drifter,1
IC_3746,LOT_B,W06,11.4863,12.4202,13.7752,13.7064,2.4776,2.489,11.8706,11.9619,50.0,1,1,normal,0
IC_3747,LOT_D,W22,7.1952,8.5798,10.1101,11.2262,2.4243,2.4837,10.59,10.7237,50.0,1,1,normal,0
IC_3748,LOT_B,W11,64.1125,67.4265,85.3886,109.851,6.5769,6.8061,18.1274,18.6508,50.0,0,0,gross_failure,1
IC_3749,LOT_C,W22,13.4428,14.9756,16.6059,17.054,2.7561,2.846,11.9592,12.171,50.0,1,1,normal,0
IC_3750,LOT_C,W03,12.1403,13.8085,14.9819,16.3862,2.5096,2.6095,11.7101,12.1503,50.0,1,1,normal,0
IC_3751,LOT_C,W03,12.1048,13.2212,14.8206,16.2925,2.0118,2.083,12.3381,12.5373,50.0,1,1,normal,0
IC_3752,LOT_F,W13,8.84,9.9319,10.6568,11.3858,2.0297,2.1147,12.1955,12.4249,50.0,1,1,normal,0
IC_3753,LOT_C,W11,11.6943,13.0453,14.5434,15.3631,2.1469,2.2576,11.2092,11.2986,50.0,1,1,normal,0
IC_3754,LOT_C,W24,11.8734,12.5025,13.9423,13.8751,2.2932,2.3609,11.8374,12.0087,50.0,1,1,normal,0
IC_3755,LOT_E,W04,8.0861,9.194,9.9799,11.4668,1.9854,2.05,12.1891,12.1895,50.0,1,1,normal,0
IC_3756,LOT_D,W08,9.7773,11.399,12.5694,13.9063,2.1184,2.2847,11.6648,11.7462,50.0,1,1,normal,0
IC_3757,LOT_D,W04,11.5726,13.3332,14.4292,15.6272,2.4535,2.5613,10.1945,10.532,50.0,1,1,normal,0
IC_3758,LOT_E,W23,69.6483,72.287,88.5526,116.0937,7.0269,7.2039,22.0408,22.4538,50.0,0,0,gross_failure,1
IC_3759,LOT_A,W16,10.2555,11.8257,13.307,14.0048,3.0609,3.156,11.3806,11.4752,50.0,1,1,normal,0
IC_3760,LOT_A,W19,12.3872,16.61,39.2552,70.0944,2.5084,2.7784,12.3035,12.9025,50.0,1,1,early_drifter,1
IC_3761,LOT_C,W16,12.2293,13.1913,14.3974,14.3918,2.2037,2.2339,11.3864,11.4795,50.0,1,1,normal,0
IC_3762,LOT_D,W15,11.844,13.2103,13.8749,14.6179,2.7365,2.7834,10.9963,11.1103,50.0,1,1,normal,0
IC_3763,LOT_E,W24,10.5271,11.5034,12.141,13.0968,2.0721,2.1339,12.3523,12.4051,50.0,1,1,normal,0
IC_3764,LOT_C,W20,10.5013,12.12,13.0318,14.2193,2.075,2.1763,11.1885,11.4172,50.0,1,1,normal,0
IC_3765,LOT_C,W17,10.3678,11.1573,12.3118,12.7239,2.3212,2.3825,12.5099,12.6703,50.0,1,1,normal,0
IC_3766,LOT_F,W13,11.1944,12.5103,13.0444,14.5445,2.7185,2.7627,14.8554,15.0104,50.0,1,1,normal,0
IC_3767,LOT_B,W24,6.9648,8.2729,9.7205,10.3087,2.169,2.2419,10.0612,10.2403,50.0,1,1,normal,0
IC_3768,LOT_C,W22,10.172,11.2904,11.9881,12.6638,1.944,2.0303,10.1844,10.4174,50.0,1,1,normal,0
IC_3769,LOT_B,W19,9.497,10.4331,11.0278,11.4906,2.4818,2.5441,10.171,10.2997,50.0,1,1,normal,0
IC_3770,LOT_C,W23,10.985,12.0691,13.2435,13.8561,2.2186,2.3002,10.1766,10.3838,50.0,1,1,normal,0
IC_3771,LOT_C,W15,11.4882,12.4461,13.9838,14.4475,2.2488,2.3533,11.4394,11.4935,50.0,1,1,normal,0
IC_3772,LOT_A,W19,12.4326,13.4083,15.4415,15.9731,2.6301,2.6854,12.0402,12.225,50.0,1,1,normal,0
IC_3773,LOT_A,W12,12.293,17.4937,47.746,87.6831,2.7149,3.0508,12.2148,12.9231,50.0,1,1,early_drifter,1
IC_3774,LOT_D,W16,10.9759,11.8381,13.2057,13.5882,2.6057,2.6606,12.6613,12.7859,50.0,1,1,normal,0
IC_3775,LOT_C,W06,12.8986,13.9593,15.5567,16.4543,2.0373,2.1102,12.2369,12.4627,50.0,1,1,normal,0
IC_3776,LOT_F,W23,13.2041,14.8396,16.2551,17.2645,1.9389,2.0692,14.4186,14.6251,50.0,1,1,normal,0
IC_3777,LOT_B,W22,10.4178,13.4999,30.2043,53.5442,2.7044,2.848,11.4995,12.0544,50.0,1,1,early_drifter,1
IC_3778,LOT_B,W10,7.409,8.5945,10.5683,11.2955,2.4887,2.6201,10.4968,10.6303,50.0,1,1,normal,0
IC_3779,LOT_B,W06,9.2489,10.398,11.1993,11.8697,2.6172,2.6989,11.9695,12.1647,50.0,1,1,normal,0
IC_3780,LOT_B,W21,8.3419,10.1402,11.7187,12.2036,2.4167,2.4696,11.0598,11.3478,50.0,1,1,normal,0
IC_3781,LOT_D,W21,37.1255,38.2915,39.8321,41.4552,4.5879,4.6606,15.3506,15.3237,50.0,1,1,latent_distribution_outlier,1
IC_3782,LOT_A,W05,11.2926,12.1749,13.627,13.8754,2.4066,2.453,10.2477,10.2336,50.0,1,1,normal,0
IC_3783,LOT_C,W19,11.4263,13.0171,14.8913,15.4207,2.3626,2.4801,10.3691,10.6739,50.0,1,1,normal,0
IC_3784,LOT_A,W18,9.8127,10.7689,11.6475,12.0279,2.8569,2.8993,11.7007,11.8704,50.0,1,1,normal,0
IC_3785,LOT_D,W21,41.608,42.582,44.4818,44.4815,5.0815,5.1476,15.761,15.8767,50.0,1,1,latent_distribution_outlier,1
IC_3786,LOT_F,W07,10.8803,12.1849,13.7603,14.2618,2.2554,2.3677,14.0571,14.2398,50.0,1,1,normal,0
IC_3787,LOT_E,W18,12.169,12.7034,13.6513,14.3222,2.02,2.0577,13.4801,13.3335,50.0,1,1,normal,0
IC_3788,LOT_D,W17,8.9802,9.6491,10.6468,10.8668,2.3424,2.352,11.6686,11.7686,50.0,1,1,normal,0
IC_3789,LOT_C,W22,12.7275,16.7128,38.677,68.7344,2.8374,3.091,10.4563,10.9252,50.0,1,1,early_drifter,1
IC_3790,LOT_E,W16,13.0175,14.1015,15.4683,16.2556,2.7017,2.7853,12.3068,12.3668,50.0,1,1,normal,0
IC_3791,LOT_D,W15,10.0047,11.5955,13.4024,14.6477,2.2352,2.3098,11.8469,11.9488,50.0,1,1,normal,0
IC_3792,LOT_B,W07,7.8133,8.9921,9.509,10.6383,2.4459,2.5186,11.2494,11.3357,50.0,1,1,normal,0
IC_3793,LOT_E,W01,7.4551,12.0964,39.26,74.8027,2.0839,2.4047,12.3924,12.8737,50.0,1,1,early_drifter,1
IC_3794,LOT_B,W01,8.1921,8.9846,9.9879,9.9385,2.2191,2.2294,12.1483,12.1851,50.0,1,1,normal,0
IC_3795,LOT_D,W16,9.6963,11.3125,12.4172,13.9723,2.485,2.5751,10.6671,10.8533,50.0,1,1,normal,0
IC_3796,LOT_B,W03,9.5513,11.021,12.0759,12.6285,2.5414,2.6048,10.5498,10.8837,50.0,1,1,normal,0
IC_3797,LOT_D,W17,8.464,9.9939,12.1125,12.2315,2.3057,2.425,11.1578,11.4417,50.0,1,1,normal,0
IC_3798,LOT_A,W21,11.5805,13.03,14.5721,15.7186,2.6327,2.7246,12.3099,12.5829,50.0,1,1,normal,0
IC_3799,LOT_D,W13,10.9512,11.84,12.7165,13.6109,2.5686,2.6271,11.1158,11.2125,50.0,1,1,normal,0
IC_3800,LOT_C,W02,12.7086,13.4714,14.3494,14.0869,2.2894,2.3647,11.9081,11.822,50.0,1,1,normal,0
IC_3801,LOT_C,W11,11.7171,12.626,13.3733,14.6224,2.1543,2.2283,12.4656,12.5436,50.0,1,1,normal,0
IC_3802,LOT_D,W02,12.0856,12.8952,14.1248,13.9197,2.4332,2.5231,12.0667,12.1792,50.0,1,1,normal,0
IC_3803,LOT_E,W05,13.3969,17.1897,36.6903,64.0996,2.5146,2.7943,13.2586,13.6027,50.0,1,1,early_drifter,1
IC_3804,LOT_E,W08,10.7161,11.7047,12.9706,13.6235,2.3591,2.4366,13.348,13.5294,50.0,1,1,normal,0
IC_3805,LOT_F,W20,11.3719,12.2006,12.9949,13.7278,1.8081,1.9074,12.7699,12.881,50.0,1,1,normal,0
IC_3806,LOT_A,W08,8.6302,9.8761,10.2835,11.3371,2.5345,2.6229,11.2823,11.5164,50.0,1,1,normal,0
IC_3807,LOT_E,W16,10.9773,12.5939,13.7398,14.8462,2.1637,2.2779,11.2372,11.431,50.0,1,1,normal,0
IC_3808,LOT_F,W04,10.9716,11.936,12.8895,13.1451,1.8205,1.8753,13.4985,13.5237,50.0,1,1,normal,0
IC_3809,LOT_D,W01,10.4527,11.9426,12.8568,13.4873,2.6921,2.7892,11.7025,11.8468,50.0,1,1,normal,0
IC_3810,LOT_C,W01,8.2989,9.136,9.7695,9.9235,1.8086,1.8438,11.8264,12.1189,50.0,1,1,normal,0
IC_3811,LOT_C,W01,11.4576,12.7797,14.2771,15.2405,2.1389,2.2385,10.7145,10.8291,50.0,1,1,normal,0
IC_3812,LOT_A,W04,7.3001,8.7699,9.9717,10.7345,2.3648,2.4665,10.5875,10.5341,50.0,1,1,normal,0
IC_3813,LOT_A,W22,10.5941,11.5847,13.1658,13.8529,3.0762,3.1617,9.9835,9.973,50.0,1,1,normal,0
IC_3814,LOT_D,W22,10.4172,11.4972,12.5592,12.4908,2.7212,2.8265,12.5615,13.0308,50.0,1,1,normal,0
IC_3815,LOT_C,W08,10.0102,11.2774,11.9155,13.9073,2.3904,2.4476,10.0955,10.3326,50.0,1,1,normal,0
IC_3816,LOT_D,W23,84.7032,93.0969,105.1922,126.1367,8.6242,9.1125,22.7286,23.6327,50.0,0,0,gross_failure,1
IC_3817,LOT_B,W24,6.5684,7.7068,8.7222,8.9752,2.2331,2.2914,10.875,11.1753,50.0,1,1,normal,0
IC_3818,LOT_D,W13,8.0967,9.4126,11.1526,11.9299,2.3082,2.4218,11.0426,11.2865,50.0,1,1,normal,0
IC_3819,LOT_A,W20,8.1497,8.9347,9.8826,10.363,2.4732,2.4789,11.3992,11.5368,50.0,1,1,normal,0
IC_3820,LOT_E,W13,10.6152,12.0029,13.1232,14.2583,2.3558,2.4,11.8617,11.9568,50.0,1,1,normal,0
IC_3821,LOT_F,W24,11.5878,12.9944,14.4248,15.2771,2.3546,2.4378,13.3246,13.6566,50.0,1,1,normal,0
IC_3822,LOT_B,W04,7.1439,8.3082,8.353,9.6871,2.1593,2.2212,9.7766,10.0669,50.0,1,1,normal,0
IC_3823,LOT_E,W16,12.2664,14.0555,15.3982,16.1167,2.2024,2.2985,12.3506,12.6159,50.0,1,1,normal,0
IC_3824,LOT_D,W10,9.7733,11.398,13.2219,13.9184,2.4883,2.57,10.9118,11.0461,50.0,1,1,normal,0
IC_3825,LOT_A,W11,9.3199,10.9549,12.5581,13.1455,2.1876,2.2966,10.5302,10.6137,50.0,1,1,normal,0
IC_3826,LOT_A,W21,12.1563,13.8262,14.595,16.3952,2.9013,2.9914,10.7166,11.0089,50.0,1,1,normal,0
IC_3827,LOT_D,W10,7.7909,9.5254,11.5956,12.0396,2.1939,2.2507,11.1388,11.2556,50.0,1,1,normal,0
IC_3828,LOT_B,W09,9.8542,10.9226,12.0007,12.6016,2.9698,3.0151,12.8432,12.7651,50.0,1,1,normal,0
IC_3829,LOT_A,W21,9.5677,10.6281,12.1282,12.718,2.741,2.8295,12.0092,12.3003,50.0,1,1,normal,0
IC_3830,LOT_C,W09,11.5119,12.8277,14.3558,15.0688,2.0489,2.1368,11.1049,11.2249,50.0,1,1,normal,0
IC_3831,LOT_B,W15,9.5395,10.2196,11.2068,11.6855,2.3396,2.4052,10.4593,10.4379,50.0,1,1,normal,0
IC_3832,LOT_A,W14,12.0974,13.7597,15.7585,15.9024,2.7541,2.8644,10.9725,11.1451,50.0,1,1,normal,0
IC_3833,LOT_A,W18,7.25,8.2803,8.7774,10.4343,2.268,2.3155,10.4196,10.5662,50.0,1,1,normal,0
IC_3834,LOT_B,W09,42.1082,43.4344,45.2333,44.4753,5.4343,5.4933,14.7892,14.9729,50.0,1,1,latent_distribution_outlier,1
IC_3835,LOT_F,W04,44.1339,47.0279,49.8454,51.0515,4.7549,4.9413,19.4475,19.7786,50.0,1,1,latent_distribution_outlier,1
IC_3836,LOT_A,W05,7.2743,8.2778,9.2897,10.4431,2.1714,2.2072,9.9651,10.1495,50.0,1,1,normal,0
IC_3837,LOT_A,W14,35.5233,36.453,37.0323,39.5476,4.7885,4.8437,13.7685,13.9319,50.0,1,1,latent_distribution_outlier,1
IC_3838,LOT_D,W21,11.2868,12.3051,12.9144,13.7191,2.4758,2.5489,11.6291,11.7593,50.0,1,1,normal,0
IC_3839,LOT_F,W09,12.5892,13.7114,14.8791,15.3421,2.3384,2.3152,12.5317,12.5045,50.0,1,1,normal,0
IC_3840,LOT_D,W11,8.1481,12.1715,33.9773,65.1188,1.9927,2.2406,11.7824,12.2208,50.0,1,1,early_drifter,1
IC_3841,LOT_C,W19,12.6475,13.4892,14.7196,15.2832,2.4653,2.4964,12.9438,12.9459,50.0,1,1,normal,0
IC_3842,LOT_C,W02,33.1032,34.5338,36.2545,38.5253,3.8007,3.8762,14.0675,14.2343,50.0,1,1,latent_distribution_outlier,1
IC_3843,LOT_A,W17,9.6516,10.8706,12.2946,13.2596,2.7677,2.8357,10.5229,10.7637,50.0,1,1,normal,0
IC_3844,LOT_F,W04,10.1001,10.8024,12.0527,11.8949,2.9944,3.0562,12.7449,12.7645,50.0,1,1,normal,0
IC_3845,LOT_B,W09,10.5032,11.4845,12.9055,14.0032,2.4903,2.5656,11.5342,11.8052,50.0,1,1,normal,0
IC_3846,LOT_B,W02,9.0303,10.1429,11.5427,11.5424,2.1499,2.2028,11.5262,11.6831,50.0,1,1,normal,0
IC_3847,LOT_B,W03,9.4673,11.0823,12.7602,13.4667,2.76,2.8346,10.3496,10.6263,50.0,1,1,normal,0
IC_3848,LOT_B,W03,8.916,9.8919,10.77,10.8326,2.99,3.0185,11.0721,11.1505,50.0,1,1,normal,0
IC_3849,LOT_D,W10,9.3319,15.699,50.3268,95.5557,2.1297,2.5099,13.4313,14.2649,50.0,1,1,early_drifter,1
IC_3850,LOT_C,W21,10.887,12.1586,13.2317,14.1883,2.0447,2.1497,12.4299,12.7902,50.0,1,1,normal,0
IC_3851,LOT_E,W23,10.1498,11.3028,12.7294,13.9917,2.4724,2.5489,12.4275,12.4693,50.0,1,1,normal,0
IC_3852,LOT_E,W06,9.6855,10.4059,11.4548,11.867,1.6549,1.6935,12.4359,12.6159,50.0,1,1,normal,0
IC_3853,LOT_B,W18,9.1071,10.624,12.6445,12.7535,3.2625,3.3622,10.7887,10.9372,50.0,1,1,normal,0
IC_3854,LOT_D,W11,8.9076,10.3053,11.2649,12.4197,2.3513,2.4807,12.1055,12.2452,50.0,1,1,normal,0
IC_3855,LOT_E,W11,7.6576,8.9171,10.6396,10.8745,1.9475,2.0196,12.7963,12.9145,50.0,1,1,normal,0
IC_3856,LOT_A,W06,11.9658,16.6564,42.2332,76.7894,2.4546,2.6814,11.3278,11.8878,50.0,1,1,early_drifter,1
IC_3857,LOT_B,W12,11.2027,12.4256,13.9095,14.7081,2.7775,2.8372,12.054,12.1622,50.0,1,1,normal,0
IC_3858,LOT_B,W22,9.5644,10.4194,10.666,11.6043,2.6398,2.7051,10.9851,10.9856,50.0,1,1,normal,0
IC_3859,LOT_D,W15,8.8237,10.4918,11.5332,12.3089,2.3093,2.4219,11.6809,11.8643,50.0,1,1,normal,0
IC_3860,LOT_D,W02,8.2345,9.4173,10.4296,10.9984,2.1449,2.1863,12.3188,12.5368,50.0,1,1,normal,0
IC_3861,LOT_A,W16,7.9549,9.2574,10.8519,11.3499,2.4253,2.4966,12.0191,12.1066,50.0,1,1,normal,0
IC_3862,LOT_B,W04,9.8893,10.7061,11.4924,12.1681,2.6739,2.686,11.6896,11.674,50.0,1,1,normal,0
IC_3863,LOT_C,W21,11.9219,13.4357,15.1498,16.0086,2.1751,2.2506,12.1081,12.1407,50.0,1,1,normal,0
IC_3864,LOT_D,W04,11.124,12.2037,13.3056,13.9962,2.5481,2.6498,11.9763,12.223,50.0,1,1,normal,0
IC_3865,LOT_D,W07,10.1512,13.2595,32.1549,54.6617,2.2903,2.4342,10.311,10.7048,50.0,1,1,early_drifter,1
IC_3866,LOT_D,W07,9.9186,11.1388,11.9882,12.176,2.0935,2.1252,13.7088,13.9984,50.0,1,1,normal,0
IC_3867,LOT_E,W14,7.0355,7.9536,8.5612,9.8698,2.3041,2.3395,10.8289,10.9894,50.0,1,1,normal,0
IC_3868,LOT_E,W03,8.7305,10.1261,11.7178,12.8416,2.2829,2.3666,12.306,12.5667,50.0,1,1,normal,0
IC_3869,LOT_E,W21,8.9517,10.3531,11.425,11.9796,1.9647,2.0552,12.1841,12.7069,50.0,1,1,normal,0
IC_3870,LOT_C,W11,13.9986,14.6705,15.4035,16.7612,2.1855,2.25,11.3195,11.7069,50.0,1,1,normal,0
IC_3871,LOT_C,W08,10.3934,11.7014,13.053,13.7098,2.1088,2.2522,11.3696,11.5231,50.0,1,1,normal,0
IC_3872,LOT_F,W19,13.7174,14.7751,15.9487,16.3725,2.4031,2.4938,12.6258,12.8457,50.0,1,1,normal,0
IC_3873,LOT_F,W01,11.7011,13.5184,14.4531,15.2217,2.1737,2.3083,12.6615,12.8777,50.0,1,1,normal,0
IC_3874,LOT_D,W24,8.8562,10.2753,11.4746,12.7348,2.0533,2.0841,11.4049,11.4121,50.0,1,1,normal,0
IC_3875,LOT_A,W07,9.7611,11.1008,11.9471,13.5912,3.0804,3.1974,10.5109,10.6484,50.0,1,1,normal,0
IC_3876,LOT_E,W19,9.3529,12.6818,31.4508,58.1176,2.4391,2.6221,12.4663,12.8794,50.0,1,1,early_drifter,1
IC_3877,LOT_A,W08,11.2288,12.2554,12.7582,13.8596,2.5233,2.6326,11.5761,11.6477,50.0,1,1,normal,0
IC_3878,LOT_E,W17,8.7201,10.4021,11.9761,13.4128,2.2667,2.3274,11.7099,12.0819,50.0,1,1,normal,0
IC_3879,LOT_F,W23,11.1104,12.0887,13.7421,14.9164,2.626,2.6782,13.6637,13.8627,50.0,1,1,normal,0
IC_3880,LOT_F,W01,12.3777,13.3464,13.9925,15.0216,2.1971,2.2485,12.6318,12.7908,50.0,1,1,normal,0
IC_3881,LOT_C,W15,12.6892,14.1494,15.8476,16.0135,2.3143,2.4073,12.497,12.6733,50.0,1,1,normal,0
IC_3882,LOT_E,W17,10.219,11.6842,13.7938,13.9952,2.1887,2.275,13.2072,13.4467,50.0,1,1,normal,0
IC_3883,LOT_A,W09,10.8515,12.5069,14.2878,15.3191,2.492,2.638,12.1531,12.4235,50.0,1,1,normal,0
IC_3884,LOT_F,W13,8.7387,10.3983,11.641,12.6714,1.8774,1.9376,12.0369,12.254,50.0,1,1,normal,0
IC_3885,LOT_A,W16,8.4481,9.5321,10.4719,11.4127,2.53,2.6116,11.9503,11.9607,50.0,1,1,normal,0
IC_3886,LOT_F,W04,8.256,9.7555,11.913,12.8441,2.1117,2.1724,13.0656,13.3647,50.0,1,1,normal,0
IC_3887,LOT_C,W06,38.8971,40.4931,41.9382,42.9041,4.3565,4.4845,15.9165,15.9943,50.0,1,1,latent_distribution_outlier,1
IC_3888,LOT_F,W06,11.1829,12.7073,14.4125,15.4101,2.2615,2.419,13.5057,13.5041,50.0,1,1,normal,0
IC_3889,LOT_F,W14,37.0035,38.7607,39.9139,40.7115,4.1399,4.2126,18.19,18.3024,50.0,1,1,latent_distribution_outlier,1
IC_3890,LOT_C,W08,12.8446,13.6899,15.4268,16.3942,2.2222,2.2705,11.7749,11.8208,50.0,1,1,normal,0
IC_3891,LOT_E,W03,8.1659,9.5144,11.2251,12.2745,2.405,2.5256,13.6125,13.8444,50.0,1,1,normal,0
IC_3892,LOT_E,W16,13.2635,14.4822,15.4708,15.2612,2.4033,2.4754,12.9381,13.0011,50.0,1,1,normal,0
IC_3893,LOT_A,W03,13.6891,15.1098,16.8068,17.5,3.1536,3.2384,12.1741,12.2089,50.0,1,1,normal,0
IC_3894,LOT_C,W19,12.2422,13.1935,13.9586,14.1263,2.4752,2.5083,13.55,13.8202,50.0,1,1,normal,0
IC_3895,LOT_E,W01,10.9764,12.0575,12.4903,13.9047,2.4116,2.4606,12.7586,12.9573,50.0,1,1,normal,0
IC_3896,LOT_B,W09,9.4602,11.3049,12.1604,12.8156,2.2029,2.3033,11.402,11.5723,50.0,1,1,normal,0
IC_3897,LOT_A,W13,8.3225,9.4527,10.4751,10.9646,2.5728,2.5809,10.9097,11.1067,50.0,1,1,normal,0
IC_3898,LOT_A,W14,13.2842,14.5558,16.1588,17.1276,2.4959,2.5643,11.6474,11.6366,50.0,1,1,normal,0
IC_3899,LOT_E,W15,7.2984,8.44,9.2064,9.8084,2.0311,2.1434,11.9367,12.0936,50.0,1,1,normal,0
IC_3900,LOT_A,W23,8.9291,9.9906,11.5998,12.3605,2.5258,2.5704,9.3239,9.503,50.0,1,1,normal,0
IC_3901,LOT_A,W24,9.9063,10.6507,11.6067,12.022,2.3255,2.3843,11.6038,11.6715,50.0,1,1,normal,0
IC_3902,LOT_B,W14,10.4382,11.9938,13.4064,14.8278,2.5757,2.6324,11.396,11.567,50.0,1,1,normal,0
IC_3903,LOT_A,W15,8.3304,9.1957,10.0958,10.9077,2.8114,2.8335,11.4692,11.432,50.0,1,1,normal,0
IC_3904,LOT_E,W03,8.6584,10.0536,11.0339,12.2685,2.2232,2.3835,11.3442,11.3353,50.0,1,1,normal,0
IC_3905,LOT_C,W20,10.2129,10.6537,11.7245,11.8702,2.0955,2.1157,10.6892,10.7372,50.0,1,1,normal,0
IC_3906,LOT_D,W02,8.9118,10.0835,11.0239,11.5439,2.7018,2.7654,12.2872,12.3799,50.0,1,1,normal,0
IC_3907,LOT_C,W02,11.7864,12.5161,13.3071,14.0172,2.3038,2.3423,12.2432,12.3803,50.0,1,1,normal,0
IC_3908,LOT_C,W01,11.7324,12.9524,14.4681,14.8404,2.0275,2.1178,11.6049,11.7982,50.0,1,1,normal,0
IC_3909,LOT_D,W01,10.7135,11.6343,12.5885,12.9195,2.3898,2.4464,11.7122,11.8713,50.0,1,1,normal,0
IC_3910,LOT_D,W04,7.9642,9.2576,10.0042,10.5046,2.4079,2.4923,12.271,12.322,50.0,1,1,normal,0
IC_3911,LOT_C,W22,11.757,12.7431,13.3311,14.1527,2.4475,2.524,11.3482,11.5006,50.0,1,1,normal,0
IC_3912,LOT_C,W18,11.2163,12.5091,13.1865,14.2758,2.398,2.4934,12.6513,12.9397,50.0,1,1,normal,0
IC_3913,LOT_C,W22,11.4998,12.9672,14.5094,15.2932,2.1024,2.1858,11.4322,11.7858,50.0,1,1,normal,0
IC_3914,LOT_D,W15,10.0078,11.0092,11.6069,12.4131,2.2986,2.3484,10.8593,10.9756,50.0,1,1,normal,0
IC_3915,LOT_A,W03,10.4458,11.3459,12.4374,13.2075,2.4661,2.5492,12.5222,12.5912,50.0,1,1,normal,0
IC_3916,LOT_C,W16,11.8447,12.6243,13.5687,14.1756,2.1467,2.2297,12.1309,12.3285,50.0,1,1,normal,0
IC_3917,LOT_A,W05,9.6188,11.1268,12.6996,14.2475,2.7211,2.8041,12.4886,12.7817,50.0,1,1,normal,0
IC_3918,LOT_B,W10,11.23,12.5588,13.5568,14.6963,3.3247,3.4214,10.999,11.3926,50.0,1,1,normal,0
IC_3919,LOT_B,W16,8.6486,9.8236,10.3379,10.5161,2.5273,2.6096,11.0078,11.2196,50.0,1,1,normal,0
IC_3920,LOT_B,W24,7.5999,8.694,9.2528,9.7992,2.0316,2.0334,10.8296,11.1134,50.0,1,1,normal,0
IC_3921,LOT_F,W18,10.3203,11.6681,12.8468,13.748,2.0751,2.226,14.0107,14.1541,50.0,1,1,normal,0
IC_3922,LOT_F,W07,10.7149,12.029,12.5627,13.155,1.8739,1.9507,14.3726,14.7907,50.0,1,1,normal,0
IC_3923,LOT_D,W21,11.7934,13.1358,14.6904,16.2275,3.0985,3.2203,11.523,11.5492,50.0,1,1,normal,0
IC_3924,LOT_E,W06,9.3729,10.6704,11.8208,13.0027,2.1896,2.3177,12.2192,12.427,50.0,1,1,normal,0
IC_3925,LOT_D,W13,8.9461,9.7315,10.3228,10.7496,2.3024,2.3307,11.1533,11.2787,50.0,1,1,normal,0
IC_3926,LOT_B,W23,7.1449,7.9499,8.2767,9.0467,2.4805,2.5441,10.724,10.7233,50.0,1,1,normal,0
IC_3927,LOT_A,W06,8.1008,9.6453,11.0986,12.4879,2.5744,2.6455,11.8992,12.0945,50.0,1,1,normal,0
IC_3928,LOT_D,W07,10.3586,11.8897,13.3153,13.7872,2.5755,2.6181,10.8936,11.0474,50.0,1,1,normal,0
IC_3929,LOT_E,W07,9.3363,11.0413,12.6389,13.6368,1.489,1.5613,12.3492,12.5627,50.0,1,1,normal,0
IC_3930,LOT_E,W15,6.9102,7.977,8.7974,9.1255,2.1716,2.2271,12.0369,12.211,50.0,1,1,normal,0
IC_3931,LOT_F,W22,12.2278,13.2781,14.2443,14.5274,1.9957,2.0769,11.9689,11.7966,50.0,1,1,normal,0
IC_3932,LOT_F,W21,40.2063,41.9628,43.0029,44.6296,4.5578,4.6553,17.3811,17.5831,50.0,1,1,latent_distribution_outlier,1
IC_3933,LOT_F,W03,10.4227,12.1394,13.5501,14.8543,2.4698,2.5883,13.3292,13.4634,50.0,1,1,normal,0
IC_3934,LOT_C,W04,8.7982,10.0593,10.2242,11.5374,2.0032,2.0662,10.3817,10.6371,50.0,1,1,normal,0
IC_3935,LOT_D,W12,6.9112,8.0298,9.0993,9.7272,2.1329,2.2408,11.5281,11.6434,50.0,1,1,normal,0
IC_3936,LOT_B,W07,9.431,10.7295,12.1958,12.6305,2.1885,2.2953,10.1116,10.4031,50.0,1,1,normal,0
IC_3937,LOT_A,W02,11.3581,14.6152,32.3561,55.1379,2.1319,2.3559,12.936,13.4465,50.0,1,1,early_drifter,1
IC_3938,LOT_B,W24,8.6569,9.7132,10.5159,11.1701,2.9027,3.0256,10.2803,10.2877,50.0,1,1,normal,0
IC_3939,LOT_D,W07,10.0623,11.7402,13.5343,14.1314,2.3654,2.4515,11.6207,11.9571,50.0,1,1,normal,0
IC_3940,LOT_B,W23,8.7831,9.9154,10.6801,11.8634,2.8016,2.864,11.1836,11.2021,50.0,1,1,normal,0
IC_3941,LOT_E,W02,10.0609,10.9498,12.1984,12.162,1.7666,1.8039,12.6264,12.6145,50.0,1,1,normal,0
IC_3942,LOT_A,W01,32.485,34.6018,37.3902,39.4071,4.4223,4.5537,14.8933,15.0511,50.0,1,1,latent_distribution_outlier,1
IC_3943,LOT_E,W16,12.3695,13.4929,14.9009,15.5377,2.4448,2.4516,12.5387,12.7199,50.0,1,1,normal,0
IC_3944,LOT_F,W07,11.7198,12.7949,14.2142,14.6788,2.6275,2.6862,13.4477,13.6546,50.0,1,1,normal,0
IC_3945,LOT_D,W04,9.6922,10.7842,11.7064,12.785,2.0201,2.1184,11.7241,11.8046,50.0,1,1,normal,0
IC_3946,LOT_E,W03,10.4154,11.1991,12.0521,12.8673,2.763,2.8267,12.3906,12.3643,50.0,1,1,normal,0
IC_3947,LOT_F,W10,11.3578,12.7873,13.9489,14.62,1.9796,1.995,12.0959,12.2146,50.0,1,1,normal,0
IC_3948,LOT_C,W24,12.4252,13.0719,14.3575,14.3121,2.6014,2.6574,13.0865,13.1546,50.0,1,1,normal,0
IC_3949,LOT_B,W07,11.9117,12.8364,13.2788,13.6558,2.9338,3.0362,12.5712,12.7647,50.0,1,1,normal,0
IC_3950,LOT_F,W06,11.3386,12.6143,14.0503,15.0588,2.2102,2.3009,13.9972,14.0225,50.0,1,1,normal,0
IC_3951,LOT_A,W08,7.8485,9.2076,10.7442,11.3052,2.8672,3.0025,10.6149,10.8427,50.0,1,1,normal,0
IC_3952,LOT_F,W15,10.4737,11.4472,12.4562,12.7963,1.7658,1.8388,12.9512,13.258,50.0,1,1,normal,0
IC_3953,LOT_B,W21,12.4337,13.3608,14.447,15.2156,2.616,2.6572,11.2005,11.2123,50.0,1,1,normal,0
IC_3954,LOT_A,W03,8.04,13.0328,39.5452,75.8766,2.1574,2.4664,10.9227,11.3082,50.0,1,1,early_drifter,1
IC_3955,LOT_A,W12,9.4299,11.0194,12.3021,13.6762,2.6252,2.691,10.7563,11.0849,50.0,1,1,normal,0
IC_3956,LOT_F,W01,9.8146,11.2868,12.7928,13.8509,1.4862,1.4981,12.8279,12.9699,50.0,1,1,normal,0
IC_3957,LOT_B,W10,8.7847,14.3793,45.9712,86.2809,2.558,2.9042,13.0003,13.7866,50.0,1,1,early_drifter,1
IC_3958,LOT_B,W02,5.1255,6.3684,7.989,9.7345,1.8551,1.9543,10.6642,10.8809,50.0,1,1,normal,0
IC_3959,LOT_A,W23,9.2043,10.4632,10.7693,12.3532,2.2522,2.302,11.9949,12.1801,50.0,1,1,normal,0
IC_3960,LOT_E,W23,8.8329,9.6193,11.2092,11.5756,2.2041,2.27,11.7381,12.1009,50.0,1,1,normal,0
IC_3961,LOT_C,W15,10.8485,12.4961,13.6384,14.951,2.2941,2.3913,10.9909,11.1861,50.0,1,1,normal,0
IC_3962,LOT_B,W18,8.2282,9.0151,9.9752,11.2585,2.4762,2.5461,10.2021,10.3113,50.0,1,1,normal,0
IC_3963,LOT_C,W12,11.3018,12.4289,13.3413,14.0843,1.6342,1.7056,11.6797,11.9756,50.0,1,1,normal,0
IC_3964,LOT_A,W01,13.2103,14.198,14.748,15.6456,2.4079,2.4462,10.9425,11.1043,50.0,1,1,normal,0
IC_3965,LOT_F,W21,10.4231,11.1893,12.3851,12.297,2.4036,2.4415,13.5731,13.5608,50.0,1,1,normal,0
IC_3966,LOT_A,W06,9.3298,10.6816,11.5718,12.3903,2.8655,2.9268,11.3672,11.5304,50.0,1,1,normal,0
IC_3967,LOT_C,W24,8.8585,10.3585,12.1842,13.141,2.1512,2.267,11.3873,11.5486,50.0,1,1,normal,0
IC_3968,LOT_A,W14,8.6592,10.4402,11.5304,12.8791,2.4662,2.561,9.9119,10.1906,50.0,1,1,normal,0
IC_3969,LOT_D,W15,11.5626,12.5798,13.109,14.6734,2.553,2.5533,13.4069,13.6207,50.0,1,1,normal,0
IC_3970,LOT_D,W19,9.5558,10.4496,11.2224,12.3929,2.8007,2.8994,12.7418,12.7997,50.0,1,1,normal,0
IC_3971,LOT_E,W13,11.5126,12.1947,12.5607,13.8308,2.1134,2.0776,13.1654,13.3549,50.0,1,1,normal,0
IC_3972,LOT_E,W08,10.783,11.913,13.2158,13.8172,2.1414,2.1347,12.0045,12.1573,50.0,1,1,normal,0
IC_3973,LOT_B,W18,8.7492,10.6779,12.1639,14.0787,2.4111,2.5489,9.6224,9.9316,50.0,1,1,normal,0
IC_3974,LOT_E,W12,7.9166,9.8379,11.4908,12.2749,1.908,2.0812,12.3565,12.4387,50.0,1,1,normal,0
IC_3975,LOT_F,W20,11.4871,12.8654,14.5321,15.4133,2.446,2.533,10.7897,11.0624,50.0,1,1,normal,0
IC_3976,LOT_A,W09,9.914,11.0808,12.552,13.5763,2.2325,2.2969,12.2017,12.4431,50.0,1,1,normal,0
IC_3977,LOT_A,W12,6.1644,6.9246,8.0916,9.3318,1.9616,2.0126,12.1056,12.0093,50.0,1,1,normal,0
IC_3978,LOT_A,W24,10.9758,12.2398,12.8244,13.4823,2.61,2.6685,11.7612,11.9886,50.0,1,1,normal,0
IC_3979,LOT_E,W05,10.2473,13.5223,31.4042,55.1339,2.0752,2.2356,12.8261,13.2263,50.0,1,1,early_drifter,1
IC_3980,LOT_D,W13,7.008,8.0276,8.3592,9.7129,2.3321,2.3826,11.6026,11.7635,50.0,1,1,normal,0
IC_3981,LOT_C,W05,10.7411,12.0774,13.5017,14.7068,2.0473,2.1502,11.6648,11.9549,50.0,1,1,normal,0
IC_3982,LOT_D,W20,9.8101,10.4659,11.6058,12.0944,2.3975,2.4254,10.6207,10.7127,50.0,1,1,normal,0
IC_3983,LOT_C,W12,10.2784,11.4203,13.056,13.6581,2.2293,2.3274,12.7009,12.8322,50.0,1,1,normal,0
IC_3984,LOT_F,W01,11.4601,12.6339,13.3712,14.2084,2.2403,2.354,13.0057,13.059,50.0,1,1,normal,0
IC_3985,LOT_E,W10,10.2587,11.0668,11.7762,12.1439,2.0202,2.0933,13.0606,13.1784,50.0,1,1,normal,0
IC_3986,LOT_A,W12,10.3301,12.0958,13.2857,14.1837,2.5622,2.6498,11.2853,11.3647,50.0,1,1,normal,0
IC_3987,LOT_E,W13,11.3298,13.1122,14.3487,15.6911,2.2088,2.3195,12.4902,12.7359,50.0,1,1,normal,0
IC_3988,LOT_F,W16,11.8579,13.0918,13.9854,14.8662,3.1032,3.2116,13.6892,13.8016,50.0,1,1,normal,0
IC_3989,LOT_D,W17,8.4081,9.4267,10.5669,11.3763,2.2524,2.2955,11.1077,11.2179,50.0,1,1,normal,0
IC_3990,LOT_A,W24,8.9143,11.0478,12.2204,13.2056,2.4936,2.6206,10.8416,11.2412,50.0,1,1,normal,0
IC_3991,LOT_A,W10,6.2729,7.2681,8.6756,8.9124,2.4092,2.455,10.9702,11.111,50.0,1,1,normal,0
IC_3992,LOT_C,W04,11.4553,12.9843,14.211,15.2404,1.9649,2.0463,12.1419,12.1631,50.0,1,1,normal,0
IC_3993,LOT_A,W04,12.4859,13.1966,14.967,14.4469,2.7693,2.8415,12.2357,12.2695,50.0,1,1,normal,0
IC_3994,LOT_A,W02,7.1488,8.6944,10.4489,11.9229,2.5915,2.6555,11.0222,11.2433,50.0,1,1,normal,0
IC_3995,LOT_C,W07,39.2611,41.5252,43.5953,44.6444,4.4039,4.5794,15.3795,15.6934,50.0,1,1,latent_distribution_outlier,1
IC_3996,LOT_A,W08,45.0337,46.9269,49.6447,50.344,5.0807,5.2064,15.8267,16.1046,50.0,1,1,latent_distribution_outlier,1
IC_3997,LOT_F,W15,9.7009,10.784,11.787,12.8138,1.723,1.819,11.3539,11.2791,50.0,1,1,normal,0
IC_3998,LOT_C,W08,12.8855,14.5816,16.1886,17.4605,2.6074,2.7126,11.1743,11.3795,50.0,1,1,normal,0
IC_3999,LOT_A,W21,13.6375,15.0086,16.4371,17.5893,3.029,3.1128,11.7971,12.1627,50.0,1,1,normal,0
IC_4000,LOT_E,W11,12.5822,13.7598,15.1907,15.8143,1.8468,1.8959,13.2567,13.4778,50.0,1,1,normal,0
IC_4001,LOT_B,W17,8.3877,9.3505,10.6271,10.6433,2.4588,2.4761,11.6682,11.8032,50.0,1,1,normal,0
IC_4002,LOT_D,W17,9.2289,10.6817,11.7538,12.6683,2.4651,2.5437,11.8951,11.9071,50.0,1,1,normal,0
IC_4003,LOT_B,W06,7.46,9.1139,10.6983,11.5385,2.515,2.5809,11.0904,11.0941,50.0,1,1,normal,0
IC_4004,LOT_C,W21,12.407,13.2446,14.323,14.5787,2.4558,2.4642,11.9935,11.9265,50.0,1,1,normal,0
IC_4005,LOT_E,W05,10.7987,12.0507,13.0658,13.8328,2.5505,2.665,12.6172,12.617,50.0,1,1,normal,0
IC_4006,LOT_D,W11,8.3258,9.7247,10.8473,11.9606,2.6104,2.648,11.2711,11.3823,50.0,1,1,normal,0
IC_4007,LOT_E,W20,12.0524,12.9516,13.648,14.4823,2.2138,2.2403,11.3129,11.3462,50.0,1,1,normal,0
IC_4008,LOT_C,W07,10.8013,12.5179,13.7252,15.2328,2.4609,2.5762,12.9285,13.1029,50.0,1,1,normal,0
IC_4009,LOT_D,W08,38.0162,39.1096,40.2828,42.2689,4.843,4.8832,17.2579,17.3508,50.0,1,1,latent_distribution_outlier,1
IC_4010,LOT_B,W24,7.1508,8.6378,10.208,11.4049,2.1493,2.2069,10.3738,10.5176,50.0,1,1,normal,0
IC_4011,LOT_E,W21,9.1641,10.7295,12.3315,13.266,2.2197,2.2881,10.9071,10.9762,50.0,1,1,normal,0
IC_4012,LOT_F,W10,8.9183,9.9434,10.8663,11.1239,1.566,1.6197,13.8406,13.8532,50.0,1,1,normal,0
IC_4013,LOT_E,W10,10.1452,11.4914,13.1115,13.9038,1.9252,1.9815,13.2915,13.4832,50.0,1,1,normal,0
IC_4014,LOT_C,W16,12.3999,13.6322,14.7967,15.9932,2.5458,2.6213,11.8768,12.1954,50.0,1,1,normal,0
IC_4015,LOT_F,W19,10.3237,11.729,13.4851,14.7062,2.0401,2.1851,13.236,13.3709,50.0,1,1,normal,0
IC_4016,LOT_A,W10,9.3041,10.9465,12.1688,12.816,2.7827,2.9221,12.2144,12.4456,50.0,1,1,normal,0
IC_4017,LOT_B,W03,9.5246,11.0539,12.2557,13.9844,2.6735,2.6972,11.254,11.617,50.0,1,1,normal,0
IC_4018,LOT_D,W19,9.523,11.1801,12.6019,14.0687,2.4679,2.5964,11.8841,11.9576,50.0,1,1,normal,0
IC_4019,LOT_B,W03,9.4962,10.5445,11.4771,11.6129,2.6295,2.737,10.972,11.0605,50.0,1,1,normal,0
IC_4020,LOT_E,W07,10.2767,11.0938,11.8207,12.5505,2.2686,2.3241,12.5399,12.573,50.0,1,1,normal,0
IC_4021,LOT_F,W13,12.0873,13.1064,13.4775,14.3098,2.2829,2.3077,13.9628,14.0363,50.0,1,1,normal,0
IC_4022,LOT_F,W16,10.286,11.2031,12.2431,13.0215,2.0001,2.021,13.6421,13.8398,50.0,1,1,normal,0
IC_4023,LOT_A,W14,10.467,11.7838,13.4018,13.8979,2.8896,2.9476,11.6063,11.786,50.0,1,1,normal,0
IC_4024,LOT_F,W13,10.6867,11.8359,13.1953,14.0478,2.1381,2.1889,10.279,10.3789,50.0,1,1,normal,0
IC_4025,LOT_E,W22,10.4273,11.9899,13.7255,15.1363,2.4449,2.5185,11.9861,12.1983,50.0,1,1,normal,0
IC_4026,LOT_B,W05,6.3668,7.4493,8.2978,9.1863,2.219,2.2317,10.9563,11.1513,50.0,1,1,normal,0
IC_4027,LOT_A,W20,8.5428,9.6001,10.5505,11.4084,2.689,2.7382,11.3051,11.4019,50.0,1,1,normal,0
IC_4028,LOT_A,W14,12.6956,13.4737,14.2047,15.3331,2.6088,2.629,11.9825,12.1222,50.0,1,1,normal,0
IC_4029,LOT_D,W11,8.6374,9.9425,11.8997,13.5158,2.3666,2.3907,10.9613,11.28,50.0,1,1,normal,0
IC_4030,LOT_A,W13,9.8008,10.9749,11.8388,12.7612,2.3657,2.4888,11.5175,11.5978,50.0,1,1,normal,0
IC_4031,LOT_E,W16,10.4246,11.2761,12.1016,12.7818,2.3575,2.416,13.1472,13.2067,50.0,1,1,normal,0
IC_4032,LOT_F,W16,10.695,11.5409,12.3066,12.8351,2.5932,2.6483,13.5409,13.5822,50.0,1,1,normal,0
IC_4033,LOT_B,W23,8.8134,10.4427,12.2876,13.3448,2.0978,2.1904,10.6146,10.7973,50.0,1,1,normal,0
IC_4034,LOT_B,W18,10.0362,10.6692,11.3815,12.1323,2.4797,2.5228,11.6771,11.6593,50.0,1,1,normal,0
IC_4035,LOT_A,W12,11.2529,12.3194,13.5568,14.6629,2.4709,2.5043,11.1125,11.1348,50.0,1,1,normal,0
IC_4036,LOT_E,W18,11.9194,13.3336,15.0859,15.4045,2.4985,2.5616,12.0736,12.3676,50.0,1,1,normal,0
IC_4037,LOT_D,W03,10.7204,12.5362,13.8877,14.6079,2.8548,2.9878,12.2914,12.2603,50.0,1,1,normal,0
IC_4038,LOT_D,W23,8.0928,9.9484,11.6601,12.5825,2.332,2.4595,11.6994,11.9464,50.0,1,1,normal,0
IC_4039,LOT_C,W19,13.172,14.3779,15.738,16.9802,2.1793,2.2683,11.5804,11.6332,50.0,1,1,normal,0
IC_4040,LOT_E,W14,7.8585,9.6308,11.4222,11.8372,1.7556,1.8721,11.2643,11.4438,50.0,1,1,normal,0
IC_4041,LOT_E,W08,10.9199,12.0691,13.2975,13.8508,2.069,2.1424,12.304,12.398,50.0,1,1,normal,0
IC_4042,LOT_C,W04,12.836,14.0563,15.2775,15.6542,2.6156,2.6396,11.8858,12.0306,50.0,1,1,normal,0
IC_4043,LOT_F,W09,14.4506,15.499,16.2618,17.0161,2.1691,2.2293,14.3891,14.7832,50.0,1,1,normal,0
IC_4044,LOT_C,W04,14.0,18.8493,47.7562,88.4283,2.7024,2.9391,11.4384,12.0508,50.0,1,1,early_drifter,1
IC_4045,LOT_E,W20,7.7229,9.0132,10.5721,11.3586,2.426,2.5273,11.4119,11.6373,50.0,1,1,normal,0
IC_4046,LOT_E,W13,9.7712,11.6522,13.0682,14.2937,2.1753,2.3008,11.9608,12.4377,50.0,1,1,normal,0
IC_4047,LOT_D,W06,77.3776,85.8609,102.5686,122.8731,7.9327,8.394,21.8153,22.8048,50.0,0,0,gross_failure,1
IC_4048,LOT_E,W10,8.4353,9.3159,9.5828,10.9586,2.2999,2.3797,12.8383,12.804,50.0,1,1,normal,0
IC_4049,LOT_D,W17,10.0246,11.3891,12.704,14.4531,2.239,2.305,11.8192,12.0549,50.0,1,1,normal,0
IC_4050,LOT_F,W02,10.1061,10.914,12.1736,13.2511,2.1959,2.2274,13.922,14.0186,50.0,1,1,normal,0
IC_4051,LOT_C,W03,11.3276,12.8671,14.4681,15.0743,2.2902,2.392,12.3104,12.5103,50.0,1,1,normal,0
IC_4052,LOT_A,W02,11.4475,13.2075,14.5055,15.5058,2.4154,2.5477,11.76,11.8563,50.0,1,1,normal,0
IC_4053,LOT_F,W20,8.7652,10.1836,11.0544,11.8241,1.8525,1.9939,13.2565,13.6066,50.0,1,1,normal,0
IC_4054,LOT_E,W19,11.0604,12.7382,14.0855,15.2595,2.3813,2.4803,12.5564,12.6575,50.0,1,1,normal,0
IC_4055,LOT_A,W11,10.7474,12.3015,13.5699,14.9507,2.8714,2.9723,11.5939,11.865,50.0,1,1,normal,0
IC_4056,LOT_D,W02,10.9247,12.7179,14.6578,15.3539,2.376,2.5022,10.1674,10.3379,50.0,1,1,normal,0
IC_4057,LOT_B,W16,11.3386,12.9729,14.7271,15.5022,2.685,2.78,9.8158,9.9525,50.0,1,1,normal,0
IC_4058,LOT_F,W22,11.0741,14.6599,35.0129,62.6787,2.5569,2.796,12.5349,12.9573,50.0,1,1,early_drifter,1
IC_4059,LOT_A,W17,7.3523,8.4532,9.2332,9.021,2.6561,2.6868,11.2588,11.3352,50.0,1,1,normal,0
IC_4060,LOT_C,W16,9.4807,10.0211,11.2659,11.5183,1.9958,2.0489,11.8099,11.9,50.0,1,1,normal,0
IC_4061,LOT_E,W09,12.6752,14.0622,15.3986,16.5813,2.661,2.7619,13.2895,13.6083,50.0,1,1,normal,0
IC_4062,LOT_D,W14,12.3829,13.421,14.5653,14.7955,2.5463,2.5858,12.0611,12.2324,50.0,1,1,normal,0
IC_4063,LOT_C,W22,45.4301,47.1138,49.0678,51.3398,4.9153,5.0152,16.212,16.3856,50.0,1,1,latent_distribution_outlier,1
IC_4064,LOT_C,W21,12.3804,13.3211,13.3156,14.4489,2.2395,2.289,12.283,12.4146,50.0,1,1,normal,0
IC_4065,LOT_A,W02,10.4766,11.252,12.2679,12.1482,2.613,2.6315,11.5092,11.8921,50.0,1,1,normal,0
IC_4066,LOT_C,W17,11.4245,12.7773,14.4806,14.6892,2.1812,2.331,13.0782,13.1798,50.0,1,1,normal,0
IC_4067,LOT_D,W13,10.1088,11.1091,11.9854,11.6899,2.6682,2.74,11.6372,11.6271,50.0,1,1,normal,0
IC_4068,LOT_F,W01,8.8719,10.0422,11.5528,12.3637,2.3593,2.4307,13.4635,13.7533,50.0,1,1,normal,0
IC_4069,LOT_C,W11,10.737,11.6553,12.4155,13.2985,2.506,2.5527,11.9662,12.122,50.0,1,1,normal,0
IC_4070,LOT_B,W21,4.6959,5.7353,7.1006,8.5119,1.903,1.9536,10.1266,10.4103,50.0,1,1,normal,0
IC_4071,LOT_E,W14,9.914,11.0926,12.9181,13.1877,2.0471,2.1492,12.8272,13.0159,50.0,1,1,normal,0
IC_4072,LOT_C,W02,9.856,11.1744,13.2959,13.1977,1.7856,1.851,11.1221,11.2078,50.0,1,1,normal,0
IC_4073,LOT_B,W05,11.0822,11.9843,12.9237,13.3844,2.7245,2.7854,11.5057,11.4053,50.0,1,1,normal,0
IC_4074,LOT_F,W16,11.4329,12.951,14.1603,14.8217,2.3987,2.4505,13.9448,14.171,50.0,1,1,normal,0
IC_4075,LOT_F,W10,11.4359,12.4873,13.2471,13.7582,2.1902,2.2618,12.8513,12.9172,50.0,1,1,normal,0
IC_4076,LOT_E,W23,9.9703,11.3888,12.3756,12.9985,2.0288,2.1509,12.744,12.9818,50.0,1,1,normal,0
IC_4077,LOT_F,W14,9.095,10.4168,12.2728,12.4048,1.9532,2.0623,13.3118,13.3225,50.0,1,1,normal,0
IC_4078,LOT_B,W03,8.5312,9.4393,10.28,10.7835,2.1731,2.2068,12.6391,12.6517,50.0,1,1,normal,0
IC_4079,LOT_F,W07,10.3454,11.4798,12.7226,13.1278,1.8988,1.9912,13.9759,13.9795,50.0,1,1,normal,0
IC_4080,LOT_B,W23,9.4392,10.8464,12.7092,13.2701,2.7516,2.8032,12.7423,12.9273,50.0,1,1,normal,0
IC_4081,LOT_E,W21,9.9898,11.0765,12.3623,13.5727,2.5033,2.527,12.0642,12.183,50.0,1,1,normal,0
IC_4082,LOT_A,W06,9.9149,10.9011,12.1215,12.572,2.6856,2.7197,11.6293,11.7494,50.0,1,1,normal,0
IC_4083,LOT_D,W19,9.874,11.3079,12.5307,13.5907,2.6193,2.6675,10.6717,10.8875,50.0,1,1,normal,0
IC_4084,LOT_E,W04,9.3095,10.9286,12.601,13.1842,2.0135,2.1153,11.7837,12.121,50.0,1,1,normal,0
IC_4085,LOT_D,W03,9.3222,10.5903,12.1635,12.4996,2.3487,2.4013,10.8222,10.9146,50.0,1,1,normal,0
IC_4086,LOT_A,W10,10.9941,14.7767,34.2971,62.5886,2.7392,2.9686,11.4088,11.8557,50.0,1,1,early_drifter,1
IC_4087,LOT_E,W17,12.7618,14.264,15.9961,17.1406,2.2199,2.3472,13.0304,13.4171,50.0,1,1,normal,0
IC_4088,LOT_B,W16,6.4435,7.632,8.5772,9.0747,2.1074,2.1445,12.0575,12.1951,50.0,1,1,normal,0
IC_4089,LOT_D,W22,9.2385,10.4979,12.1892,12.5715,2.0499,2.1347,10.9755,11.0703,50.0,1,1,normal,0
IC_4090,LOT_F,W21,12.871,14.2656,15.5179,15.9439,2.0557,2.1803,14.157,14.4347,50.0,1,1,normal,0
IC_4091,LOT_B,W09,8.8621,10.4405,11.5816,13.1531,2.4409,2.4848,11.3351,11.6067,50.0,1,1,normal,0
IC_4092,LOT_F,W04,12.2965,14.0106,15.6858,16.2759,2.3383,2.423,15.3306,15.5495,50.0,1,1,normal,0
IC_4093,LOT_F,W15,9.6932,10.8298,12.4329,12.8256,2.1573,2.2423,14.4762,14.5572,50.0,1,1,normal,0
IC_4094,LOT_E,W15,9.8629,11.1572,12.4772,12.6449,2.1996,2.3218,12.5254,12.6552,50.0,1,1,normal,0
IC_4095,LOT_A,W02,11.7854,12.6036,13.2802,13.9434,2.6451,2.7174,12.0073,12.0903,50.0,1,1,normal,0
IC_4096,LOT_D,W24,8.9272,10.2272,11.4559,12.4419,2.2941,2.3729,11.5403,11.8347,50.0,1,1,normal,0
IC_4097,LOT_A,W12,11.0874,12.6441,14.2597,15.5049,2.9292,3.0253,11.5194,11.6746,50.0,1,1,normal,0
IC_4098,LOT_D,W06,9.3795,11.099,12.798,14.641,2.5637,2.684,10.7807,10.9955,50.0,1,1,normal,0
IC_4099,LOT_F,W20,9.9949,10.9537,12.4465,13.7486,2.0999,2.2122,13.7338,13.9026,50.0,1,1,normal,0
IC_4100,LOT_B,W14,71.772,74.1494,89.6834,110.4455,7.2858,7.4464,21.8657,22.2193,50.0,0,0,gross_failure,1
IC_4101,LOT_A,W23,6.8691,7.8179,8.6207,9.4097,2.0472,2.1017,10.4997,10.4801,50.0,1,1,normal,0
IC_4102,LOT_C,W22,11.4626,12.6932,14.355,14.4232,2.1936,2.2589,11.6659,11.5734,50.0,1,1,normal,0
IC_4103,LOT_E,W05,9.9876,11.2257,12.7363,13.0733,2.3643,2.4691,11.6064,11.8715,50.0,1,1,normal,0
IC_4104,LOT_A,W20,7.1243,8.6359,10.2957,12.0213,2.5247,2.6442,11.2463,11.471,50.0,1,1,normal,0
IC_4105,LOT_C,W01,9.3829,10.8133,12.537,13.3041,2.0474,2.151,11.5067,11.7251,50.0,1,1,normal,0
IC_4106,LOT_E,W07,9.482,10.6704,11.6999,12.7597,2.3368,2.4293,12.714,13.0241,50.0,1,1,normal,0
IC_4107,LOT_A,W13,6.7192,8.4811,9.9687,10.296,2.5256,2.6292,11.5714,11.7971,50.0,1,1,normal,0
IC_4108,LOT_B,W07,7.9376,8.6824,9.5698,10.2949,2.3616,2.428,11.24,11.3355,50.0,1,1,normal,0
IC_4109,LOT_F,W06,9.6704,10.5838,11.3272,11.7355,1.9349,2.0052,13.3536,13.4709,50.0,1,1,normal,0
IC_4110,LOT_D,W22,10.528,14.544,36.175,64.842,2.3816,2.605,11.2275,11.6853,50.0,1,1,early_drifter,1
IC_4111,LOT_D,W10,9.0191,10.2358,11.152,11.6373,2.1346,2.2052,11.7979,12.0132,50.0,1,1,normal,0
IC_4112,LOT_B,W08,6.4367,7.2992,8.322,8.8456,2.3916,2.4505,11.5187,11.7048,50.0,1,1,normal,0
IC_4113,LOT_C,W15,13.7766,15.0718,16.9397,18.0316,2.3615,2.4125,11.2942,11.5214,50.0,1,1,normal,0
IC_4114,LOT_D,W15,9.1282,10.7517,12.0108,12.066,2.47,2.5884,12.4701,12.6689,50.0,1,1,normal,0
IC_4115,LOT_D,W22,8.8368,9.959,11.1436,12.5554,2.4054,2.4747,11.0793,11.0896,50.0,1,1,normal,0
IC_4116,LOT_C,W10,10.8998,11.7529,13.1971,13.9904,1.8337,1.9348,12.5216,12.8132,50.0,1,1,normal,0
IC_4117,LOT_C,W14,11.2,12.7869,14.4524,15.0271,2.1378,2.2443,11.6111,11.7182,50.0,1,1,normal,0
IC_4118,LOT_C,W07,11.8091,12.7161,13.2754,14.2767,2.0945,2.1242,11.9425,11.9953,50.0,1,1,normal,0
IC_4119,LOT_E,W06,9.2846,10.8408,12.0305,13.1382,2.2289,2.3463,12.7549,12.7735,50.0,1,1,normal,0
IC_4120,LOT_B,W22,9.0602,10.2475,11.07,12.26,2.4982,2.5804,11.8291,12.224,50.0,1,1,normal,0
IC_4121,LOT_A,W09,13.0167,14.1837,15.4945,16.3249,2.4162,2.4743,12.3573,12.4034,50.0,1,1,normal,0
IC_4122,LOT_C,W15,12.7615,13.9453,15.5228,15.6445,2.1413,2.2127,11.3593,11.5759,50.0,1,1,normal,0
IC_4123,LOT_D,W13,10.5995,12.2757,14.0665,14.7844,2.5623,2.6922,13.52,13.7648,50.0,1,1,normal,0
IC_4124,LOT_D,W08,7.5409,8.915,10.4179,11.0189,2.295,2.3694,11.545,11.7145,50.0,1,1,normal,0
IC_4125,LOT_E,W02,11.5315,12.4285,13.5539,14.0337,2.3206,2.377,12.081,12.3325,50.0,1,1,normal,0
IC_4126,LOT_B,W05,8.7488,9.6222,10.7975,11.7483,2.5391,2.5994,9.6902,9.911,50.0,1,1,normal,0
IC_4127,LOT_D,W17,73.1274,76.9151,86.0567,104.7796,7.4414,7.699,20.3356,20.7646,50.0,0,0,gross_failure,1
IC_4128,LOT_C,W10,12.118,12.8447,14.2133,14.7077,2.0741,2.1035,11.8255,11.9603,50.0,1,1,normal,0
IC_4129,LOT_D,W20,9.7804,11.2772,11.8248,12.484,2.4326,2.5423,11.7194,11.9028,50.0,1,1,normal,0
IC_4130,LOT_F,W15,12.9669,14.0733,15.5901,15.6621,1.8882,1.9405,12.0887,12.2782,50.0,1,1,normal,0
IC_4131,LOT_E,W01,10.4076,11.4547,12.3268,13.3001,2.4263,2.4686,13.9951,14.0952,50.0,1,1,normal,0
IC_4132,LOT_F,W02,12.1285,13.1391,13.805,13.8814,2.3849,2.5078,14.7429,14.854,50.0,1,1,normal,0
IC_4133,LOT_B,W18,9.5136,10.6333,11.76,12.2926,2.6366,2.7239,10.6197,10.9504,50.0,1,1,normal,0
IC_4134,LOT_F,W04,10.784,16.7668,48.999,91.6644,1.9584,2.2797,14.9965,15.7588,50.0,1,1,early_drifter,1
IC_4135,LOT_E,W09,11.946,13.3284,14.9093,16.0732,2.1439,2.1896,13.9093,13.8559,50.0,1,1,normal,0
IC_4136,LOT_E,W08,10.108,11.4301,12.4923,13.3372,2.4298,2.5273,11.8442,12.0921,50.0,1,1,normal,0
IC_4137,LOT_C,W20,10.9446,12.1192,14.265,15.2085,2.199,2.2652,11.2902,11.4898,50.0,1,1,normal,0
IC_4138,LOT_C,W13,8.7782,9.6913,10.636,11.0964,1.9922,2.0575,10.5652,10.696,50.0,1,1,normal,0
IC_4139,LOT_A,W19,9.2821,10.5215,10.8946,12.4442,2.556,2.6255,11.9892,12.1971,50.0,1,1,normal,0
IC_4140,LOT_D,W06,10.8209,12.4572,13.4417,14.9051,2.454,2.5227,12.292,12.5945,50.0,1,1,normal,0
IC_4141,LOT_C,W17,10.9606,12.0744,13.7679,15.4048,2.5229,2.6066,11.469,11.6048,50.0,1,1,normal,0
IC_4142,LOT_C,W22,12.7696,13.9143,14.9262,15.257,2.2969,2.3345,12.6885,12.8188,50.0,1,1,normal,0
IC_4143,LOT_A,W22,7.3747,8.4878,9.705,10.6507,1.974,2.037,10.7433,10.8768,50.0,1,1,normal,0
IC_4144,LOT_A,W05,9.1503,11.0098,12.3442,13.7123,1.9001,1.9339,11.74,11.9151,50.0,1,1,normal,0
IC_4145,LOT_E,W17,9.9605,11.671,12.8659,14.1652,2.4791,2.6085,12.5128,12.6987,50.0,1,1,normal,0
IC_4146,LOT_A,W19,11.8526,12.8186,14.292,14.2624,2.5025,2.5883,11.8932,12.0837,50.0,1,1,normal,0
IC_4147,LOT_E,W02,13.3819,14.6564,15.6275,16.617,2.8431,2.9458,13.9621,14.1892,50.0,1,1,normal,0
IC_4148,LOT_E,W16,8.7388,9.7287,10.6465,10.7574,1.9282,1.9591,12.188,12.3071,50.0,1,1,normal,0
IC_4149,LOT_E,W11,9.1482,10.5648,12.4491,12.3619,1.8609,1.9197,12.2203,12.6227,50.0,1,1,normal,0
IC_4150,LOT_D,W20,9.4675,11.059,12.6911,13.6378,2.4926,2.5966,10.7077,10.8815,50.0,1,1,normal,0
IC_4151,LOT_E,W09,9.0338,10.1378,11.6704,11.7948,2.345,2.4067,11.7241,11.9338,50.0,1,1,normal,0
IC_4152,LOT_F,W11,9.4825,10.3854,11.8798,12.542,2.3568,2.3921,12.8924,12.9456,50.0,1,1,normal,0
IC_4153,LOT_E,W23,10.947,12.1247,13.584,14.8529,1.9528,2.0412,11.8715,12.0446,50.0,1,1,normal,0
IC_4154,LOT_E,W09,13.9091,15.4195,17.3563,18.3709,2.1283,2.1939,12.0574,12.2856,50.0,1,1,normal,0
IC_4155,LOT_F,W19,10.9299,12.4986,13.6831,13.9056,2.2969,2.4011,13.0356,13.3765,50.0,1,1,normal,0
IC_4156,LOT_C,W21,9.786,10.774,11.7216,13.1543,2.2458,2.3,9.6723,9.631,50.0,1,1,normal,0
IC_4157,LOT_D,W08,12.2472,13.7503,15.2402,17.578,2.703,2.7949,12.1908,12.4513,50.0,1,1,normal,0
IC_4158,LOT_C,W02,12.4348,13.2555,14.275,14.2989,2.4885,2.5145,11.289,11.3977,50.0,1,1,normal,0
IC_4159,LOT_A,W14,8.8358,10.1296,11.7409,12.0582,2.5937,2.6799,11.8051,11.8799,50.0,1,1,normal,0
IC_4160,LOT_C,W24,11.2866,12.6121,13.866,15.0121,2.1892,2.2561,12.097,12.2774,50.0,1,1,normal,0
IC_4161,LOT_D,W23,10.4589,11.3078,12.2762,13.023,2.4474,2.5074,11.5061,11.5861,50.0,1,1,normal,0
IC_4162,LOT_E,W15,9.6889,11.2328,12.7859,13.6463,2.0407,2.1366,12.9437,13.035,50.0,1,1,normal,0
IC_4163,LOT_B,W11,6.7398,8.5435,10.154,10.6174,2.2162,2.3351,10.4586,10.6794,50.0,1,1,normal,0
IC_4164,LOT_C,W10,12.1449,13.9289,15.2335,15.9777,2.2788,2.3892,12.9221,13.1937,50.0,1,1,normal,0
IC_4165,LOT_A,W11,11.5828,12.7689,13.3875,13.915,2.731,2.8008,12.0073,12.1418,50.0,1,1,normal,0
IC_4166,LOT_F,W10,11.6115,13.2637,14.4561,15.8948,2.5269,2.6115,12.5028,12.8034,50.0,1,1,normal,0
IC_4167,LOT_C,W23,12.9747,14.2521,15.1235,16.8525,2.2902,2.3691,12.4891,12.5736,50.0,1,1,normal,0
IC_4168,LOT_E,W04,8.6388,10.013,11.2248,12.6615,2.1693,2.3095,13.011,13.171,50.0,1,1,normal,0
IC_4169,LOT_D,W13,12.065,13.5222,14.8406,15.581,2.4829,2.5263,11.34,11.6381,50.0,1,1,normal,0
IC_4170,LOT_C,W18,11.2091,12.4915,14.0103,14.9976,2.33,2.3993,11.7967,11.9077,50.0,1,1,normal,0
IC_4171,LOT_F,W04,9.7462,10.789,11.5326,12.4793,2.0553,2.1444,13.9346,13.8765,50.0,1,1,normal,0
IC_4172,LOT_C,W21,7.8678,9.2611,10.6683,11.3339,2.0169,2.0999,12.3678,12.5399,50.0,1,1,normal,0
IC_4173,LOT_A,W24,7.2024,8.6605,9.639,10.5005,2.5171,2.6227,10.5929,10.7482,50.0,1,1,normal,0
IC_4174,LOT_E,W22,11.0994,12.9259,14.3491,15.0251,2.3907,2.4244,13.0908,13.2565,50.0,1,1,normal,0
IC_4175,LOT_E,W08,9.3822,10.1568,11.2313,11.4638,1.7801,1.8016,10.6274,10.5696,50.0,1,1,normal,0
IC_4176,LOT_A,W16,43.0403,44.0992,45.6569,46.8499,5.0865,5.1514,17.33,17.3629,50.0,1,1,latent_distribution_outlier,1
IC_4177,LOT_B,W02,8.3611,9.9248,11.0455,12.0429,2.2071,2.3133,10.4349,10.6324,50.0,1,1,normal,0
IC_4178,LOT_D,W04,11.798,17.1952,48.0279,87.8646,2.6663,2.981,12.693,13.2831,50.0,1,1,early_drifter,1
IC_4179,LOT_D,W24,12.3173,13.4844,14.8527,14.8023,2.879,2.9288,11.4738,11.6568,50.0,1,1,normal,0
IC_4180,LOT_A,W10,9.7112,10.983,12.4926,13.1177,2.3908,2.4505,10.6721,10.7319,50.0,1,1,normal,0
IC_4181,LOT_D,W17,11.2448,12.5922,14.4501,14.4876,2.5088,2.554,11.2536,11.3996,50.0,1,1,normal,0
IC_4182,LOT_C,W01,10.1855,11.0237,11.9689,12.8836,2.2748,2.2809,12.0479,11.9919,50.0,1,1,normal,0
IC_4183,LOT_A,W07,11.718,18.5519,52.8547,101.1259,2.9147,3.3334,12.4632,13.0468,50.0,1,1,early_drifter,1
IC_4184,LOT_A,W04,12.0502,13.465,14.598,15.5147,2.649,2.7672,11.9727,12.1706,50.0,1,1,normal,0
IC_4185,LOT_C,W05,9.4118,11.0824,12.929,14.1593,2.1575,2.2772,9.9265,10.0623,50.0,1,1,normal,0
IC_4186,LOT_D,W06,9.7329,11.1781,11.9727,13.3899,2.6954,2.7852,12.1352,12.1951,50.0,1,1,normal,0
IC_4187,LOT_D,W21,9.1166,10.4899,11.5341,11.8922,2.5241,2.6207,11.5867,11.7749,50.0,1,1,normal,0
IC_4188,LOT_E,W17,12.0935,13.3161,13.927,15.2811,2.1991,2.3078,13.3419,13.625,50.0,1,1,normal,0
IC_4189,LOT_E,W10,10.9358,12.6301,13.8023,14.2118,2.2992,2.3571,14.0726,14.3521,50.0,1,1,normal,0
IC_4190,LOT_B,W19,9.3976,10.8795,12.0328,12.4638,2.9594,3.0801,9.8856,10.0141,50.0,1,1,normal,0
IC_4191,LOT_A,W22,10.4141,12.2018,14.127,14.4103,2.5465,2.6262,12.0075,12.0877,50.0,1,1,normal,0
IC_4192,LOT_A,W02,9.4504,10.9799,12.3398,13.672,2.6481,2.7296,10.9584,11.1789,50.0,1,1,normal,0
IC_4193,LOT_A,W12,12.901,13.6871,15.0682,15.5578,2.658,2.7273,11.3112,11.421,50.0,1,1,normal,0
IC_4194,LOT_E,W04,12.5124,13.5325,14.5802,14.9847,2.3253,2.3703,12.7931,12.8221,50.0,1,1,normal,0
IC_4195,LOT_C,W09,10.5336,12.0181,13.1229,14.4589,1.8508,1.9252,10.9454,11.0338,50.0,1,1,normal,0
IC_4196,LOT_D,W08,10.3929,11.5699,12.9127,13.9237,2.8027,2.8525,12.4787,12.6293,50.0,1,1,normal,0
IC_4197,LOT_A,W17,10.8979,12.024,12.9146,14.6193,2.621,2.6951,12.5564,12.8698,50.0,1,1,normal,0
IC_4198,LOT_F,W17,10.0723,11.5511,12.8659,14.0921,2.7383,2.8294,13.2529,13.1923,50.0,1,1,normal,0
IC_4199,LOT_A,W12,11.6417,12.6653,13.7019,14.2484,2.9179,2.9635,11.9435,12.188,50.0,1,1,normal,0
IC_4200,LOT_D,W13,9.6365,11.3116,12.5807,13.4195,2.5163,2.6291,10.869,11.0759,50.0,1,1,normal,0
IC_4201,LOT_B,W11,7.0428,8.4677,10.0248,10.6828,2.5386,2.6251,11.7377,11.7948,50.0,1,1,normal,0
IC_4202,LOT_F,W12,9.2561,10.7936,11.7352,12.3102,2.3624,2.5109,13.0601,13.1311,50.0,1,1,normal,0
IC_4203,LOT_B,W24,6.8421,7.7499,9.0457,10.354,2.1887,2.2275,9.0129,9.0598,50.0,1,1,normal,0
IC_4204,LOT_F,W02,8.8205,10.4878,12.1221,13.2294,2.2922,2.3751,12.7822,13.1173,50.0,1,1,normal,0
IC_4205,LOT_F,W04,52.3649,58.3969,73.4374,99.5718,5.3588,5.714,19.6127,20.2675,50.0,0,0,gross_failure,1
IC_4206,LOT_E,W09,9.6937,10.5869,10.8859,11.8998,2.3296,2.3761,12.8302,12.9978,50.0,1,1,normal,0
IC_4207,LOT_E,W18,9.0806,10.712,11.7611,13.061,1.8768,2.0041,12.118,12.1694,50.0,1,1,normal,0
IC_4208,LOT_E,W07,11.1856,11.987,12.5371,13.2466,2.1328,2.1489,14.0392,14.2114,50.0,1,1,normal,0
IC_4209,LOT_F,W13,12.4533,14.0042,14.7777,15.7099,2.0598,2.1412,14.6799,14.6779,50.0,1,1,normal,0
IC_4210,LOT_F,W22,10.0129,11.5599,13.3137,13.9958,2.0643,2.1593,13.8594,14.1605,50.0,1,1,normal,0
IC_4211,LOT_E,W02,9.6015,10.6488,11.4469,12.5994,2.1161,2.1917,12.6366,12.8495,50.0,1,1,normal,0
IC_4212,LOT_C,W01,11.0759,12.3343,13.6673,14.3427,2.2436,2.3219,11.2629,11.3424,50.0,1,1,normal,0
IC_4213,LOT_B,W09,7.3497,8.5258,8.9683,9.8113,1.8761,1.9407,10.2188,10.4286,50.0,1,1,normal,0
IC_4214,LOT_F,W04,13.3317,14.8417,16.1597,17.1103,2.4147,2.4891,13.3833,13.4587,50.0,1,1,normal,0
IC_4215,LOT_D,W20,9.9593,15.4321,46.4623,83.6829,2.5261,2.8674,11.5798,12.1148,50.0,1,1,early_drifter,1
IC_4216,LOT_C,W04,11.3471,12.3144,13.1315,13.3129,2.2885,2.3612,11.0495,11.0828,50.0,1,1,normal,0
IC_4217,LOT_E,W20,11.7545,13.0405,14.4975,15.0844,2.513,2.6484,12.9654,13.0819,50.0,1,1,normal,0
IC_4218,LOT_B,W09,80.9924,83.3654,102.5308,114.5905,8.0847,8.1729,21.6063,21.8827,50.0,0,0,gross_failure,1
IC_4219,LOT_A,W20,9.2606,10.2952,11.6328,12.3631,2.1233,2.1225,12.0864,12.1491,50.0,1,1,normal,0
IC_4220,LOT_A,W15,7.7515,9.1905,11.3851,11.5211,2.1438,2.2167,10.702,10.8564,50.0,1,1,normal,0
IC_4221,LOT_C,W22,11.9165,13.3222,14.9749,16.0043,2.6425,2.7217,12.364,12.5254,50.0,1,1,normal,0
IC_4222,LOT_A,W13,11.0239,12.6618,14.4696,15.8083,2.9366,3.0156,10.7752,11.0145,50.0,1,1,normal,0
IC_4223,LOT_F,W19,10.6966,11.3062,12.1969,12.5786,2.1683,2.1881,12.2477,12.3766,50.0,1,1,normal,0
IC_4224,LOT_E,W23,10.1424,10.7666,11.503,12.0984,2.3026,2.3823,12.5308,12.5716,50.0,1,1,normal,0
IC_4225,LOT_E,W05,35.8347,37.5901,39.1362,40.4661,4.1328,4.2307,16.3818,16.4944,50.0,1,1,latent_distribution_outlier,1
IC_4226,LOT_E,W19,9.5189,10.4532,12.2807,13.1268,2.2085,2.3016,12.5523,12.6259,50.0,1,1,normal,0
IC_4227,LOT_F,W04,11.3702,12.5957,13.5225,14.0225,2.0216,2.1104,14.002,14.1741,50.0,1,1,normal,0
IC_4228,LOT_F,W18,10.8159,12.0532,13.2441,14.0225,2.4079,2.4627,13.1693,13.295,50.0,1,1,normal,0
IC_4229,LOT_C,W05,12.4585,13.7046,14.6048,15.6094,2.0366,2.1092,12.5014,12.7534,50.0,1,1,normal,0
IC_4230,LOT_F,W20,11.9987,12.9471,13.906,14.7621,2.3033,2.4,12.5331,12.5168,50.0,1,1,normal,0
IC_4231,LOT_A,W02,7.8858,9.1504,10.8558,11.2792,2.2928,2.3455,11.0383,11.2259,50.0,1,1,normal,0
IC_4232,LOT_C,W06,11.2817,12.4541,13.609,13.6008,2.0891,2.2422,11.3795,11.5575,50.0,1,1,normal,0
IC_4233,LOT_D,W10,9.8003,11.0084,12.1031,12.8939,2.202,2.2704,11.1418,11.1398,50.0,1,1,normal,0
IC_4234,LOT_F,W04,10.0319,10.9731,11.8106,12.024,2.3868,2.4252,14.1891,14.2845,50.0,1,1,normal,0
IC_4235,LOT_B,W15,6.2012,7.5458,9.1965,9.7785,2.1303,2.2352,9.1043,9.3846,50.0,1,1,normal,0
IC_4236,LOT_F,W03,9.611,10.6318,11.3668,12.1389,2.072,2.1048,12.5994,12.6256,50.0,1,1,normal,0
IC_4237,LOT_D,W18,10.5108,11.5483,12.9531,14.3369,2.666,2.6523,11.9207,12.0515,50.0,1,1,normal,0
IC_4238,LOT_C,W04,45.4723,47.6328,49.6175,52.2427,4.9343,5.0869,17.7038,17.9164,50.0,1,1,latent_distribution_outlier,1
IC_4239,LOT_C,W10,10.2884,11.4409,12.5943,13.2907,2.1291,2.1489,12.4688,12.5431,50.0,1,1,normal,0
IC_4240,LOT_F,W03,9.4303,10.6057,11.6422,13.2399,1.9347,2.0093,12.7638,12.6745,50.0,1,1,normal,0
IC_4241,LOT_C,W14,10.6955,11.7938,13.4025,13.7401,1.9867,1.9954,12.2555,12.5157,50.0,1,1,normal,0
IC_4242,LOT_C,W24,9.0642,10.5531,11.964,13.1461,1.9707,2.0465,11.7432,11.9107,50.0,1,1,normal,0
IC_4243,LOT_F,W17,8.7846,9.5668,9.9424,11.0542,1.9133,1.9488,13.0367,13.0335,50.0,1,1,normal,0
IC_4244,LOT_F,W22,9.3467,10.6405,12.5524,13.7555,2.1775,2.2688,12.7245,12.941,50.0,1,1,normal,0
IC_4245,LOT_B,W02,9.9922,11.7831,13.0375,13.4607,2.8041,2.9605,10.1204,10.3344,50.0,1,1,normal,0
IC_4246,LOT_A,W12,8.6386,9.9876,11.5948,12.9085,2.5189,2.596,10.3525,10.6976,50.0,1,1,normal,0
IC_4247,LOT_E,W18,10.0415,11.4433,13.3752,14.1182,2.5383,2.5931,12.522,12.6095,50.0,1,1,normal,0
IC_4248,LOT_C,W16,11.2993,13.0679,14.8579,15.2134,2.36,2.4677,11.2535,11.4078,50.0,1,1,normal,0
IC_4249,LOT_F,W05,9.9242,11.4853,13.0279,14.5334,2.2865,2.3665,13.3243,13.4172,50.0,1,1,normal,0
IC_4250,LOT_F,W01,12.3502,14.153,15.4915,17.0971,2.0499,2.1631,12.9262,13.1644,50.0,1,1,normal,0
IC_4251,LOT_C,W07,10.2857,11.6375,12.9281,13.2254,1.9699,2.0403,11.82,11.9786,50.0,1,1,normal,0
IC_4252,LOT_F,W10,8.9674,10.7961,12.2762,13.0563,2.2491,2.3649,12.4922,12.5731,50.0,1,1,normal,0
IC_4253,LOT_D,W16,10.9735,12.6464,14.111,14.7214,2.6654,2.8219,12.5438,12.8684,50.0,1,1,normal,0
IC_4254,LOT_F,W05,12.0108,12.4469,13.9382,14.3203,2.2013,2.1774,14.098,14.1492,50.0,1,1,normal,0
IC_4255,LOT_B,W12,10.5581,11.9885,13.5069,14.2351,2.1725,2.2311,13.5865,13.8721,50.0,1,1,normal,0
IC_4256,LOT_E,W20,10.223,11.0335,12.015,12.4794,2.1623,2.2408,13.371,13.3441,50.0,1,1,normal,0
IC_4257,LOT_D,W07,9.5824,10.6473,11.6152,12.0024,2.3185,2.3617,11.0816,11.2772,50.0,1,1,normal,0
IC_4258,LOT_F,W12,83.4892,91.1996,100.3626,111.2369,7.4621,7.9706,24.1043,25.0603,50.0,0,0,gross_failure,1
IC_4259,LOT_A,W13,13.3023,14.3679,15.892,16.8881,3.1698,3.2276,12.1025,12.2879,50.0,1,1,normal,0
IC_4260,LOT_C,W23,37.5364,39.6739,42.2758,43.207,4.3668,4.5207,16.1259,16.5624,50.0,1,1,latent_distribution_outlier,1
IC_4261,LOT_F,W12,11.3386,12.7648,13.7481,14.5767,2.2014,2.3242,13.1976,13.5386,50.0,1,1,normal,0
IC_4262,LOT_F,W18,9.7741,11.2618,12.7401,13.3575,1.7653,1.893,14.0374,14.118,50.0,1,1,normal,0
IC_4263,LOT_D,W09,10.4942,10.9921,11.8387,13.1371,2.2152,2.2254,12.2798,12.5112,50.0,1,1,normal,0
IC_4264,LOT_B,W07,6.7184,8.2193,10.0072,10.861,2.2597,2.3395,10.6844,10.7353,50.0,1,1,normal,0
IC_4265,LOT_F,W16,10.6113,11.9716,13.8956,15.1794,2.1075,2.1722,13.4223,13.6506,50.0,1,1,normal,0
IC_4266,LOT_E,W20,8.8902,9.8275,10.9632,11.7356,1.7916,1.8924,12.6564,12.8024,50.0,1,1,normal,0
IC_4267,LOT_C,W22,13.6679,15.1172,16.1111,17.9078,2.4292,2.526,11.3055,11.4871,50.0,1,1,normal,0
IC_4268,LOT_F,W17,8.6625,10.1703,11.5299,13.1309,2.1621,2.2418,13.8524,14.0506,50.0,1,1,normal,0
IC_4269,LOT_E,W08,36.9526,38.6433,40.9522,41.8267,4.225,4.3608,16.4171,16.5236,50.0,1,1,latent_distribution_outlier,1
IC_4270,LOT_B,W05,7.9364,9.2675,10.9243,11.6032,2.0148,2.1231,10.6471,10.8378,50.0,1,1,normal,0
IC_4271,LOT_B,W08,9.1868,10.7551,12.4744,13.6597,2.4935,2.6113,9.8805,9.9422,50.0,1,1,normal,0
IC_4272,LOT_F,W21,10.2872,10.9744,12.2584,12.4264,2.022,2.1055,13.9581,14.1707,50.0,1,1,normal,0
IC_4273,LOT_E,W06,9.2239,10.1419,10.6697,11.069,2.2071,2.2328,13.0793,13.3604,50.0,1,1,normal,0
IC_4274,LOT_A,W13,7.1318,8.2649,9.846,10.0259,2.2746,2.366,9.5337,9.5588,50.0,1,1,normal,0
IC_4275,LOT_E,W23,10.4055,11.8294,13.3803,15.4044,2.4348,2.5851,12.7856,12.901,50.0,1,1,normal,0
IC_4276,LOT_A,W03,9.6022,11.1759,12.7625,13.5691,3.0572,3.1222,11.9249,12.2115,50.0,1,1,normal,0
IC_4277,LOT_D,W17,11.48,12.4587,12.7316,13.7469,2.6632,2.7508,12.6098,12.7596,50.0,1,1,normal,0
IC_4278,LOT_A,W11,8.2185,9.836,11.5464,11.755,2.3138,2.447,10.8213,11.0949,50.0,1,1,normal,0
IC_4279,LOT_E,W03,10.9047,12.1972,13.2541,13.7173,2.3849,2.4911,12.8296,13.1267,50.0,1,1,normal,0
IC_4280,LOT_A,W14,12.2974,13.4961,13.462,13.7993,2.9222,3.0012,10.3777,10.4384,50.0,1,1,normal,0
IC_4281,LOT_E,W16,9.3561,10.8472,12.5053,13.7396,2.5127,2.5842,12.7764,13.0115,50.0,1,1,normal,0
IC_4282,LOT_E,W22,11.9474,12.4866,13.4946,13.9994,2.4014,2.4582,13.0029,13.0685,50.0,1,1,normal,0
IC_4283,LOT_A,W14,6.7581,8.2698,9.253,10.6159,2.2489,2.3338,10.7258,10.8638,50.0,1,1,normal,0
IC_4284,LOT_D,W05,8.4364,10.2674,11.5612,12.2759,2.167,2.3094,11.597,11.8705,50.0,1,1,normal,0
IC_4285,LOT_A,W06,8.3029,9.21,10.3903,11.2414,2.7247,2.8104,11.1182,11.3081,50.0,1,1,normal,0
IC_4286,LOT_E,W20,9.0207,10.1788,11.7034,12.6935,2.3544,2.4545,12.9155,12.9679,50.0,1,1,normal,0
IC_4287,LOT_A,W12,9.2378,10.0639,10.8132,11.5435,2.6904,2.7125,11.4926,11.7405,50.0,1,1,normal,0
IC_4288,LOT_F,W17,8.742,10.2363,11.8144,12.7054,2.0294,2.1179,13.7169,13.8703,50.0,1,1,normal,0
IC_4289,LOT_C,W04,10.7759,12.2458,13.9216,14.721,2.1055,2.2391,11.8,11.9234,50.0,1,1,normal,0
IC_4290,LOT_A,W17,8.9234,10.3009,12.5252,13.4069,2.4146,2.4691,10.6345,10.7968,50.0,1,1,normal,0
IC_4291,LOT_F,W10,12.3658,13.6771,15.6149,16.325,2.3523,2.437,13.703,13.9065,50.0,1,1,normal,0
IC_4292,LOT_C,W17,10.4633,12.0592,13.6751,15.5029,2.1056,2.2118,11.1871,11.1984,50.0,1,1,normal,0
IC_4293,LOT_A,W05,15.8396,17.2566,19.134,19.9204,3.1807,3.2505,12.6184,12.8006,50.0,1,1,normal,0
IC_4294,LOT_D,W12,9.8211,10.9857,12.1612,13.562,2.5419,2.6196,12.3002,12.5388,50.0,1,1,normal,0
IC_4295,LOT_A,W06,10.507,12.3019,13.7989,15.0469,2.2875,2.4322,12.2433,12.5555,50.0,1,1,normal,0
IC_4296,LOT_A,W20,10.8246,12.259,13.0133,13.9732,3.0402,3.1323,11.9405,12.1184,50.0,1,1,normal,0
IC_4297,LOT_F,W12,9.3706,10.2302,11.0953,12.0703,1.7334,1.7578,14.3217,14.3196,50.0,1,1,normal,0
IC_4298,LOT_B,W04,11.2189,12.2572,13.6523,13.9883,2.5822,2.701,10.8447,11.1303,50.0,1,1,normal,0
IC_4299,LOT_A,W20,6.9424,8.0166,9.2912,9.6496,2.3248,2.4204,9.7608,9.828,50.0,1,1,normal,0
IC_4300,LOT_E,W15,9.22,10.3125,11.8049,12.2688,1.8338,1.8916,12.088,12.2502,50.0,1,1,normal,0
IC_4301,LOT_E,W11,11.5956,13.4267,14.9321,15.267,2.3618,2.4482,13.8795,14.0196,50.0,1,1,normal,0
IC_4302,LOT_C,W13,10.4802,11.6652,13.4509,13.6096,1.9685,2.0074,12.0046,11.9508,50.0,1,1,normal,0
IC_4303,LOT_D,W15,10.3426,11.6219,12.8117,13.1648,2.7852,2.8371,12.4162,12.6285,50.0,1,1,normal,0
IC_4304,LOT_E,W21,11.1758,12.6967,14.1754,14.6762,2.1432,2.2565,12.1377,12.3088,50.0,1,1,normal,0
IC_4305,LOT_A,W15,45.5283,47.189,48.1122,48.002,5.1937,5.2793,17.1205,17.378,50.0,1,1,latent_distribution_outlier,1
IC_4306,LOT_E,W19,10.9976,15.2064,37.633,69.3621,2.0908,2.3904,12.0509,12.6216,50.0,1,1,early_drifter,1
IC_4307,LOT_B,W12,11.2199,12.0686,13.152,14.2833,2.3549,2.3623,12.0117,12.1553,50.0,1,1,normal,0
IC_4308,LOT_D,W15,9.6532,10.4022,11.5227,12.6243,2.6696,2.7139,11.7665,11.8406,50.0,1,1,normal,0
IC_4309,LOT_F,W08,10.401,11.2915,12.043,12.7076,1.888,1.9373,13.03,13.0814,50.0,1,1,normal,0
IC_4310,LOT_A,W08,8.6261,9.9405,11.66,11.9483,2.3654,2.4319,11.4133,11.726,50.0,1,1,normal,0
IC_4311,LOT_C,W19,12.6485,13.5078,14.1401,14.6697,2.3126,2.3978,12.0049,12.175,50.0,1,1,normal,0
IC_4312,LOT_C,W01,9.4932,10.7549,11.3626,12.1088,1.8171,1.9085,11.0143,11.1485,50.0,1,1,normal,0
IC_4313,LOT_E,W11,44.029,45.342,47.2114,47.3178,5.205,5.3254,17.2605,17.4739,50.0,1,1,latent_distribution_outlier,1
IC_4314,LOT_E,W09,11.1322,17.9414,53.6933,100.5939,2.6383,3.0343,11.8184,12.6508,50.0,1,1,early_drifter,1
IC_4315,LOT_D,W02,9.9277,11.7145,13.4377,13.5649,2.4994,2.634,10.5441,10.8253,50.0,1,1,normal,0
IC_4316,LOT_F,W12,8.5858,10.1336,11.5092,12.7191,1.9724,2.0809,13.9272,14.0831,50.0,1,1,normal,0
IC_4317,LOT_D,W16,8.4106,9.6667,11.3373,12.1527,2.3033,2.4478,11.5517,11.8034,50.0,1,1,normal,0
IC_4318,LOT_D,W10,10.1687,11.8309,12.662,13.8776,2.0508,2.1625,12.0712,12.1489,50.0,1,1,normal,0
IC_4319,LOT_A,W02,10.0763,11.5782,13.1586,14.5767,2.5236,2.6167,10.451,10.6047,50.0,1,1,normal,0
IC_4320,LOT_A,W11,7.7586,13.83,48.1523,93.115,2.5327,2.8721,11.0814,11.8048,50.0,1,1,early_drifter,1
IC_4321,LOT_F,W16,8.3925,9.2997,10.9782,11.0504,2.0964,2.1843,13.695,13.7737,50.0,1,1,normal,0
IC_4322,LOT_F,W11,10.6735,11.7516,12.5025,12.8118,1.6002,1.6991,13.3448,13.5856,50.0,1,1,normal,0
IC_4323,LOT_E,W19,11.0844,12.0587,13.3556,14.1268,2.1535,2.2114,12.1796,12.3418,50.0,1,1,normal,0
IC_4324,LOT_D,W19,10.7128,12.0986,14.3834,14.9154,2.4692,2.5729,12.5293,12.5726,50.0,1,1,normal,0
IC_4325,LOT_F,W20,11.1271,12.5066,13.4493,14.6362,2.2863,2.3449,13.5736,13.7112,50.0,1,1,normal,0
IC_4326,LOT_E,W08,12.2147,13.5316,14.6602,15.0726,2.0766,2.1557,13.0895,13.2525,50.0,1,1,normal,0
IC_4327,LOT_B,W22,7.3455,8.484,10.0577,10.4628,2.6806,2.7314,10.1834,10.5666,50.0,1,1,normal,0
IC_4328,LOT_F,W07,10.2409,11.7075,13.4953,14.0137,1.7893,1.9066,12.5958,12.9347,50.0,1,1,normal,0
IC_4329,LOT_D,W09,11.7258,13.293,14.5825,15.5313,2.7007,2.7701,13.5254,13.7061,50.0,1,1,normal,0
IC_4330,LOT_B,W24,11.6176,13.0454,14.2046,15.3909,2.7546,2.7881,11.3011,11.3542,50.0,1,1,normal,0
IC_4331,LOT_F,W16,11.0951,14.277,32.2804,54.9515,2.5003,2.6467,14.03,14.4635,50.0,1,1,early_drifter,1
IC_4332,LOT_F,W23,11.0173,13.0815,14.1739,15.6564,2.0198,2.1233,14.322,14.6562,50.0,1,1,normal,0
IC_4333,LOT_D,W01,39.6476,41.5581,43.1665,44.2437,4.678,4.7667,16.7885,17.1031,50.0,1,1,latent_distribution_outlier,1
IC_4334,LOT_C,W22,10.7029,11.4854,12.2726,12.5479,2.1169,2.2327,12.5957,12.8238,50.0,1,1,normal,0
IC_4335,LOT_B,W02,11.3848,12.7473,13.6834,14.688,2.5764,2.6363,12.2125,12.5248,50.0,1,1,normal,0
IC_4336,LOT_B,W12,8.9889,10.2179,11.1614,11.555,3.1071,3.1665,11.3037,11.2938,50.0,1,1,normal,0
IC_4337,LOT_C,W11,9.3764,11.1377,12.6272,14.1886,2.0224,2.1314,11.6686,11.9784,50.0,1,1,normal,0
IC_4338,LOT_F,W04,11.2192,11.9796,12.8969,13.2999,2.2347,2.2338,12.6222,12.7045,50.0,1,1,normal,0
IC_4339,LOT_F,W15,10.3001,12.1711,13.5682,14.4794,1.8841,1.9505,12.3358,12.6926,50.0,1,1,normal,0
IC_4340,LOT_C,W04,12.252,13.0726,14.1976,14.7573,2.4409,2.4885,11.7755,11.823,50.0,1,1,normal,0
IC_4341,LOT_E,W11,13.3147,15.0234,16.5615,17.7084,2.7922,2.8247,12.9641,13.2646,50.0,1,1,normal,0
IC_4342,LOT_A,W19,9.047,10.723,12.063,13.5555,2.4542,2.5773,10.7615,11.1599,50.0,1,1,normal,0
IC_4343,LOT_E,W06,10.3976,14.845,38.5499,69.9496,1.947,2.2445,13.5693,14.0994,50.0,1,1,early_drifter,1
IC_4344,LOT_B,W23,9.451,10.5214,11.908,12.5551,2.2743,2.344,11.0676,11.1592,50.0,1,1,normal,0
IC_4345,LOT_A,W19,8.2067,9.6101,10.9759,11.406,2.6301,2.6681,11.263,11.4174,50.0,1,1,normal,0
IC_4346,LOT_E,W17,8.4156,10.0623,11.5293,12.5893,2.3182,2.3963,12.3832,12.3951,50.0,1,1,normal,0
IC_4347,LOT_D,W11,40.4412,41.7196,43.8056,43.1966,4.9738,5.0861,16.0553,16.1775,50.0,1,1,latent_distribution_outlier,1
IC_4348,LOT_F,W11,12.1071,13.6001,14.9748,15.5063,2.3241,2.4012,13.0288,13.0909,50.0,1,1,normal,0
IC_4349,LOT_B,W05,11.3863,12.2603,12.8173,13.5854,2.474,2.5571,11.3938,11.5673,50.0,1,1,normal,0
IC_4350,LOT_A,W07,13.2769,14.8436,15.9587,16.9079,3.3081,3.4306,11.2677,11.5246,50.0,1,1,normal,0
IC_4351,LOT_E,W11,9.0277,10.5241,11.8964,12.4066,2.056,2.0949,12.1092,12.3518,50.0,1,1,normal,0
IC_4352,LOT_D,W12,10.4999,11.0752,12.0808,13.1832,2.705,2.7187,12.2419,12.3388,50.0,1,1,normal,0
IC_4353,LOT_C,W01,11.6165,12.3942,13.8434,14.3206,2.4575,2.5229,11.0603,11.1984,50.0,1,1,normal,0
IC_4354,LOT_F,W05,11.188,12.2068,12.9,13.5533,2.2235,2.2273,13.5889,13.8463,50.0,1,1,normal,0
IC_4355,LOT_B,W07,8.5489,9.5933,10.6017,11.2374,2.2257,2.324,11.5607,11.4203,50.0,1,1,normal,0
IC_4356,LOT_F,W06,10.9393,12.2613,13.3922,13.9131,2.5872,2.6773,13.2456,13.3979,50.0,1,1,normal,0
IC_4357,LOT_B,W09,9.0796,10.7045,12.5701,13.2117,2.2524,2.3827,11.5701,11.8414,50.0,1,1,normal,0
IC_4358,LOT_D,W09,10.8493,12.685,14.3606,15.4076,2.4376,2.5958,11.9135,12.0644,50.0,1,1,normal,0
IC_4359,LOT_D,W23,10.6136,11.6928,13.0355,13.4264,2.5113,2.5672,11.7809,11.9481,50.0,1,1,normal,0
IC_4360,LOT_F,W17,11.1743,12.3296,14.3061,14.7786,1.9683,2.0405,12.2117,12.5307,50.0,1,1,normal,0
IC_4361,LOT_E,W15,14.471,15.6998,17.4311,17.6855,2.8414,2.8857,13.5437,13.712,50.0,1,1,normal,0
IC_4362,LOT_E,W08,14.0457,15.6645,17.6343,18.5198,2.5527,2.5752,13.5369,13.8957,50.0,1,1,normal,0
IC_4363,LOT_E,W01,9.6176,10.3743,11.4603,11.0579,1.9034,1.9191,12.0195,12.1513,50.0,1,1,normal,0
IC_4364,LOT_F,W01,42.2484,43.6217,46.0411,45.2273,4.562,4.658,18.3416,18.5897,50.0,1,1,latent_distribution_outlier,1
IC_4365,LOT_D,W07,10.9803,12.3118,13.3626,14.4174,2.5588,2.6317,11.4042,11.722,50.0,1,1,normal,0
IC_4366,LOT_C,W22,44.1533,46.5945,49.1829,49.0827,5.3891,5.5398,16.3617,16.7163,50.0,1,1,latent_distribution_outlier,1
IC_4367,LOT_F,W11,69.1341,72.2304,81.4328,98.1064,6.6946,6.9273,21.3,21.6056,50.0,0,0,gross_failure,1
IC_4368,LOT_F,W15,75.0461,79.6011,89.8324,100.4429,7.4294,7.737,23.5208,24.0645,50.0,0,0,gross_failure,1
IC_4369,LOT_A,W14,10.0087,10.9612,11.2785,12.3535,2.6874,2.7233,10.9988,10.9725,50.0,1,1,normal,0
IC_4370,LOT_A,W22,8.9258,15.1093,50.2837,97.6699,3.0886,3.4125,10.9271,11.5877,50.0,1,1,early_drifter,1
IC_4371,LOT_F,W08,11.7061,12.6877,13.3486,14.3724,2.5378,2.6281,13.5065,13.6299,50.0,1,1,normal,0
IC_4372,LOT_F,W21,8.6656,9.8988,11.3149,12.5297,1.7595,1.8569,11.5283,11.623,50.0,1,1,normal,0
IC_4373,LOT_D,W15,9.5987,11.5119,13.0317,13.8807,2.6463,2.752,11.3723,11.5177,50.0,1,1,normal,0
IC_4374,LOT_A,W13,9.5188,10.553,11.3004,11.4752,2.5566,2.6061,11.4883,11.5099,50.0,1,1,normal,0
IC_4375,LOT_A,W06,45.421,46.9793,47.4019,49.2608,5.663,5.7887,16.88,17.1375,50.0,1,1,latent_distribution_outlier,1
IC_4376,LOT_B,W02,7.7974,9.281,10.9824,12.0418,2.2397,2.3622,10.1325,10.2723,50.0,1,1,normal,0
IC_4377,LOT_B,W02,9.1964,9.94,10.9308,11.2879,2.4444,2.554,12.7942,12.8656,50.0,1,1,normal,0
IC_4378,LOT_B,W09,10.0963,11.8826,12.8289,14.2408,2.3581,2.477,10.4542,10.6231,50.0,1,1,normal,0
IC_4379,LOT_B,W14,8.1108,9.2524,10.4503,10.5633,2.4343,2.4838,10.9622,10.9886,50.0,1,1,normal,0
IC_4380,LOT_F,W17,10.4384,11.2209,12.4828,12.4043,1.6023,1.6319,13.5635,13.6208,50.0,1,1,normal,0
IC_4381,LOT_A,W23,7.9143,8.9806,10.3495,10.9555,2.2297,2.2979,12.2827,12.372,50.0,1,1,normal,0
IC_4382,LOT_A,W19,9.2562,10.1858,10.9641,11.1516,2.2353,2.2643,9.8729,10.1217,50.0,1,1,normal,0
IC_4383,LOT_D,W24,11.2797,12.7501,14.869,15.502,2.5288,2.6404,13.0741,13.2421,50.0,1,1,normal,0
IC_4384,LOT_D,W14,8.5185,9.9666,10.9076,11.6855,2.4172,2.4982,12.4351,12.4065,50.0,1,1,normal,0
IC_4385,LOT_A,W09,8.3356,9.6954,11.2384,11.2406,2.3932,2.5083,10.6976,10.8425,50.0,1,1,normal,0
IC_4386,LOT_B,W15,6.1351,7.3442,8.9326,9.6083,2.1882,2.2727,10.0281,10.0154,50.0,1,1,normal,0
IC_4387,LOT_D,W10,8.6016,10.0114,10.7411,11.6084,2.5023,2.6315,12.7243,12.9689,50.0,1,1,normal,0
IC_4388,LOT_D,W13,6.7112,7.4789,8.9121,8.902,2.4084,2.4502,11.3549,11.4384,50.0,1,1,normal,0
IC_4389,LOT_C,W05,12.4778,13.7243,14.2894,15.0059,2.2054,2.2677,11.7426,11.9277,50.0,1,1,normal,0
IC_4390,LOT_A,W11,11.033,12.0671,12.9392,14.0924,2.7888,2.8559,12.1899,12.2691,50.0,1,1,normal,0
IC_4391,LOT_D,W22,10.1669,11.6149,13.1063,13.6276,2.9291,3.032,11.6552,11.7946,50.0,1,1,normal,0
IC_4392,LOT_C,W20,11.8926,12.9436,13.8724,14.7652,2.2237,2.2662,12.2601,12.3094,50.0,1,1,normal,0
IC_4393,LOT_B,W19,6.8265,8.5806,9.9935,11.2318,2.1027,2.158,11.5585,11.7411,50.0,1,1,normal,0
IC_4394,LOT_D,W01,7.1165,8.0338,8.7574,9.6005,1.9676,2.0416,11.6061,11.6596,50.0,1,1,normal,0
IC_4395,LOT_B,W23,10.3693,12.0504,13.2865,13.9865,2.7498,2.8715,11.231,11.4763,50.0,1,1,normal,0
IC_4396,LOT_E,W06,44.1976,45.8505,47.6006,49.8857,4.535,4.5936,17.465,17.7436,50.0,1,1,latent_distribution_outlier,1
IC_4397,LOT_C,W18,11.5497,13.1558,14.4197,15.7107,1.9391,2.037,11.8332,12.1855,50.0,1,1,normal,0
IC_4398,LOT_E,W17,12.1928,13.4206,15.0469,14.9975,2.4762,2.5636,12.7707,12.7978,50.0,1,1,normal,0
IC_4399,LOT_D,W16,10.0634,11.3776,12.531,13.3855,2.5305,2.6067,12.8708,13.0405,50.0,1,1,normal,0
IC_4400,LOT_F,W07,11.2661,12.6065,13.7265,14.8018,2.2323,2.276,12.813,13.145,50.0,1,1,normal,0
IC_4401,LOT_C,W12,14.389,16.0033,17.4706,18.6913,2.4578,2.5936,11.5381,11.8168,50.0,1,1,normal,0
IC_4402,LOT_D,W03,8.9441,10.086,10.6927,12.0773,2.2313,2.3169,12.1095,12.2224,50.0,1,1,normal,0
IC_4403,LOT_B,W10,4.3322,6.172,7.3917,9.2764,2.2927,2.3941,9.6938,9.8649,50.0,1,1,normal,0
IC_4404,LOT_C,W22,11.0124,11.9777,12.568,13.2139,2.4418,2.5028,13.813,13.9298,50.0,1,1,normal,0
IC_4405,LOT_D,W24,10.9464,12.8577,13.7839,14.7074,2.3236,2.3863,11.4882,11.7302,50.0,1,1,normal,0
IC_4406,LOT_F,W15,7.7268,8.8874,10.5627,11.1437,1.6827,1.7588,13.0149,13.2241,50.0,1,1,normal,0
IC_4407,LOT_F,W16,45.0538,46.6713,47.562,49.0307,4.3904,4.5086,19.2839,19.5355,50.0,1,1,latent_distribution_outlier,1
IC_4408,LOT_E,W17,39.3197,40.4698,41.2688,42.2242,4.2774,4.3948,17.0222,16.9604,50.0,1,1,latent_distribution_outlier,1
IC_4409,LOT_C,W13,10.3869,11.347,11.8135,12.5761,2.361,2.4367,11.604,11.735,50.0,1,1,normal,0
IC_4410,LOT_A,W15,10.5194,11.3477,12.4631,13.2212,2.4869,2.5359,11.7994,11.8898,50.0,1,1,normal,0
IC_4411,LOT_C,W07,10.39,11.5856,12.484,13.791,2.3127,2.3618,11.6593,11.7291,50.0,1,1,normal,0
IC_4412,LOT_D,W19,10.5388,11.6394,12.8387,13.6444,2.6819,2.7324,12.7283,12.978,50.0,1,1,normal,0
IC_4413,LOT_C,W18,9.9684,11.6428,13.5981,14.5841,1.681,1.8298,11.6953,11.8142,50.0,1,1,normal,0
IC_4414,LOT_C,W09,10.9178,14.5915,36.0135,64.0245,1.9229,2.172,12.5112,13.1076,50.0,1,1,early_drifter,1
IC_4415,LOT_F,W11,10.068,11.4676,12.8395,14.2386,2.3666,2.423,12.1303,12.2028,50.0,1,1,normal,0
IC_4416,LOT_A,W15,65.6036,67.9572,85.8617,104.5594,7.4201,7.5916,20.1905,20.398,50.0,0,0,gross_failure,1
IC_4417,LOT_A,W06,11.2615,12.9799,14.7607,16.3345,2.6604,2.7395,11.0203,11.1606,50.0,1,1,normal,0
IC_4418,LOT_F,W08,9.3902,10.4761,11.7676,12.7254,2.0419,2.1408,12.9766,13.0593,50.0,1,1,normal,0
IC_4419,LOT_E,W02,8.9693,9.8561,10.8193,10.8788,1.8359,1.8957,11.7596,11.8494,50.0,1,1,normal,0
IC_4420,LOT_D,W08,10.8332,11.8831,12.7656,13.6432,2.6344,2.7353,12.159,12.0565,50.0,1,1,normal,0
IC_4421,LOT_F,W07,9.7812,11.0417,12.3983,13.4142,2.1108,2.1974,13.2711,13.6339,50.0,1,1,normal,0
IC_4422,LOT_B,W01,7.4339,8.7186,9.8664,10.3051,2.3423,2.4175,10.6727,10.8024,50.0,1,1,normal,0
IC_4423,LOT_D,W18,10.7565,12.1381,13.6161,15.018,2.6288,2.7045,12.6416,12.7232,50.0,1,1,normal,0
IC_4424,LOT_A,W15,9.6949,10.8673,12.6137,13.2783,2.556,2.6606,10.2733,10.4565,50.0,1,1,normal,0
IC_4425,LOT_F,W12,43.6547,44.808,46.9312,46.9293,4.7575,4.82,15.5362,15.6486,50.0,1,1,latent_distribution_outlier,1
IC_4426,LOT_D,W05,11.0729,12.828,14.4655,14.998,2.6361,2.6994,12.4404,12.6327,50.0,1,1,normal,0
IC_4427,LOT_A,W11,9.9793,11.0632,12.2765,12.6545,2.7573,2.7862,11.6491,11.8009,50.0,1,1,normal,0
IC_4428,LOT_A,W18,12.2684,13.7338,15.1194,16.168,2.7214,2.7673,12.9009,13.1007,50.0,1,1,normal,0
IC_4429,LOT_B,W20,40.9643,42.853,46.1635,46.5261,4.737,4.8103,17.0284,17.2139,50.0,1,1,latent_distribution_outlier,1
IC_4430,LOT_D,W06,10.9208,12.3383,14.3474,14.922,2.4598,2.5485,12.2734,12.5322,50.0,1,1,normal,0
IC_4431,LOT_B,W12,10.3305,11.7959,12.493,13.1921,2.5932,2.6947,11.0539,11.2331,50.0,1,1,normal,0
IC_4432,LOT_A,W09,9.0624,10.1047,11.3541,11.778,2.427,2.4373,11.1745,11.1982,50.0,1,1,normal,0
IC_4433,LOT_E,W09,11.1413,12.3171,13.6711,14.2214,1.9785,2.0514,12.199,12.3161,50.0,1,1,normal,0
IC_4434,LOT_B,W21,7.3806,8.7434,10.4676,10.7334,1.8425,1.8311,10.8597,11.1244,50.0,1,1,normal,0
IC_4435,LOT_F,W12,10.8141,12.1831,13.3377,14.5465,2.4683,2.5371,13.6284,14.0129,50.0,1,1,normal,0
IC_4436,LOT_B,W18,8.3495,9.4644,10.1644,10.2673,2.4106,2.489,12.1164,12.2453,50.0,1,1,normal,0
IC_4437,LOT_C,W02,10.7585,12.3508,13.5034,13.9484,2.2682,2.3892,12.1822,12.5267,50.0,1,1,normal,0
IC_4438,LOT_E,W05,9.997,11.4472,12.7473,14.0486,2.3008,2.3722,12.9502,13.0191,50.0,1,1,normal,0
IC_4439,LOT_A,W16,10.0755,11.4366,12.7456,13.2884,2.3435,2.378,10.5621,10.8231,50.0,1,1,normal,0
IC_4440,LOT_B,W12,7.8499,8.78,9.9629,10.303,2.4259,2.404,11.9122,12.0352,50.0,1,1,normal,0
IC_4441,LOT_F,W12,10.3876,11.8732,13.1779,14.0658,1.9521,2.0393,12.7718,12.938,50.0,1,1,normal,0
IC_4442,LOT_F,W07,9.8341,10.8156,11.9502,12.3566,1.7948,1.8502,13.0341,13.0604,50.0,1,1,normal,0
IC_4443,LOT_C,W04,11.0247,11.7264,13.0123,12.8138,2.2086,2.239,12.0428,12.0374,50.0,1,1,normal,0
IC_4444,LOT_D,W19,11.2695,12.7623,14.6358,15.2645,2.6869,2.7805,11.5484,11.6671,50.0,1,1,normal,0
IC_4445,LOT_C,W19,12.2066,13.2268,14.271,15.3899,2.0497,2.118,12.9512,13.0697,50.0,1,1,normal,0
IC_4446,LOT_B,W15,7.4073,9.2344,10.0922,11.2955,2.5103,2.6279,12.198,12.3965,50.0,1,1,normal,0
IC_4447,LOT_B,W12,10.6149,12.1978,13.6937,15.0041,2.6164,2.7169,12.3584,12.5898,50.0,1,1,normal,0
IC_4448,LOT_C,W24,11.9305,12.9152,13.7861,14.6821,2.3213,2.293,12.5804,12.6334,50.0,1,1,normal,0
IC_4449,LOT_A,W16,10.7674,11.9219,13.57,14.8421,2.4188,2.5319,11.3432,11.4539,50.0,1,1,normal,0
IC_4450,LOT_B,W04,12.3793,13.2467,13.9202,15.0885,2.5915,2.6461,11.5469,11.6694,50.0,1,1,normal,0
IC_4451,LOT_B,W02,41.5698,43.1567,45.4017,44.1921,4.8766,4.9655,15.3035,15.4904,50.0,1,1,latent_distribution_outlier,1
IC_4452,LOT_F,W19,9.965,10.8094,11.4202,12.6871,2.1722,2.2133,13.721,13.8604,50.0,1,1,normal,0
IC_4453,LOT_E,W09,7.9317,9.0694,9.4201,10.1071,2.3635,2.4268,12.2883,12.306,50.0,1,1,normal,0
IC_4454,LOT_D,W01,9.0045,9.9534,10.8663,11.2985,2.4005,2.4387,11.8115,11.7988,50.0,1,1,normal,0
IC_4455,LOT_C,W02,10.4035,11.5592,12.2374,12.9724,2.1879,2.2492,12.702,12.9172,50.0,1,1,normal,0
IC_4456,LOT_B,W16,9.0479,10.7851,12.2757,12.9733,2.5544,2.6966,10.9161,10.9839,50.0,1,1,normal,0
IC_4457,LOT_D,W16,8.9846,9.756,10.3169,11.4576,2.3751,2.4544,12.6887,12.7268,50.0,1,1,normal,0
IC_4458,LOT_D,W21,8.2046,9.316,10.4693,11.1415,2.2225,2.3078,10.9733,11.0276,50.0,1,1,normal,0
IC_4459,LOT_A,W07,9.6949,10.7769,11.9994,12.7835,1.7849,1.8991,12.0551,12.2988,50.0,1,1,normal,0
IC_4460,LOT_B,W19,9.306,10.8952,12.1154,13.1005,2.291,2.3963,12.314,12.635,50.0,1,1,normal,0
IC_4461,LOT_A,W17,10.7665,11.907,13.4297,14.4174,2.4646,2.5302,11.7278,11.9413,50.0,1,1,normal,0
IC_4462,LOT_B,W03,9.21,10.5203,11.873,12.923,2.7337,2.867,10.7291,10.703,50.0,1,1,normal,0
IC_4463,LOT_F,W01,11.6869,13.1131,14.2324,15.6176,1.8839,2.0272,13.5211,13.8243,50.0,1,1,normal,0
IC_4464,LOT_C,W04,11.8633,13.054,14.2179,15.2967,2.3279,2.4244,12.6101,12.7716,50.0,1,1,normal,0
IC_4465,LOT_B,W12,8.5391,9.1627,10.2688,10.4932,3.0612,3.0513,10.2671,10.4261,50.0,1,1,normal,0
IC_4466,LOT_F,W12,9.1874,10.5905,12.0751,13.4418,1.9381,2.0849,14.7965,14.965,50.0,1,1,normal,0
IC_4467,LOT_B,W05,8.0829,9.3795,10.6307,11.7894,2.2284,2.3033,13.0517,13.2722,50.0,1,1,normal,0
IC_4468,LOT_F,W08,11.0997,12.2545,13.6951,15.2862,2.3322,2.4084,14.3906,14.4172,50.0,1,1,normal,0
IC_4469,LOT_D,W01,11.6879,12.5348,13.5157,13.9142,2.5839,2.6435,10.546,10.5498,50.0,1,1,normal,0
IC_4470,LOT_C,W20,12.2044,13.6827,15.1046,15.8659,2.1378,2.2337,10.431,10.6563,50.0,1,1,normal,0
IC_4471,LOT_C,W02,11.8854,13.4552,14.9237,15.8955,2.341,2.4487,12.3706,12.5462,50.0,1,1,normal,0
IC_4472,LOT_C,W24,10.6344,11.323,12.1414,13.2119,2.1374,2.1899,11.3297,11.5174,50.0,1,1,normal,0
IC_4473,LOT_C,W12,9.9384,14.1283,37.5567,70.1866,2.1401,2.3719,11.0708,11.4837,50.0,1,1,early_drifter,1
IC_4474,LOT_E,W22,9.654,10.5096,12.0167,12.8848,2.1212,2.2268,11.1325,11.227,50.0,1,1,normal,0
IC_4475,LOT_C,W11,12.1706,13.5057,14.6945,15.4283,2.3835,2.4605,12.4948,12.5482,50.0,1,1,normal,0
IC_4476,LOT_D,W07,6.793,8.0665,9.3706,10.3579,2.3147,2.3577,10.8896,11.0588,50.0,1,1,normal,0
IC_4477,LOT_B,W08,8.619,10.2649,11.6727,12.7468,2.1752,2.2788,11.0715,11.3291,50.0,1,1,normal,0
IC_4478,LOT_C,W21,11.8897,12.9113,14.0022,14.946,2.4139,2.4599,12.1997,12.3713,50.0,1,1,normal,0
IC_4479,LOT_E,W06,10.6902,11.9336,12.6509,13.8456,2.2857,2.367,13.0713,13.2857,50.0,1,1,normal,0
IC_4480,LOT_F,W03,11.7635,13.1816,15.356,15.2333,2.3987,2.4652,13.408,13.9011,50.0,1,1,normal,0
IC_4481,LOT_E,W10,10.2151,10.7719,11.5429,11.8329,2.2539,2.2855,11.7197,11.7898,50.0,1,1,normal,0
IC_4482,LOT_A,W16,9.1126,10.6625,12.1724,13.8,2.673,2.7251,10.8581,11.083,50.0,1,1,normal,0
IC_4483,LOT_F,W01,10.638,11.7734,13.2411,14.3676,2.5086,2.5828,13.8805,14.0765,50.0,1,1,normal,0
IC_4484,LOT_A,W23,9.2423,13.534,35.9385,68.5331,2.7978,3.0044,10.8843,11.3178,50.0,1,1,early_drifter,1
IC_4485,LOT_B,W01,7.6994,9.212,11.1104,11.6814,2.3805,2.4118,10.827,10.7537,50.0,1,1,normal,0
IC_4486,LOT_B,W01,8.4396,9.9114,11.4502,12.5786,3.1034,3.2245,12.263,12.5018,50.0,1,1,normal,0
IC_4487,LOT_D,W12,10.977,11.9055,12.519,12.7136,2.3439,2.4488,12.1346,12.0435,50.0,1,1,normal,0
IC_4488,LOT_A,W22,9.484,10.8114,11.5826,12.5181,2.6498,2.7394,10.3687,10.5346,50.0,1,1,normal,0
IC_4489,LOT_B,W22,34.9815,36.9276,39.1417,39.1991,4.4637,4.5626,15.4621,15.751,50.0,1,1,latent_distribution_outlier,1
IC_4490,LOT_C,W20,11.3975,12.9384,14.4414,15.3235,2.3898,2.4822,10.9263,11.1692,50.0,1,1,normal,0
IC_4491,LOT_B,W11,9.6437,9.9175,11.4455,11.8185,2.0052,1.9845,10.8696,11.0074,50.0,1,1,normal,0
IC_4492,LOT_C,W22,9.721,10.6946,11.2673,11.6437,1.9003,1.9837,10.5443,10.8285,50.0,1,1,normal,0
IC_4493,LOT_D,W05,10.7205,11.5681,12.3522,13.0052,2.7042,2.7793,12.7739,12.8413,50.0,1,1,normal,0
IC_4494,LOT_C,W16,10.6633,11.852,12.7749,13.8757,2.1638,2.2394,10.4856,10.7446,50.0,1,1,normal,0
IC_4495,LOT_B,W20,5.5571,6.5578,7.9572,8.1543,1.7591,1.8532,9.8604,9.9621,50.0,1,1,normal,0
IC_4496,LOT_A,W21,11.336,12.8803,14.5352,16.2187,2.8569,2.9827,12.891,13.1132,50.0,1,1,normal,0
IC_4497,LOT_D,W07,8.992,9.6904,10.5349,11.5142,2.3628,2.3415,11.213,11.3324,50.0,1,1,normal,0
IC_4498,LOT_C,W13,12.0156,13.3223,14.7479,15.968,2.6053,2.6727,12.2098,12.2036,50.0,1,1,normal,0
IC_4499,LOT_A,W21,8.3501,9.8875,10.7036,11.9701,2.2579,2.3366,10.7506,10.8351,50.0,1,1,normal,0
IC_4500,LOT_D,W17,10.3182,11.4639,11.8088,12.3384,2.4906,2.5643,9.8211,9.9316,50.0,1,1,normal,0
IC_4501,LOT_B,W09,8.475,10.1074,11.4689,12.2447,2.6334,2.7372,12.6501,12.8712,50.0,1,1,normal,0
IC_4502,LOT_B,W17,8.0612,9.634,11.0261,12.2398,2.3905,2.5174,12.974,13.2282,50.0,1,1,normal,0
IC_4503,LOT_A,W12,10.4695,12.1243,13.8013,14.6722,2.5638,2.6565,11.4248,11.5357,50.0,1,1,normal,0
IC_4504,LOT_E,W14,10.1797,11.484,13.2612,14.3614,2.3034,2.3976,12.4758,12.6627,50.0,1,1,normal,0
IC_4505,LOT_E,W13,7.2954,8.4485,10.1776,10.7411,1.9832,2.0358,11.9614,11.9546,50.0,1,1,normal,0
IC_4506,LOT_E,W20,9.8174,10.9214,11.6591,12.8019,2.264,2.3102,12.794,12.7271,50.0,1,1,normal,0
IC_4507,LOT_D,W08,9.959,11.0109,12.0777,12.1809,2.5575,2.6194,11.2511,11.4529,50.0,1,1,normal,0
IC_4508,LOT_B,W21,7.7485,9.0436,10.1783,11.5264,2.5706,2.6301,11.2028,11.292,50.0,1,1,normal,0
IC_4509,LOT_F,W05,10.7774,12.5555,13.9229,14.9946,1.733,1.8074,12.2993,12.5586,50.0,1,1,normal,0
IC_4510,LOT_E,W06,11.9714,13.014,14.2176,15.1048,2.5482,2.6225,13.1496,13.306,50.0,1,1,normal,0
IC_4511,LOT_C,W07,12.4307,13.2553,13.6527,14.5787,2.1776,2.2662,12.108,12.4488,50.0,1,1,normal,0
IC_4512,LOT_E,W04,10.6799,11.5476,12.0611,13.8516,2.4629,2.5203,12.0891,12.3037,50.0,1,1,normal,0
IC_4513,LOT_E,W20,10.1876,11.3125,11.9888,12.323,2.6545,2.7518,12.276,12.3379,50.0,1,1,normal,0
IC_4514,LOT_B,W24,9.6889,11.3483,12.6354,13.786,2.2846,2.4122,10.7133,10.8624,50.0,1,1,normal,0
IC_4515,LOT_C,W11,11.6606,12.9963,14.4307,15.2527,2.1367,2.2241,13.455,13.5784,50.0,1,1,normal,0
IC_4516,LOT_C,W18,9.6981,11.167,12.9094,13.844,2.1472,2.2314,11.6039,11.9038,50.0,1,1,normal,0
IC_4517,LOT_A,W16,10.3767,11.9809,13.654,14.4269,2.4545,2.5493,10.3048,10.4448,50.0,1,1,normal,0
IC_4518,LOT_E,W02,44.9515,45.9222,47.0234,47.3184,5.0419,5.0969,17.6394,17.7843,50.0,1,1,latent_distribution_outlier,1
IC_4519,LOT_C,W22,12.8322,14.2298,15.2909,16.487,2.3002,2.3801,13.1599,13.301,50.0,1,1,normal,0
IC_4520,LOT_C,W24,10.0733,11.1631,11.4725,12.0515,1.9515,2.0318,9.8676,9.9705,50.0,1,1,normal,0
IC_4521,LOT_D,W18,82.0151,87.1415,95.9518,112.0927,8.2164,8.5328,21.9356,22.5842,50.0,0,0,gross_failure,1
IC_4522,LOT_A,W11,10.6006,12.1958,13.8047,14.8804,2.3191,2.4407,11.7454,11.9557,50.0,1,1,normal,0
IC_4523,LOT_F,W13,10.627,12.3016,13.946,14.4588,2.1304,2.1792,14.2556,14.3626,50.0,1,1,normal,0
IC_4524,LOT_C,W19,9.0054,10.3705,11.2338,11.7798,2.1452,2.1989,11.9157,12.2588,50.0,1,1,normal,0
IC_4525,LOT_D,W09,10.783,11.5115,12.8917,12.4935,2.4699,2.5088,12.6761,12.7865,50.0,1,1,normal,0
IC_4526,LOT_C,W08,10.0495,11.1985,12.2736,13.1693,2.1056,2.2111,10.6915,10.8319,50.0,1,1,normal,0
IC_4527,LOT_C,W15,11.6218,13.1683,14.4654,15.6988,2.2445,2.3644,12.1742,12.1728,50.0,1,1,normal,0
IC_4528,LOT_C,W07,11.4623,12.7512,13.7386,14.7322,2.1237,2.2305,12.3675,12.469,50.0,1,1,normal,0
IC_4529,LOT_B,W01,6.8847,7.8978,8.755,9.4837,2.1962,2.2258,12.2165,12.4527,50.0,1,1,normal,0
IC_4530,LOT_F,W02,10.1697,11.4989,12.2268,12.9695,2.1054,2.1696,14.1692,14.4061,50.0,1,1,normal,0
IC_4531,LOT_D,W02,9.6539,11.2357,12.8913,13.7785,2.5408,2.6935,13.7509,13.8255,50.0,1,1,normal,0
IC_4532,LOT_B,W15,6.8853,7.732,8.2234,8.7761,2.2398,2.3067,11.0057,11.2887,50.0,1,1,normal,0
IC_4533,LOT_F,W13,13.6454,14.6249,16.0809,17.3253,1.9181,1.9708,12.757,12.8779,50.0,1,1,normal,0
IC_4534,LOT_B,W04,10.1202,10.8598,11.8307,11.7849,2.7667,2.842,12.1826,12.3266,50.0,1,1,normal,0
IC_4535,LOT_F,W14,12.0591,17.0221,43.478,78.2883,2.0707,2.3447,13.4379,14.0567,50.0,1,1,early_drifter,1
IC_4536,LOT_B,W04,10.4252,11.9263,14.0018,14.269,2.6825,2.7261,11.1589,11.2392,50.0,1,1,normal,0
IC_4537,LOT_F,W07,10.8811,14.4769,35.9885,61.654,2.2135,2.5105,12.8069,13.3936,50.0,1,1,early_drifter,1
IC_4538,LOT_C,W09,11.4087,12.779,13.5768,14.1704,1.8819,1.9659,12.3723,12.6132,50.0,1,1,normal,0
IC_4539,LOT_B,W23,8.4757,10.1605,12.3921,12.7649,2.5082,2.6018,11.4581,11.7386,50.0,1,1,normal,0
IC_4540,LOT_D,W14,9.179,10.3601,11.3427,12.6229,2.4648,2.4917,12.193,12.3373,50.0,1,1,normal,0
IC_4541,LOT_C,W05,11.0146,12.0712,12.9611,14.1622,2.3599,2.3913,10.9165,11.0509,50.0,1,1,normal,0
IC_4542,LOT_C,W04,10.4168,11.5129,12.3747,12.8833,2.1221,2.1985,12.4701,12.6754,50.0,1,1,normal,0
IC_4543,LOT_E,W14,9.8491,11.1257,12.3002,12.5433,2.4144,2.5155,12.8422,13.0377,50.0,1,1,normal,0
IC_4544,LOT_F,W06,10.0887,11.9539,13.7227,15.2541,2.2055,2.3405,13.7167,13.9296,50.0,1,1,normal,0
IC_4545,LOT_D,W10,7.4922,8.3712,9.6429,9.8988,2.0753,2.1415,10.4763,10.3271,50.0,1,1,normal,0
IC_4546,LOT_C,W03,11.7531,13.1096,15.2726,15.9409,2.4372,2.5397,11.2325,11.5307,50.0,1,1,normal,0
IC_4547,LOT_D,W12,11.6143,12.5444,13.7277,14.8867,2.9595,3.0232,11.3564,11.2654,50.0,1,1,normal,0
IC_4548,LOT_D,W06,9.1048,10.363,11.6752,12.605,2.6673,2.7329,12.5746,12.6268,50.0,1,1,normal,0
IC_4549,LOT_A,W02,13.0927,14.7632,16.7525,17.2526,2.8695,3.0188,12.5786,12.8189,50.0,1,1,normal,0
IC_4550,LOT_D,W11,10.4726,11.4271,12.4247,13.0161,2.6101,2.7198,11.8628,11.8304,50.0,1,1,normal,0
IC_4551,LOT_D,W05,9.5216,10.4167,12.0624,11.9621,2.2002,2.274,11.8335,11.886,50.0,1,1,normal,0
IC_4552,LOT_D,W04,10.8721,12.067,12.6332,13.7079,2.6115,2.6695,10.9091,11.032,50.0,1,1,normal,0
IC_4553,LOT_F,W14,10.2872,11.584,13.1992,14.4048,2.2609,2.3864,11.6214,11.8677,50.0,1,1,normal,0
IC_4554,LOT_A,W04,7.8582,8.9337,9.545,10.295,2.2162,2.2906,10.9209,11.1514,50.0,1,1,normal,0
IC_4555,LOT_F,W21,12.3207,14.1035,15.4663,16.2533,2.0515,2.1516,14.2383,14.4797,50.0,1,1,normal,0
IC_4556,LOT_A,W16,9.7643,11.0678,12.7993,13.1085,2.3881,2.4412,11.9033,12.0512,50.0,1,1,normal,0
IC_4557,LOT_D,W22,10.2586,11.3243,12.0306,12.2667,2.584,2.6635,11.8553,11.9586,50.0,1,1,normal,0
IC_4558,LOT_D,W18,11.6683,12.331,13.7751,14.035,2.4791,2.5005,11.05,11.1378,50.0,1,1,normal,0
IC_4559,LOT_C,W07,9.0928,10.5655,11.9053,12.478,2.0339,2.111,12.4864,12.6628,50.0,1,1,normal,0
IC_4560,LOT_A,W10,9.575,10.9952,11.9448,12.5016,2.3919,2.4861,11.6714,11.7823,50.0,1,1,normal,0
IC_4561,LOT_C,W01,8.8579,9.6997,10.5881,10.5582,1.8144,1.8552,11.5812,11.6432,50.0,1,1,normal,0
IC_4562,LOT_F,W09,7.8244,9.4328,11.155,11.9319,1.8453,1.9033,14.0161,14.1053,50.0,1,1,normal,0
IC_4563,LOT_E,W13,12.442,14.0221,14.8489,16.2462,2.2809,2.4312,12.9471,13.1313,50.0,1,1,normal,0
IC_4564,LOT_A,W06,40.2464,41.6181,43.4138,44.055,4.7791,4.8303,16.0808,16.1883,50.0,1,1,latent_distribution_outlier,1
IC_4565,LOT_B,W23,10.2062,11.2516,12.6307,12.3785,2.2818,2.3373,12.6338,12.862,50.0,1,1,normal,0
IC_4566,LOT_E,W12,9.9678,11.7055,13.3064,13.9088,2.3236,2.4093,12.0723,12.2955,50.0,1,1,normal,0
IC_4567,LOT_F,W15,11.5637,12.5627,13.1598,14.4596,2.5613,2.6169,12.5027,12.6448,50.0,1,1,normal,0
IC_4568,LOT_F,W19,8.9106,10.3257,11.9248,12.9209,2.0391,2.1474,14.4781,14.6313,50.0,1,1,normal,0
IC_4569,LOT_E,W17,9.1106,10.0845,10.6064,10.8998,2.3291,2.4183,12.4512,12.5837,50.0,1,1,normal,0
IC_4570,LOT_E,W15,9.9422,10.9034,11.5224,11.9726,2.0473,2.1346,12.4918,12.6417,50.0,1,1,normal,0
IC_4571,LOT_D,W16,10.4623,11.7462,12.5823,12.6188,2.5999,2.6703,12.4521,12.5895,50.0,1,1,normal,0
IC_4572,LOT_C,W19,11.6642,12.9989,14.1916,15.9053,2.3082,2.4138,12.6167,12.7807,50.0,1,1,normal,0
IC_4573,LOT_F,W01,12.9168,14.4455,15.7901,16.8345,2.4665,2.5726,13.0182,13.2939,50.0,1,1,normal,0
IC_4574,LOT_E,W11,8.872,10.4099,12.0631,12.6666,2.4441,2.5471,12.5991,12.6835,50.0,1,1,normal,0
IC_4575,LOT_A,W05,10.7215,11.498,12.7498,13.1993,2.6511,2.698,11.9094,11.8674,50.0,1,1,normal,0
IC_4576,LOT_E,W14,8.6835,9.8073,11.1306,11.2614,2.3486,2.3982,11.1427,11.3053,50.0,1,1,normal,0
IC_4577,LOT_C,W04,13.5596,14.9491,16.692,17.9328,2.1325,2.2178,11.7873,12.0196,50.0,1,1,normal,0
IC_4578,LOT_F,W03,8.8373,10.1347,11.8861,12.155,2.0151,2.0411,14.341,14.4192,50.0,1,1,normal,0
IC_4579,LOT_C,W15,10.4266,11.8743,12.7786,13.708,2.287,2.3392,13.0608,13.2379,50.0,1,1,normal,0
IC_4580,LOT_F,W23,8.368,9.503,10.2571,11.0163,2.2273,2.3303,12.7848,12.9153,50.0,1,1,normal,0
IC_4581,LOT_C,W20,10.6165,11.847,13.3202,13.5085,1.9672,2.0579,11.5611,11.8506,50.0,1,1,normal,0
IC_4582,LOT_F,W22,8.679,10.1733,12.0116,12.7299,2.3069,2.3956,13.117,13.3838,50.0,1,1,normal,0
IC_4583,LOT_F,W19,8.287,9.9976,11.0524,11.5958,2.0816,2.2147,13.8581,14.0107,50.0,1,1,normal,0
IC_4584,LOT_E,W20,14.112,15.3379,16.8349,18.1254,2.4606,2.5016,13.1603,13.3547,50.0,1,1,normal,0
IC_4585,LOT_B,W14,9.3289,12.3718,28.6353,51.1764,2.6307,2.8277,10.64,10.9301,50.0,1,1,early_drifter,1
IC_4586,LOT_E,W21,13.5037,14.5338,16.0287,16.2419,2.504,2.5753,13.1734,13.3059,50.0,1,1,normal,0
IC_4587,LOT_F,W17,9.6127,11.0819,12.6266,14.0449,2.0962,2.1661,13.0654,13.2646,50.0,1,1,normal,0
IC_4588,LOT_E,W01,10.8473,12.3214,13.8117,14.9886,2.2274,2.3299,12.3393,12.5536,50.0,1,1,normal,0
IC_4589,LOT_F,W09,10.9788,15.4369,39.7514,72.5819,2.5365,2.7833,12.1958,12.6072,50.0,1,1,early_drifter,1
IC_4590,LOT_B,W24,9.4788,10.7377,11.7304,12.6102,2.7135,2.8247,10.4559,10.5784,50.0,1,1,normal,0
IC_4591,LOT_E,W11,8.9981,10.5708,12.2078,13.7264,1.998,2.0643,12.0559,11.9884,50.0,1,1,normal,0
IC_4592,LOT_E,W08,8.7775,9.5577,10.762,11.7854,1.8881,1.9372,11.6273,11.8134,50.0,1,1,normal,0
IC_4593,LOT_E,W03,9.6669,11.1149,12.3951,13.0197,2.0883,2.1755,13.5015,13.727,50.0,1,1,normal,0
IC_4594,LOT_B,W13,5.3924,6.539,7.6012,8.0818,2.3473,2.383,12.4119,12.5396,50.0,1,1,normal,0
IC_4595,LOT_A,W05,10.223,10.8229,11.7463,12.4459,2.3854,2.4471,12.027,12.0633,50.0,1,1,normal,0
IC_4596,LOT_C,W02,12.4338,14.1464,15.8916,17.1732,2.1465,2.2948,12.54,12.9359,50.0,1,1,normal,0
IC_4597,LOT_C,W02,10.0741,11.1811,12.2073,12.6952,1.8502,1.9086,11.2489,11.4199,50.0,1,1,normal,0
IC_4598,LOT_D,W13,8.9106,10.0711,10.8039,12.3753,2.0274,2.1612,11.3071,11.2871,50.0,1,1,normal,0
IC_4599,LOT_B,W18,8.5958,9.9122,11.17,12.4512,2.1645,2.2183,12.1977,12.2665,50.0,1,1,normal,0
IC_4600,LOT_E,W06,7.6131,11.3244,32.6568,61.7017,1.4311,1.6226,12.3638,12.7376,50.0,1,1,early_drifter,1
IC_4601,LOT_F,W06,10.3823,11.305,12.8856,13.2837,2.244,2.3228,13.2022,13.4342,50.0,1,1,normal,0
IC_4602,LOT_C,W23,12.6968,14.2811,15.6399,16.5964,1.9514,2.0868,13.4561,13.6317,50.0,1,1,normal,0
IC_4603,LOT_C,W14,10.6986,11.9567,13.165,13.2507,2.4637,2.5349,11.6884,11.6176,50.0,1,1,normal,0
IC_4604,LOT_B,W03,43.4238,45.2461,47.6049,48.6219,5.9324,5.9989,14.6723,14.8298,50.0,1,1,latent_distribution_outlier,1
IC_4605,LOT_C,W20,12.8872,14.0168,15.7947,15.7024,2.1338,2.1731,12.2554,12.2521,50.0,1,1,normal,0
IC_4606,LOT_A,W01,8.8018,10.2283,11.2952,11.4105,2.221,2.2912,11.9959,12.0161,50.0,1,1,normal,0
IC_4607,LOT_F,W06,8.8781,10.1329,11.5816,12.7698,2.1046,2.1556,13.7144,13.9681,50.0,1,1,normal,0
IC_4608,LOT_D,W10,32.3686,34.0397,35.5034,38.8728,3.9432,4.0158,16.812,17.0363,50.0,1,1,latent_distribution_outlier,1
IC_4609,LOT_F,W05,7.3212,11.3978,33.5575,64.2449,1.9298,2.1763,11.9281,12.4578,50.0,1,1,early_drifter,1
IC_4610,LOT_D,W21,11.7203,12.971,14.365,15.8377,2.3824,2.4802,11.7166,11.8423,50.0,1,1,normal,0
IC_4611,LOT_E,W02,11.3312,12.5576,13.8858,14.083,1.9948,2.012,13.4665,13.336,50.0,1,1,normal,0
IC_4612,LOT_E,W04,8.5265,9.2553,10.06,10.0997,2.1165,2.1451,11.7291,11.8078,50.0,1,1,normal,0
IC_4613,LOT_E,W02,10.3785,11.6358,12.4516,13.854,2.4952,2.5884,11.5086,11.5626,50.0,1,1,normal,0
IC_4614,LOT_B,W01,8.8248,10.4209,12.0383,13.0065,1.9426,2.031,11.2571,11.2869,50.0,1,1,normal,0
IC_4615,LOT_B,W06,6.4354,7.2774,8.5348,8.6802,2.1404,2.2376,12.8759,12.9813,50.0,1,1,normal,0
IC_4616,LOT_A,W23,10.3233,11.888,13.1628,14.1498,1.9475,2.0727,12.0349,12.2615,50.0,1,1,normal,0
IC_4617,LOT_F,W16,9.9301,10.8423,11.4521,12.4624,1.779,1.8612,13.633,13.9028,50.0,1,1,normal,0
IC_4618,LOT_A,W18,11.4681,12.9863,14.0747,13.9906,2.9049,3.0363,12.4975,12.6179,50.0,1,1,normal,0
IC_4619,LOT_D,W06,11.9435,13.0968,13.8686,14.7055,2.4945,2.6091,10.9069,10.9895,50.0,1,1,normal,0
IC_4620,LOT_A,W11,46.4607,48.9421,51.4564,52.5257,5.4303,5.5944,15.6082,15.8453,50.0,1,1,latent_distribution_outlier,1
IC_4621,LOT_B,W22,9.0353,14.4214,43.1891,81.492,2.3973,2.7489,12.1113,12.734,50.0,1,1,early_drifter,1
IC_4622,LOT_B,W03,12.1465,13.5312,14.3596,15.3914,2.9234,2.9899,12.6224,12.9905,50.0,1,1,normal,0
IC_4623,LOT_B,W10,39.8968,41.9084,44.1123,46.2753,4.6374,4.7543,14.7051,14.9777,50.0,1,1,latent_distribution_outlier,1
IC_4624,LOT_B,W11,11.0762,11.8043,12.8309,13.5462,2.4389,2.4575,12.048,12.2361,50.0,1,1,normal,0
IC_4625,LOT_A,W09,9.9377,11.2592,12.0804,13.025,2.1521,2.2515,11.8859,12.0158,50.0,1,1,normal,0
IC_4626,LOT_D,W12,10.5437,11.2774,12.3132,11.6929,2.5638,2.6032,13.0049,12.8783,50.0,1,1,normal,0
IC_4627,LOT_A,W06,6.6768,7.7441,8.7803,10.0629,2.7372,2.8245,11.1547,11.2067,50.0,1,1,normal,0
IC_4628,LOT_F,W24,11.7042,12.5118,13.7101,13.8279,2.3389,2.3821,12.342,12.4441,50.0,1,1,normal,0
IC_4629,LOT_F,W13,10.5462,11.821,12.8818,13.3594,2.679,2.7131,12.6878,12.6442,50.0,1,1,normal,0
IC_4630,LOT_A,W01,9.9457,11.281,12.7849,14.2974,2.0959,2.1629,11.2031,11.4965,50.0,1,1,normal,0
IC_4631,LOT_A,W24,11.3428,12.7253,13.6457,14.591,3.2181,3.2817,11.166,11.2786,50.0,1,1,normal,0
IC_4632,LOT_B,W05,13.3272,14.7163,15.9589,17.0774,2.7348,2.8169,10.9881,10.9412,50.0,1,1,normal,0
IC_4633,LOT_A,W04,9.8856,10.9941,12.5243,13.5432,2.7862,2.8022,11.6297,11.6959,50.0,1,1,normal,0
IC_4634,LOT_D,W14,9.2318,10.7911,12.5685,13.3449,2.3805,2.4857,11.1568,11.3963,50.0,1,1,normal,0
IC_4635,LOT_F,W12,9.0867,9.798,10.3956,11.0434,1.9109,1.9298,11.0982,11.183,50.0,1,1,normal,0
IC_4636,LOT_E,W21,10.256,11.6913,13.2857,13.8715,2.0255,2.1192,11.5682,11.7276,50.0,1,1,normal,0
IC_4637,LOT_C,W13,9.5526,10.6973,11.8527,12.0765,1.9454,2.0464,12.3128,12.6307,50.0,1,1,normal,0
IC_4638,LOT_D,W24,9.623,11.2215,12.8905,14.0499,2.4562,2.5686,11.858,12.01,50.0,1,1,normal,0
IC_4639,LOT_C,W01,12.0912,13.3904,14.9696,15.7791,1.9563,1.9994,11.4088,11.5678,50.0,1,1,normal,0
IC_4640,LOT_B,W14,7.9454,9.7304,10.7192,11.731,1.91,2.0213,10.2903,10.5382,50.0,1,1,normal,0
IC_4641,LOT_E,W02,12.352,13.4355,14.3121,15.3102,2.4698,2.5454,13.4063,13.4396,50.0,1,1,normal,0
IC_4642,LOT_F,W10,10.531,12.1187,13.0505,14.4557,1.9626,2.0013,13.6495,13.7816,50.0,1,1,normal,0
IC_4643,LOT_D,W03,9.8014,10.889,12.4347,13.2079,2.5453,2.5936,11.3033,11.4454,50.0,1,1,normal,0
IC_4644,LOT_E,W16,8.231,9.2839,10.7127,11.6107,1.9305,1.9808,12.8275,12.8951,50.0,1,1,normal,0
IC_4645,LOT_A,W05,12.968,14.1591,15.6054,15.8092,2.5603,2.6313,10.0838,10.2461,50.0,1,1,normal,0
IC_4646,LOT_D,W10,9.7288,10.8558,12.097,12.224,2.3863,2.5,11.4629,11.6518,50.0,1,1,normal,0
IC_4647,LOT_F,W14,56.2078,64.4089,82.4246,98.5532,5.5234,6.034,20.1717,21.2606,50.0,0,0,gross_failure,1
IC_4648,LOT_C,W13,13.6128,14.611,14.9932,16.5201,2.3076,2.3796,12.419,12.5153,50.0,1,1,normal,0
IC_4649,LOT_E,W19,8.5226,10.0929,11.537,12.5063,1.858,1.9759,14.0876,14.2344,50.0,1,1,normal,0
IC_4650,LOT_C,W15,9.7069,11.1314,12.8164,13.8028,2.032,2.1435,11.7216,11.938,50.0,1,1,normal,0
IC_4651,LOT_E,W13,14.8264,16.4655,18.2185,18.6045,2.5212,2.5952,12.8714,12.9623,50.0,1,1,normal,0
IC_4652,LOT_A,W05,9.9486,11.4832,12.9141,13.6913,1.9922,2.047,11.8222,12.1688,50.0,1,1,normal,0
IC_4653,LOT_B,W06,11.4951,12.9587,15.1208,15.6175,2.6283,2.7042,12.2755,12.5028,50.0,1,1,normal,0
IC_4654,LOT_A,W20,9.6813,10.9057,12.1014,12.9298,2.4105,2.5617,10.8414,10.9888,50.0,1,1,normal,0
IC_4655,LOT_A,W21,80.9672,87.9365,107.7708,137.4456,8.5474,8.9083,21.4162,22.1594,50.0,0,0,gross_failure,1
IC_4656,LOT_A,W14,8.8459,10.0141,10.5453,12.0006,2.3622,2.4792,10.4367,10.4909,50.0,1,1,normal,0
IC_4657,LOT_B,W08,7.1843,8.2791,9.3833,10.4988,1.9615,1.9799,9.4964,9.7238,50.0,1,1,normal,0
IC_4658,LOT_A,W14,9.8209,11.171,12.0678,12.1925,2.7578,2.8063,11.732,11.7541,50.0,1,1,normal,0
IC_4659,LOT_E,W02,7.0991,8.5766,10.1759,10.9463,2.2405,2.3279,11.1936,11.6085,50.0,1,1,normal,0
IC_4660,LOT_A,W15,8.6571,9.8234,10.9748,10.9913,2.1436,2.1415,10.9327,11.0945,50.0,1,1,normal,0
IC_4661,LOT_B,W04,5.2966,6.5923,8.9223,9.3769,2.1533,2.1839,11.7538,11.9372,50.0,1,1,normal,0
IC_4662,LOT_E,W07,7.3234,9.0715,10.4651,10.9149,2.3619,2.5169,12.3766,12.6006,50.0,1,1,normal,0
IC_4663,LOT_A,W08,7.7902,9.4666,10.9445,12.3636,2.2753,2.3745,10.9531,11.2728,50.0,1,1,normal,0
IC_4664,LOT_F,W19,10.2812,12.1532,13.4115,14.972,1.5062,1.6002,13.749,14.187,50.0,1,1,normal,0
IC_4665,LOT_E,W14,9.2148,9.9826,11.6016,11.1499,1.894,1.9867,12.4057,12.5103,50.0,1,1,normal,0
IC_4666,LOT_B,W04,6.7367,7.9306,9.1451,10.2876,2.4229,2.5131,12.1025,12.0965,50.0,1,1,normal,0
IC_4667,LOT_A,W15,8.3573,10.0842,11.8866,12.9036,2.6247,2.7715,11.4222,11.5014,50.0,1,1,normal,0
IC_4668,LOT_E,W05,8.93,10.7024,12.0033,13.743,2.1468,2.2839,12.536,12.6845,50.0,1,1,normal,0
IC_4669,LOT_C,W05,12.5242,13.5489,14.7666,15.3241,2.3793,2.4219,12.2276,12.2024,50.0,1,1,normal,0
IC_4670,LOT_A,W17,9.0693,10.5133,12.0477,13.2468,2.3572,2.4977,11.3154,11.2862,50.0,1,1,normal,0
IC_4671,LOT_F,W10,9.2973,10.2662,10.9181,11.9055,2.5121,2.6134,15.2023,15.225,50.0,1,1,normal,0
IC_4672,LOT_D,W20,8.8208,10.2058,11.575,12.3406,2.3041,2.3164,11.6143,11.7735,50.0,1,1,normal,0
IC_4673,LOT_A,W05,11.3497,13.0944,14.6354,16.2713,2.5905,2.7398,11.4787,11.7149,50.0,1,1,normal,0
IC_4674,LOT_E,W07,10.6259,11.5722,12.5873,12.4878,1.9894,2.0214,12.8131,12.809,50.0,1,1,normal,0
IC_4675,LOT_F,W15,9.8248,11.5634,13.0628,13.7127,1.6607,1.7214,14.3898,14.6077,50.0,1,1,normal,0
IC_4676,LOT_D,W05,39.6913,41.8579,44.2136,45.7495,4.901,5.0382,15.1028,15.3279,50.0,1,1,latent_distribution_outlier,1
IC_4677,LOT_D,W08,8.7178,10.0263,10.6919,11.4688,2.1637,2.2239,11.9352,12.1684,50.0,1,1,normal,0
IC_4678,LOT_F,W10,9.1702,10.3654,12.1706,12.9721,1.5499,1.6582,11.9136,12.1091,50.0,1,1,normal,0
IC_4679,LOT_C,W24,13.0845,13.9396,15.2044,15.3699,2.4801,2.5428,12.885,12.8997,50.0,1,1,normal,0
IC_4680,LOT_E,W24,11.3436,12.997,14.4177,15.5223,2.4286,2.5325,12.5325,12.8375,50.0,1,1,normal,0
IC_4681,LOT_E,W17,12.2021,13.8315,14.4983,15.5825,2.3997,2.518,12.0486,12.3945,50.0,1,1,normal,0
IC_4682,LOT_F,W22,11.704,15.7088,39.0186,70.4553,2.2889,2.6191,13.2038,13.7218,50.0,1,1,early_drifter,1
IC_4683,LOT_D,W09,8.3636,9.3896,10.0483,10.1387,2.3686,2.4316,11.1673,11.1966,50.0,1,1,normal,0
IC_4684,LOT_C,W11,13.9751,15.179,16.1579,17.2058,2.9346,2.9978,12.6419,12.8383,50.0,1,1,normal,0
IC_4685,LOT_A,W21,8.5259,9.4062,10.5221,10.7555,2.6309,2.6869,11.7402,11.8015,50.0,1,1,normal,0
IC_4686,LOT_B,W11,7.5436,8.6226,9.0612,9.7415,2.3403,2.4347,11.668,11.8672,50.0,1,1,normal,0
IC_4687,LOT_F,W05,12.65,13.8748,15.1375,15.8023,2.6083,2.6473,15.1436,15.416,50.0,1,1,normal,0
IC_4688,LOT_E,W10,13.0853,14.4189,15.2873,15.908,2.3541,2.4089,14.0301,14.1389,50.0,1,1,normal,0
IC_4689,LOT_C,W01,34.5017,37.0132,39.2941,40.9289,3.9496,4.1054,17.0228,17.3349,50.0,1,1,latent_distribution_outlier,1
IC_4690,LOT_A,W03,10.8884,12.0611,13.5842,13.94,2.4755,2.5467,10.7412,10.7569,50.0,1,1,normal,0
IC_4691,LOT_D,W12,8.5765,10.252,11.9376,12.631,2.2821,2.3907,10.2657,10.3659,50.0,1,1,normal,0
IC_4692,LOT_E,W12,10.0306,10.9104,12.3115,13.5313,2.3416,2.3768,13.4304,13.4938,50.0,1,1,normal,0
IC_4693,LOT_A,W09,41.9116,42.6956,44.7719,44.5994,5.5223,5.6141,16.0908,16.0576,50.0,1,1,latent_distribution_outlier,1
IC_4694,LOT_A,W17,9.886,11.1689,12.1119,13.2831,2.2114,2.3217,11.7427,11.794,50.0,1,1,normal,0
IC_4695,LOT_A,W11,8.0545,8.6766,9.118,10.2074,2.3476,2.3796,12.942,13.0975,50.0,1,1,normal,0
IC_4696,LOT_E,W07,7.5702,8.6942,10.0476,10.7558,2.107,2.1707,13.4935,13.6112,50.0,1,1,normal,0
IC_4697,LOT_F,W06,7.9556,9.6995,11.2183,12.5091,2.0888,2.2611,12.4655,12.8026,50.0,1,1,normal,0
IC_4698,LOT_C,W07,12.7183,13.7667,14.5297,15.3983,2.2115,2.3284,12.9935,12.9248,50.0,1,1,normal,0
IC_4699,LOT_D,W02,10.7363,11.6129,12.1901,12.7151,2.715,2.76,11.3643,11.3457,50.0,1,1,normal,0
IC_4700,LOT_B,W13,8.1463,9.8022,11.5611,12.6879,2.7755,2.8942,12.2328,12.1709,50.0,1,1,normal,0
IC_4701,LOT_A,W18,9.0111,10.5372,11.9581,12.8383,2.2182,2.3191,10.8769,10.8914,50.0,1,1,normal,0
IC_4702,LOT_D,W09,11.09,12.2545,13.9057,14.96,2.7634,2.8864,11.3437,11.53,50.0,1,1,normal,0
IC_4703,LOT_F,W03,10.9727,16.2039,45.787,83.2004,2.3667,2.7197,14.5618,15.0998,50.0,1,1,early_drifter,1
IC_4704,LOT_F,W13,13.4461,14.9404,16.525,17.4041,2.5914,2.7011,13.5304,13.6584,50.0,1,1,normal,0
IC_4705,LOT_C,W13,9.9822,11.1926,11.7615,12.3662,2.1093,2.1808,11.0112,11.2034,50.0,1,1,normal,0
IC_4706,LOT_C,W02,11.8977,12.5479,13.5178,13.8774,1.8846,1.947,11.3689,11.4677,50.0,1,1,normal,0
IC_4707,LOT_D,W12,10.4215,12.0305,13.769,14.7581,2.6562,2.77,11.7249,11.7634,50.0,1,1,normal,0
IC_4708,LOT_D,W13,10.8576,12.0196,13.5581,14.6682,2.45,2.4942,11.4061,11.4244,50.0,1,1,normal,0
IC_4709,LOT_D,W10,11.4262,12.4546,13.3668,13.6539,2.5565,2.6099,11.3973,11.5273,50.0,1,1,normal,0
IC_4710,LOT_C,W16,9.2309,10.1032,11.0463,11.4863,2.2881,2.3534,11.2106,11.3572,50.0,1,1,normal,0
IC_4711,LOT_D,W22,9.0856,10.3582,10.7114,11.5035,2.3969,2.4342,12.1596,12.2179,50.0,1,1,normal,0
IC_4712,LOT_C,W01,11.2139,12.6004,13.9251,14.638,2.1784,2.2322,12.3276,12.6738,50.0,1,1,normal,0
IC_4713,LOT_F,W09,11.8793,13.1555,13.8922,14.2797,2.7044,2.8181,14.0527,14.2136,50.0,1,1,normal,0
IC_4714,LOT_B,W14,11.0628,12.4884,13.682,14.231,3.4071,3.5407,11.0738,11.4459,50.0,1,1,normal,0
IC_4715,LOT_E,W20,10.693,11.5024,12.4847,13.0398,2.5021,2.5523,11.8354,11.9359,50.0,1,1,normal,0
IC_4716,LOT_B,W23,8.4507,9.0107,10.4633,10.8627,2.4031,2.4157,11.0945,11.1926,50.0,1,1,normal,0
IC_4717,LOT_F,W04,9.7104,11.0369,12.6119,13.5994,1.7986,1.8785,12.7005,12.8597,50.0,1,1,normal,0
IC_4718,LOT_E,W20,9.3587,10.2043,11.0033,11.7145,1.5928,1.6655,12.2955,12.5273,50.0,1,1,normal,0
IC_4719,LOT_A,W23,12.4357,14.2131,15.9666,17.1461,2.7447,2.8385,11.8263,11.9552,50.0,1,1,normal,0
IC_4720,LOT_D,W02,10.1006,10.9092,11.6236,12.243,2.9125,2.987,12.1075,12.0641,50.0,1,1,normal,0
IC_4721,LOT_E,W13,9.143,10.2945,11.5881,12.794,2.1693,2.1912,11.9128,12.273,50.0,1,1,normal,0
IC_4722,LOT_E,W11,9.7005,11.2326,13.0768,13.8444,2.3657,2.4503,13.3417,13.713,50.0,1,1,normal,0
IC_4723,LOT_F,W05,69.4818,73.1451,87.0536,99.1006,6.982,7.2371,22.9538,23.3997,50.0,0,0,gross_failure,1
IC_4724,LOT_C,W06,11.8095,13.2778,15.2108,16.6623,2.1771,2.2863,11.4263,11.6178,50.0,1,1,normal,0
IC_4725,LOT_E,W24,10.112,11.1276,12.1551,12.8495,1.9798,2.0593,12.9528,13.0053,50.0,1,1,normal,0
IC_4726,LOT_C,W13,13.3832,14.5362,15.6843,16.4953,2.3205,2.4212,12.3555,12.534,50.0,1,1,normal,0
IC_4727,LOT_D,W23,10.0522,11.3862,13.2066,13.7629,2.3229,2.4536,11.7883,12.0094,50.0,1,1,normal,0
IC_4728,LOT_D,W18,11.104,12.0604,13.0894,13.3896,2.9465,2.9925,11.8268,11.9122,50.0,1,1,normal,0
IC_4729,LOT_C,W04,11.5424,16.3358,41.9865,76.2475,2.1025,2.3498,12.0305,12.5081,50.0,1,1,early_drifter,1
IC_4730,LOT_D,W03,7.74,9.1539,10.7997,11.919,2.2768,2.3758,11.702,11.9498,50.0,1,1,normal,0
IC_4731,LOT_B,W04,7.5178,9.1544,10.5663,11.4201,2.0377,2.1167,10.6607,10.9601,50.0,1,1,normal,0
IC_4732,LOT_D,W01,8.6585,9.8599,11.5696,12.7604,2.1126,2.2355,11.0734,11.269,50.0,1,1,normal,0
IC_4733,LOT_B,W22,9.1635,11.1287,12.1081,13.6341,2.5319,2.7102,11.3306,11.5591,50.0,1,1,normal,0
IC_4734,LOT_C,W05,9.6811,14.2294,39.8119,73.1566,2.1992,2.5177,11.7002,12.3772,50.0,1,1,early_drifter,1
IC_4735,LOT_F,W17,11.1575,12.5241,13.7988,14.7697,2.1719,2.2401,11.5173,11.86,50.0,1,1,normal,0
IC_4736,LOT_C,W03,12.3257,13.7561,15.3572,16.4526,2.3321,2.4352,11.8075,11.9449,50.0,1,1,normal,0
IC_4737,LOT_C,W03,11.6204,12.7941,14.3383,15.2558,2.6099,2.7073,11.3597,11.5281,50.0,1,1,normal,0
IC_4738,LOT_B,W22,59.7764,66.0208,77.4487,98.8389,6.992,7.3663,18.4038,19.2463,50.0,0,0,gross_failure,1
IC_4739,LOT_C,W08,41.7916,44.3862,45.9968,48.6901,4.486,4.5815,16.5162,16.8291,50.0,1,1,latent_distribution_outlier,1
IC_4740,LOT_E,W05,12.978,14.4947,15.7292,16.8065,2.8719,2.9585,12.4801,12.7804,50.0,1,1,normal,0
IC_4741,LOT_C,W12,33.8385,36.5125,37.9196,37.2,3.8304,3.9778,14.2268,14.5144,50.0,1,1,latent_distribution_outlier,1
IC_4742,LOT_C,W22,11.7985,12.6824,13.2529,14.1596,2.2775,2.356,11.9662,12.2447,50.0,1,1,normal,0
IC_4743,LOT_F,W03,8.5883,9.5931,10.7837,10.7165,1.5502,1.6371,11.538,11.4754,50.0,1,1,normal,0
IC_4744,LOT_E,W16,10.8009,11.9161,13.2699,13.2554,2.3371,2.3501,12.0041,12.1252,50.0,1,1,normal,0
IC_4745,LOT_E,W21,8.6577,9.5035,10.3033,10.6222,2.133,2.1802,12.1316,12.3239,50.0,1,1,normal,0
IC_4746,LOT_B,W18,9.4653,10.8374,12.4414,12.7752,2.4666,2.4959,11.0532,11.0996,50.0,1,1,normal,0
IC_4747,LOT_A,W18,6.207,7.5222,9.1002,9.8332,1.9809,2.0423,11.0535,11.3558,50.0,1,1,normal,0
IC_4748,LOT_D,W10,9.646,11.3042,12.6112,14.411,2.141,2.2176,10.1566,10.3037,50.0,1,1,normal,0
IC_4749,LOT_E,W01,11.0581,11.7193,13.359,13.2627,2.602,2.6719,12.3052,12.5542,50.0,1,1,normal,0
IC_4750,LOT_C,W19,10.3069,11.6493,12.5685,13.8252,1.7117,1.809,10.8653,11.2225,50.0,1,1,normal,0
IC_4751,LOT_E,W15,7.8948,9.2891,9.8922,11.9029,2.2859,2.3694,12.4263,12.5476,50.0,1,1,normal,0
IC_4752,LOT_E,W01,6.726,7.6209,7.6559,9.731,1.6532,1.698,12.0115,12.1539,50.0,1,1,normal,0
IC_4753,LOT_A,W23,10.3487,11.2745,11.8258,12.3783,2.3793,2.4648,11.7827,11.8035,50.0,1,1,normal,0
IC_4754,LOT_A,W10,10.2252,11.5733,12.0795,13.1836,2.2819,2.3715,11.432,11.6288,50.0,1,1,normal,0
IC_4755,LOT_A,W05,9.8991,11.1731,12.1048,13.5276,2.7963,2.8905,11.1469,11.3057,50.0,1,1,normal,0
IC_4756,LOT_B,W10,35.1303,37.0434,39.8015,40.2808,4.3646,4.4848,15.8296,16.0096,50.0,1,1,latent_distribution_outlier,1
IC_4757,LOT_D,W11,9.4317,10.697,12.352,12.6791,2.5094,2.6293,12.1359,12.2253,50.0,1,1,normal,0
IC_4758,LOT_A,W19,9.576,10.781,12.035,12.7003,2.5142,2.5425,10.6239,10.8457,50.0,1,1,normal,0
IC_4759,LOT_A,W06,9.3251,10.3226,11.1724,11.6264,2.1142,2.1144,12.1399,12.2488,50.0,1,1,normal,0
IC_4760,LOT_E,W02,12.1372,13.8382,15.0341,16.0124,2.436,2.5781,13.3165,13.5242,50.0,1,1,normal,0
IC_4761,LOT_C,W20,9.1001,10.5191,11.4078,13.2404,2.078,2.1757,10.1052,10.0985,50.0,1,1,normal,0
IC_4762,LOT_A,W10,11.9461,17.1368,46.0364,83.6993,1.9541,2.2598,11.9326,12.5284,50.0,1,1,early_drifter,1
IC_4763,LOT_D,W20,12.6837,14.3124,15.9405,16.6676,2.7079,2.8138,12.4766,12.6606,50.0,1,1,normal,0
IC_4764,LOT_B,W15,10.0754,11.2498,12.6969,13.9899,2.4948,2.5608,10.3337,10.5243,50.0,1,1,normal,0
IC_4765,LOT_B,W13,7.0297,8.248,9.9919,10.4087,2.0362,2.1525,10.4046,10.4613,50.0,1,1,normal,0
IC_4766,LOT_B,W20,6.7389,7.5795,8.2835,9.0807,2.3015,2.3737,10.5375,10.7191,50.0,1,1,normal,0
IC_4767,LOT_D,W04,9.4829,10.1053,11.057,11.4886,2.482,2.4555,11.6215,11.785,50.0,1,1,normal,0
IC_4768,LOT_C,W21,12.2067,13.6042,14.4054,15.4367,2.3107,2.3858,12.6259,12.7794,50.0,1,1,normal,0
IC_4769,LOT_B,W09,9.4254,10.4661,11.2672,12.0125,2.1735,2.1972,11.5403,11.7367,50.0,1,1,normal,0
IC_4770,LOT_E,W16,7.5584,9.0191,10.3657,11.4648,2.0533,2.1286,12.1086,12.2647,50.0,1,1,normal,0
IC_4771,LOT_F,W14,10.7836,11.7228,11.9899,13.0173,2.2025,2.239,13.9051,14.0542,50.0,1,1,normal,0
IC_4772,LOT_C,W21,13.0691,14.912,15.9612,16.6084,2.2404,2.3343,12.0847,12.3122,50.0,1,1,normal,0
IC_4773,LOT_D,W10,9.73,10.3713,11.4038,11.7354,2.3523,2.3726,11.3994,11.5491,50.0,1,1,normal,0
IC_4774,LOT_E,W15,9.4533,10.8808,12.0851,13.0483,2.4605,2.5378,11.4811,11.5721,50.0,1,1,normal,0
IC_4775,LOT_B,W07,9.9045,11.3297,12.6162,13.9231,2.4402,2.5144,12.3824,12.6795,50.0,1,1,normal,0
IC_4776,LOT_D,W02,9.5317,10.819,11.7636,12.8768,2.5442,2.6329,12.6911,12.9182,50.0,1,1,normal,0
IC_4777,LOT_A,W07,9.5381,9.9948,11.2353,11.5366,2.1905,2.209,11.9423,12.105,50.0,1,1,normal,0
IC_4778,LOT_F,W01,9.4449,10.2572,11.1359,12.1582,2.1534,2.1457,13.9785,14.0892,50.0,1,1,normal,0
IC_4779,LOT_D,W04,11.1242,12.6056,14.3652,14.9815,2.8067,2.9195,11.4657,11.7225,50.0,1,1,normal,0
IC_4780,LOT_F,W02,10.407,11.9212,12.6544,13.7603,2.4899,2.6535,13.2828,13.3693,50.0,1,1,normal,0
IC_4781,LOT_B,W09,67.4388,75.6393,83.012,105.1963,6.658,7.176,20.4164,21.3951,50.0,0,0,gross_failure,1
IC_4782,LOT_D,W13,9.507,10.3861,11.7129,12.4605,2.697,2.7512,11.5661,11.6028,50.0,1,1,normal,0
IC_4783,LOT_A,W13,9.9442,10.8858,12.6306,12.1631,2.0452,2.0889,12.0488,12.1762,50.0,1,1,normal,0
IC_4784,LOT_A,W16,8.6431,9.5231,10.2921,10.3746,2.7152,2.7831,11.4563,11.5508,50.0,1,1,normal,0
IC_4785,LOT_A,W13,11.1521,12.4442,13.5101,14.0212,2.8724,2.96,12.0442,12.0899,50.0,1,1,normal,0
IC_4786,LOT_A,W09,32.434,34.4813,36.7439,36.8919,4.3601,4.5331,15.2303,15.491,50.0,1,1,latent_distribution_outlier,1
IC_4787,LOT_E,W15,9.7638,10.7639,11.7669,12.8837,2.4798,2.5541,14.0879,14.1394,50.0,1,1,normal,0
IC_4788,LOT_C,W02,9.4605,10.2387,11.045,11.7137,1.9587,2.0307,11.9842,11.9853,50.0,1,1,normal,0
IC_4789,LOT_E,W04,11.0297,12.0476,13.3103,13.5311,2.8022,2.8462,12.0344,12.2861,50.0,1,1,normal,0
IC_4790,LOT_D,W07,9.1567,9.7779,10.7256,11.2744,2.5202,2.573,11.7974,11.6864,50.0,1,1,normal,0
IC_4791,LOT_E,W09,10.5398,14.7266,36.6912,66.7018,2.0851,2.2983,12.4678,13.0699,50.0,1,1,early_drifter,1
IC_4792,LOT_A,W07,8.4952,9.7961,10.711,11.7061,2.4018,2.4968,11.4413,11.5948,50.0,1,1,normal,0
IC_4793,LOT_F,W06,12.1989,13.6425,14.6082,15.7519,2.5632,2.6199,12.209,12.3663,50.0,1,1,normal,0
IC_4794,LOT_E,W04,7.9921,9.1098,10.6951,11.5454,1.9243,1.9765,12.0421,12.1444,50.0,1,1,normal,0
IC_4795,LOT_F,W09,13.3025,14.1932,15.5416,16.141,2.3606,2.3874,13.1108,13.1211,50.0,1,1,normal,0
IC_4796,LOT_B,W22,8.6809,10.0951,11.302,12.6495,2.5153,2.5972,11.9166,12.2208,50.0,1,1,normal,0
IC_4797,LOT_D,W19,35.2918,36.449,37.2918,38.6426,4.4102,4.5043,15.8003,15.9108,50.0,1,1,latent_distribution_outlier,1
IC_4798,LOT_A,W21,13.7534,14.7085,15.8757,17.2205,2.893,2.9635,11.9262,11.9322,50.0,1,1,normal,0
IC_4799,LOT_D,W05,10.3381,11.1817,12.0772,12.4454,2.5128,2.5901,11.2959,11.2093,50.0,1,1,normal,0
IC_4800,LOT_B,W24,8.2203,9.8737,11.0907,12.5456,2.3848,2.4929,11.0716,11.2115,50.0,1,1,normal,0
IC_4801,LOT_A,W16,10.6958,12.3635,14.1846,15.1294,2.3032,2.4045,10.7825,10.9303,50.0,1,1,normal,0
IC_4802,LOT_E,W17,9.5785,10.5952,11.9737,12.5808,2.3081,2.3923,13.4852,13.6079,50.0,1,1,normal,0
IC_4803,LOT_E,W07,11.1176,12.5898,14.5713,14.6556,2.1429,2.2146,13.6436,13.8845,50.0,1,1,normal,0
IC_4804,LOT_F,W06,10.4174,11.3776,12.094,13.3255,2.1501,2.2364,12.7037,12.8726,50.0,1,1,normal,0
IC_4805,LOT_B,W08,9.1079,10.4786,11.2417,12.5068,2.5941,2.7205,10.8621,10.9597,50.0,1,1,normal,0
IC_4806,LOT_C,W22,10.3637,11.1707,12.2819,12.2075,2.1807,2.1753,10.9291,11.0238,50.0,1,1,normal,0
IC_4807,LOT_D,W23,11.3617,12.8722,14.1956,15.098,2.5426,2.5733,10.6921,10.9759,50.0,1,1,normal,0
IC_4808,LOT_E,W11,13.8333,15.2264,17.2843,18.1119,1.8416,1.9018,12.9444,13.0369,50.0,1,1,normal,0
IC_4809,LOT_C,W22,11.6032,12.5173,13.4176,14.1597,2.5623,2.6082,10.9492,10.943,50.0,1,1,normal,0
IC_4810,LOT_F,W01,12.92,14.0282,14.9586,15.8863,2.057,2.1338,15.9468,16.1736,50.0,1,1,normal,0
IC_4811,LOT_B,W12,8.1756,9.9797,11.5915,12.1745,2.2251,2.3603,12.8812,13.0376,50.0,1,1,normal,0
IC_4812,LOT_F,W16,10.0934,10.8046,12.1304,12.3881,1.8416,1.8828,12.5917,12.5775,50.0,1,1,normal,0
IC_4813,LOT_D,W11,9.5381,11.2054,11.9588,13.5642,2.7406,2.8436,12.7018,12.7427,50.0,1,1,normal,0
IC_4814,LOT_D,W04,10.4488,11.9299,13.213,15.1906,2.1245,2.2168,11.8151,11.9048,50.0,1,1,normal,0
IC_4815,LOT_B,W23,10.5294,16.8501,52.5241,99.7153,2.487,2.8323,11.0776,11.9575,50.0,1,1,early_drifter,1
IC_4816,LOT_E,W08,7.1008,8.2123,9.5584,10.5302,1.8963,1.9596,11.0033,10.8961,50.0,1,1,normal,0
IC_4817,LOT_E,W19,9.4914,11.018,12.9186,13.5727,2.2759,2.4399,12.1123,12.3444,50.0,1,1,normal,0
IC_4818,LOT_E,W13,40.2046,41.7974,44.0779,46.6956,4.7914,4.8761,18.4902,18.6306,50.0,1,1,latent_distribution_outlier,1
IC_4819,LOT_E,W05,8.3111,9.3986,10.3705,11.0932,1.8651,2.0241,11.7869,11.9236,50.0,1,1,normal,0
IC_4820,LOT_F,W03,11.4407,13.2059,14.2947,15.6459,1.9542,2.0433,13.2372,13.5353,50.0,1,1,normal,0
IC_4821,LOT_B,W04,9.2254,10.3701,11.0795,12.6514,2.4807,2.5475,11.9764,11.9241,50.0,1,1,normal,0
IC_4822,LOT_A,W02,8.8,10.6909,12.6217,13.543,2.7313,2.8408,11.7377,11.924,50.0,1,1,normal,0
IC_4823,LOT_D,W04,9.382,10.9464,11.9523,13.0716,2.493,2.5562,11.4445,11.7294,50.0,1,1,normal,0
IC_4824,LOT_F,W01,8.5014,9.7663,11.0357,12.2114,1.9826,2.0669,12.3591,12.3802,50.0,1,1,normal,0
IC_4825,LOT_B,W04,7.3301,8.66,9.6601,10.3062,2.3234,2.3918,9.938,10.1019,50.0,1,1,normal,0
IC_4826,LOT_F,W02,10.7588,15.239,37.2431,68.1543,2.1816,2.4274,12.0966,12.5399,50.0,1,1,early_drifter,1
IC_4827,LOT_E,W24,10.8479,12.3853,13.5918,14.6064,2.3515,2.4694,12.2294,12.3434,50.0,1,1,normal,0
IC_4828,LOT_F,W15,9.5551,10.8517,11.3991,12.4937,2.1996,2.2776,13.3395,13.6345,50.0,1,1,normal,0
IC_4829,LOT_F,W04,9.4217,10.3314,11.6235,12.1386,2.1816,2.2108,13.2417,13.3989,50.0,1,1,normal,0
IC_4830,LOT_C,W02,10.8315,12.4434,13.5004,14.172,2.1257,2.2511,11.5358,11.8217,50.0,1,1,normal,0
IC_4831,LOT_E,W11,13.0726,14.5658,16.3232,16.9517,1.9917,2.0927,13.123,13.1136,50.0,1,1,normal,0
IC_4832,LOT_A,W21,10.9136,15.2723,38.5315,71.8906,2.3145,2.6373,12.6521,13.2213,50.0,1,1,early_drifter,1
IC_4833,LOT_B,W22,5.2575,6.6639,8.0348,8.7798,2.4211,2.4628,9.9577,10.1537,50.0,1,1,normal,0
IC_4834,LOT_B,W03,66.2837,75.4533,82.4794,92.5481,7.1296,7.6808,17.7681,18.7785,50.0,0,0,gross_failure,1
IC_4835,LOT_A,W09,11.828,13.2653,13.7441,14.5416,2.8754,2.9823,12.2438,12.6191,50.0,1,1,normal,0
IC_4836,LOT_D,W17,10.9557,11.5909,12.06,12.2226,2.5221,2.555,13.3377,13.4292,50.0,1,1,normal,0
IC_4837,LOT_D,W22,8.1512,9.3504,10.3134,10.5452,2.2523,2.3041,11.9699,11.9493,50.0,1,1,normal,0
IC_4838,LOT_D,W17,9.561,11.2792,12.675,14.2705,2.6185,2.7271,11.434,11.6294,50.0,1,1,normal,0
IC_4839,LOT_B,W21,9.2219,10.4618,11.1314,11.7761,2.5929,2.7005,12.9038,12.9427,50.0,1,1,normal,0
IC_4840,LOT_C,W22,9.3289,10.2293,10.7816,11.2523,1.799,1.8606,11.1954,11.3531,50.0,1,1,normal,0
IC_4841,LOT_C,W04,12.178,13.0465,13.3586,14.1079,2.241,2.3044,13.0857,13.2359,50.0,1,1,normal,0
IC_4842,LOT_E,W07,12.3556,13.7159,15.2348,15.3221,2.3908,2.4451,13.0223,13.2121,50.0,1,1,normal,0
IC_4843,LOT_D,W11,12.2402,13.1721,14.1667,15.0474,2.7782,2.8333,12.1951,12.0971,50.0,1,1,normal,0
IC_4844,LOT_B,W11,7.9627,8.9342,9.9425,11.1314,2.2804,2.3547,11.1955,11.1935,50.0,1,1,normal,0
IC_4845,LOT_F,W11,10.0249,11.016,11.5736,12.8412,1.8779,1.9179,13.1103,13.3033,50.0,1,1,normal,0
IC_4846,LOT_E,W20,11.4217,12.616,14.1629,13.957,2.3249,2.4429,12.0076,12.1988,50.0,1,1,normal,0
IC_4847,LOT_B,W23,6.5925,7.921,8.5614,9.7226,2.4343,2.4864,9.7367,9.8788,50.0,1,1,normal,0
IC_4848,LOT_F,W12,10.8176,11.7168,12.6373,13.3109,2.3828,2.4551,14.8736,15.0125,50.0,1,1,normal,0
IC_4849,LOT_F,W16,41.4296,42.6236,44.5285,44.8119,4.4643,4.5264,18.3721,18.4458,50.0,1,1,latent_distribution_outlier,1
IC_4850,LOT_F,W23,10.7023,12.231,13.9256,14.7342,3.1411,3.2501,13.9527,14.1727,50.0,1,1,normal,0
IC_4851,LOT_A,W10,8.1143,9.1608,10.4959,10.5256,2.3956,2.3688,9.2844,9.514,50.0,1,1,normal,0
IC_4852,LOT_F,W24,9.1407,10.0211,10.9879,11.6623,1.9722,2.0343,13.1398,13.117,50.0,1,1,normal,0
IC_4853,LOT_A,W12,9.4018,10.7102,12.1801,12.9714,2.2715,2.3735,10.58,10.7965,50.0,1,1,normal,0
IC_4854,LOT_A,W21,11.9442,13.1544,14.7306,15.0059,2.4954,2.5668,11.0251,11.305,50.0,1,1,normal,0
IC_4855,LOT_A,W01,32.0494,34.347,36.0647,36.956,4.1411,4.2617,14.984,15.2723,50.0,1,1,latent_distribution_outlier,1
IC_4856,LOT_D,W16,11.086,12.6068,13.9018,15.3622,2.6007,2.6723,11.921,12.0281,50.0,1,1,normal,0
IC_4857,LOT_D,W17,11.133,12.6802,13.9024,15.0515,2.7361,2.809,12.4389,12.7375,50.0,1,1,normal,0
IC_4858,LOT_D,W04,10.1435,11.7634,13.8541,14.3533,2.5933,2.7097,12.7816,12.8787,50.0,1,1,normal,0
IC_4859,LOT_D,W11,10.1181,11.2222,12.2138,13.4292,2.4577,2.524,11.5042,11.616,50.0,1,1,normal,0
IC_4860,LOT_D,W09,10.1076,14.8175,40.1373,77.2712,2.7877,3.0669,11.4748,11.8677,50.0,1,1,early_drifter,1
IC_4861,LOT_C,W13,12.6019,14.2572,16.1176,16.0007,2.2364,2.3131,13.2774,13.549,50.0,1,1,normal,0
IC_4862,LOT_E,W06,7.1924,8.4839,9.4827,10.5951,1.7316,1.7802,12.3767,12.5506,50.0,1,1,normal,0
IC_4863,LOT_D,W11,10.7711,11.4787,12.3504,13.3532,2.36,2.3734,12.4526,12.4193,50.0,1,1,normal,0
IC_4864,LOT_F,W08,11.0274,11.8287,12.5524,12.5172,2.6497,2.6613,14.3348,14.7186,50.0,1,1,normal,0
IC_4865,LOT_D,W13,41.0166,43.0824,45.5682,47.2535,4.7238,4.8238,15.2487,15.5712,50.0,1,1,latent_distribution_outlier,1
IC_4866,LOT_E,W06,8.9018,9.8704,11.9916,12.1776,2.3438,2.3727,12.5626,12.6214,50.0,1,1,normal,0
IC_4867,LOT_C,W18,9.226,10.4323,10.739,11.3276,1.7846,1.8704,11.4925,11.8173,50.0,1,1,normal,0
IC_4868,LOT_F,W20,10.8283,12.3501,14.0676,15.0868,1.6575,1.76,12.528,12.6185,50.0,1,1,normal,0
IC_4869,LOT_B,W04,84.7825,94.2145,112.6371,128.6672,8.8365,9.3839,24.1644,25.3981,50.0,0,0,gross_failure,1
IC_4870,LOT_E,W13,7.2043,8.4201,9.7193,11.0327,2.2555,2.31,11.5589,11.7756,50.0,1,1,normal,0
IC_4871,LOT_A,W21,8.6704,10.016,11.5891,12.2505,2.1639,2.2654,11.2778,11.4481,50.0,1,1,normal,0
IC_4872,LOT_A,W22,13.683,15.3012,16.8989,18.0,2.558,2.6347,11.0722,11.38,50.0,1,1,normal,0
IC_4873,LOT_E,W20,10.0306,12.0332,13.3347,14.3906,2.2192,2.3262,11.804,12.0054,50.0,1,1,normal,0
IC_4874,LOT_D,W05,9.4238,10.6399,11.5618,12.6634,2.5512,2.6353,11.4413,11.5856,50.0,1,1,normal,0
IC_4875,LOT_D,W17,9.9375,11.2552,12.6537,13.4987,2.6576,2.7917,12.1576,12.3264,50.0,1,1,normal,0
IC_4876,LOT_E,W10,11.4936,13.0165,14.6025,15.7382,2.2312,2.3546,12.2454,12.4649,50.0,1,1,normal,0
IC_4877,LOT_B,W05,10.1424,12.3146,13.0034,14.0727,2.7795,2.9115,10.9424,11.1672,50.0,1,1,normal,0
IC_4878,LOT_D,W18,7.38,8.2914,9.8182,9.5195,2.2101,2.2398,11.458,11.5901,50.0,1,1,normal,0
IC_4879,LOT_E,W18,7.446,8.8994,10.8232,12.2437,1.8391,1.9561,11.9221,12.1313,50.0,1,1,normal,0
IC_4880,LOT_B,W02,7.814,9.0998,10.4901,11.8662,2.3547,2.4257,9.6368,9.8901,50.0,1,1,normal,0
IC_4881,LOT_B,W01,8.039,9.7226,11.2135,12.6152,2.3346,2.4644,11.3375,11.6056,50.0,1,1,normal,0
IC_4882,LOT_F,W03,9.6954,10.9002,12.2038,13.6161,1.9564,2.086,13.9318,13.9936,50.0,1,1,normal,0
IC_4883,LOT_C,W11,12.1089,12.8849,13.8155,13.8993,2.7037,2.7452,11.5418,11.649,50.0,1,1,normal,0
IC_4884,LOT_A,W10,9.9914,11.5749,13.1034,13.6293,2.2406,2.3171,11.1146,11.1037,50.0,1,1,normal,0
IC_4885,LOT_A,W13,9.804,10.982,11.8187,13.1442,2.0956,2.1589,12.782,12.7266,50.0,1,1,normal,0
IC_4886,LOT_D,W20,8.7456,9.2742,10.0171,11.3895,2.1396,2.1623,12.3418,12.416,50.0,1,1,normal,0
IC_4887,LOT_A,W22,7.6899,9.0618,10.6392,10.3983,2.4874,2.5969,12.7401,12.9197,50.0,1,1,normal,0
IC_4888,LOT_F,W02,12.0698,13.3721,13.7337,15.0432,2.1527,2.2473,13.4434,13.7448,50.0,1,1,normal,0
IC_4889,LOT_B,W22,9.6363,11.1307,13.1224,14.2484,2.8082,2.9073,11.2801,11.3104,50.0,1,1,normal,0
IC_4890,LOT_C,W24,11.0916,12.0656,13.5849,13.4874,2.2519,2.3169,12.3419,12.6399,50.0,1,1,normal,0
IC_4891,LOT_B,W18,7.5386,8.6367,10.2432,10.8622,2.68,2.7616,10.821,10.9905,50.0,1,1,normal,0
IC_4892,LOT_B,W01,7.9639,9.6132,11.3966,12.443,2.1549,2.2131,10.4694,10.6563,50.0,1,1,normal,0
IC_4893,LOT_B,W04,8.5466,10.0173,11.3994,12.0204,2.4568,2.5133,11.4329,11.3257,50.0,1,1,normal,0
IC_4894,LOT_A,W11,10.5981,12.0825,13.873,14.8883,2.4548,2.541,11.4511,11.6417,50.0,1,1,normal,0
IC_4895,LOT_A,W04,8.9885,10.3363,11.2593,13.0354,2.1298,2.1941,11.7691,12.0328,50.0,1,1,normal,0
IC_4896,LOT_E,W16,8.8406,9.8798,10.5206,11.0505,1.6979,1.7545,12.0508,12.218,50.0,1,1,normal,0
IC_4897,LOT_B,W13,11.8021,13.192,14.687,15.5527,2.8395,2.9228,11.6071,11.8859,50.0,1,1,normal,0
IC_4898,LOT_C,W23,10.3638,11.3649,12.9956,13.5289,1.7505,1.7938,10.2186,10.3402,50.0,1,1,normal,0
IC_4899,LOT_F,W06,10.4151,11.0768,11.8157,12.3326,2.2359,2.2374,14.2761,14.2433,50.0,1,1,normal,0
IC_4900,LOT_F,W07,13.5742,14.9441,16.6656,17.3685,2.7486,2.8758,14.0279,14.2913,50.0,1,1,normal,0
IC_4901,LOT_D,W21,10.9502,12.1685,13.015,13.4271,2.3739,2.39,12.2316,12.3941,50.0,1,1,normal,0
IC_4902,LOT_E,W08,8.0231,8.7598,9.4908,11.5813,1.8623,1.8627,12.1808,12.2204,50.0,1,1,normal,0
IC_4903,LOT_C,W18,12.9222,13.886,14.041,14.3131,1.8843,1.9745,10.9091,11.1206,50.0,1,1,normal,0
IC_4904,LOT_A,W24,8.8372,10.0936,11.6055,12.5125,2.3821,2.4693,11.2887,11.4716,50.0,1,1,normal,0
IC_4905,LOT_F,W13,37.9826,39.0117,40.378,40.4271,4.3273,4.3893,15.8323,15.9846,50.0,1,1,latent_distribution_outlier,1
IC_4906,LOT_B,W14,9.2822,10.6009,12.272,13.064,2.4254,2.4705,12.1815,12.2686,50.0,1,1,normal,0
IC_4907,LOT_D,W24,10.0446,10.8485,12.238,12.4053,2.5284,2.5943,13.3461,13.4459,50.0,1,1,normal,0
IC_4908,LOT_D,W14,11.1085,11.9208,13.4973,14.6808,2.3164,2.3868,11.4038,11.463,50.0,1,1,normal,0
IC_4909,LOT_A,W12,5.0673,6.4118,6.7086,8.1217,1.9685,2.0395,10.8673,10.9803,50.0,1,1,normal,0
IC_4910,LOT_E,W16,11.4272,12.4068,13.3757,13.1659,2.2868,2.3851,13.039,13.2729,50.0,1,1,normal,0
IC_4911,LOT_B,W19,7.8333,9.3598,10.7099,11.7236,2.3115,2.3596,12.4998,12.7486,50.0,1,1,normal,0
IC_4912,LOT_B,W18,9.5641,11.0435,12.5309,12.9221,2.8632,2.9545,10.957,11.1549,50.0,1,1,normal,0
IC_4913,LOT_D,W15,9.0559,10.2938,10.9586,11.7554,2.2745,2.3314,12.4662,12.8111,50.0,1,1,normal,0
IC_4914,LOT_E,W18,10.8107,12.527,13.9645,14.6399,2.1371,2.195,12.103,12.2697,50.0,1,1,normal,0
IC_4915,LOT_A,W10,7.3936,9.0073,10.6422,12.4043,2.3634,2.465,10.6601,10.9065,50.0,1,1,normal,0
IC_4916,LOT_A,W18,11.1318,12.81,14.3868,15.7481,2.8601,2.97,11.0733,11.3066,50.0,1,1,normal,0
IC_4917,LOT_D,W06,10.1386,11.2623,12.1612,13.3424,2.589,2.6834,12.2842,12.5244,50.0,1,1,normal,0
IC_4918,LOT_C,W09,12.2938,13.8078,15.1989,16.1256,2.0762,2.189,11.5,11.6422,50.0,1,1,normal,0
IC_4919,LOT_B,W24,11.3894,15.3022,37.1514,63.0799,2.7649,3.0307,10.2743,10.5854,50.0,1,1,early_drifter,1
IC_4920,LOT_A,W19,12.931,14.3092,15.4651,16.206,2.6972,2.8397,13.2229,13.438,50.0,1,1,normal,0
IC_4921,LOT_D,W23,8.8074,10.8,11.8822,13.1001,2.7325,2.8259,9.4331,9.6454,50.0,1,1,normal,0
IC_4922,LOT_B,W13,6.9355,8.8062,10.238,11.8646,2.3481,2.4687,10.6723,10.7736,50.0,1,1,normal,0
IC_4923,LOT_D,W09,10.4903,11.925,12.8522,14.2495,2.6385,2.7427,12.317,12.552,50.0,1,1,normal,0
IC_4924,LOT_A,W04,11.5564,12.6388,14.1766,14.8344,2.5248,2.6134,11.5128,11.5913,50.0,1,1,normal,0
IC_4925,LOT_D,W20,11.2636,11.9263,13.1837,14.0586,2.5429,2.5871,10.7802,10.8553,50.0,1,1,normal,0
IC_4926,LOT_E,W10,12.3315,13.8998,14.859,15.5428,2.6431,2.7051,14.4739,14.472,50.0,1,1,normal,0
IC_4927,LOT_A,W11,12.0491,12.9336,13.8393,14.5757,2.7425,2.8218,11.4047,11.4368,50.0,1,1,normal,0
IC_4928,LOT_F,W05,10.8869,11.9803,13.4118,14.5781,1.5006,1.5459,12.7962,12.9846,50.0,1,1,normal,0
IC_4929,LOT_D,W02,10.8817,12.205,12.9102,14.1097,2.4093,2.5045,12.1922,12.3717,50.0,1,1,normal,0
IC_4930,LOT_C,W06,11.1647,15.3274,37.9763,68.5906,1.9187,2.1523,11.9859,12.3938,50.0,1,1,early_drifter,1
IC_4931,LOT_E,W24,11.1063,12.027,12.8453,13.1513,2.0988,2.1323,13.6555,13.7295,50.0,1,1,normal,0
IC_4932,LOT_C,W14,10.7026,12.3222,13.6963,14.9725,2.2972,2.3991,12.1497,12.4352,50.0,1,1,normal,0
IC_4933,LOT_C,W12,11.4396,12.3622,13.3199,14.1209,2.3851,2.449,11.6745,11.8203,50.0,1,1,normal,0
IC_4934,LOT_B,W20,10.8459,12.4039,14.2575,14.887,2.5411,2.6611,10.7611,10.8721,50.0,1,1,normal,0
IC_4935,LOT_E,W03,8.7209,10.2812,11.7776,12.106,2.4295,2.5149,13.109,13.2303,50.0,1,1,normal,0
IC_4936,LOT_F,W07,11.9373,13.2533,15.2228,16.0105,2.263,2.3572,14.3218,14.4666,50.0,1,1,normal,0
IC_4937,LOT_B,W16,36.4857,37.564,37.7912,38.5585,4.9795,5.0346,14.954,15.1369,50.0,1,1,latent_distribution_outlier,1
IC_4938,LOT_D,W06,10.0187,10.9942,11.844,13.2403,2.0934,2.1485,11.4618,11.4888,50.0,1,1,normal,0
IC_4939,LOT_B,W02,40.87,42.8698,45.1918,47.0802,5.1457,5.264,15.7824,15.9584,50.0,1,1,latent_distribution_outlier,1
IC_4940,LOT_E,W06,10.7402,12.1867,13.1092,14.0919,2.0781,2.202,12.5483,12.6398,50.0,1,1,normal,0
IC_4941,LOT_E,W14,8.7698,10.1456,11.7401,12.967,2.4907,2.5779,12.29,12.5126,50.0,1,1,normal,0
IC_4942,LOT_F,W05,9.6697,11.032,12.0284,12.7263,2.0185,2.1323,13.256,13.5091,50.0,1,1,normal,0
IC_4943,LOT_B,W19,12.0322,13.1216,14.3076,14.7588,2.946,3.0175,11.1119,11.1305,50.0,1,1,normal,0
IC_4944,LOT_C,W09,13.9085,14.9834,16.5573,17.0383,2.8961,2.963,11.1924,11.365,50.0,1,1,normal,0
IC_4945,LOT_B,W15,11.9493,13.4498,14.7783,15.8401,2.6262,2.7278,12.0066,12.2513,50.0,1,1,normal,0
IC_4946,LOT_C,W02,9.6172,10.649,12.4018,12.3564,2.0278,2.0938,11.6403,11.9977,50.0,1,1,normal,0
IC_4947,LOT_C,W16,12.6844,13.7048,14.3454,14.8728,2.2344,2.2546,11.4426,11.7205,50.0,1,1,normal,0
IC_4948,LOT_A,W17,10.969,12.5792,13.8578,15.3244,2.7712,2.8831,10.8369,11.0004,50.0,1,1,normal,0
IC_4949,LOT_B,W22,8.7293,13.2934,38.3951,72.1036,2.7081,3.0285,10.6489,11.3635,50.0,1,1,early_drifter,1
IC_4950,LOT_E,W03,8.8758,9.7205,10.0325,11.1676,2.052,2.008,13.3215,13.4166,50.0,1,1,normal,0
IC_4951,LOT_D,W14,11.1354,13.1143,13.8297,15.3079,2.7697,2.8118,11.3531,11.4296,50.0,1,1,normal,0
IC_4952,LOT_D,W24,9.4302,10.9903,11.8791,12.4457,2.3405,2.4377,11.7273,11.9271,50.0,1,1,normal,0
IC_4953,LOT_A,W01,8.9384,10.3285,12.4854,12.7754,2.7605,2.8084,11.3431,11.5671,50.0,1,1,normal,0
IC_4954,LOT_E,W07,9.4424,10.4143,11.898,12.4702,2.5024,2.5789,12.0673,12.2514,50.0,1,1,normal,0
IC_4955,LOT_B,W18,9.2074,10.4709,12.2597,13.2014,2.5289,2.6749,11.4472,11.704,50.0,1,1,normal,0
IC_4956,LOT_C,W24,11.3265,12.6517,14.3299,15.0555,2.3215,2.4336,12.6009,12.773,50.0,1,1,normal,0
IC_4957,LOT_C,W13,14.0187,15.8175,17.3692,18.4249,2.7306,2.8762,11.9766,12.1033,50.0,1,1,normal,0
IC_4958,LOT_B,W12,9.316,10.1836,11.5702,11.8829,2.541,2.5759,12.5152,12.5235,50.0,1,1,normal,0
IC_4959,LOT_C,W23,11.0106,12.5979,14.1868,15.9888,2.1969,2.3384,11.1263,11.1628,50.0,1,1,normal,0
IC_4960,LOT_F,W15,9.6205,10.4795,11.4127,12.5985,2.3302,2.3031,13.3901,13.4363,50.0,1,1,normal,0
IC_4961,LOT_A,W17,4.7901,6.0482,7.1974,8.2493,2.2686,2.3518,11.0671,11.0983,50.0,1,1,normal,0
IC_4962,LOT_A,W15,7.6633,8.6389,9.0293,10.8592,2.2271,2.3142,11.0489,11.3074,50.0,1,1,normal,0
IC_4963,LOT_C,W07,9.8701,10.9734,12.648,12.4683,2.3854,2.3914,12.1287,12.1245,50.0,1,1,normal,0
IC_4964,LOT_D,W08,9.7152,10.4484,11.0795,11.794,2.2057,2.2041,11.3417,11.5427,50.0,1,1,normal,0
IC_4965,LOT_F,W12,10.0844,11.0518,11.5218,12.5825,2.0852,2.1169,13.6085,13.8063,50.0,1,1,normal,0
IC_4966,LOT_E,W07,11.9068,12.7383,13.8281,15.0132,2.1293,2.238,12.1397,12.243,50.0,1,1,normal,0
IC_4967,LOT_F,W14,9.3241,10.1599,10.0092,11.5994,1.6985,1.7821,13.9702,14.2924,50.0,1,1,normal,0
IC_4968,LOT_E,W22,10.935,12.7324,13.9574,14.5831,2.5576,2.6641,12.5077,12.6064,50.0,1,1,normal,0
IC_4969,LOT_F,W02,12.2154,13.7449,15.3302,16.4362,2.0732,2.1849,13.2528,13.4309,50.0,1,1,normal,0
IC_4970,LOT_C,W16,12.1956,13.6794,15.1227,16.6168,2.1131,2.2283,10.5997,10.8494,50.0,1,1,normal,0
IC_4971,LOT_A,W10,12.9331,14.5326,15.616,16.4719,2.8187,2.9551,11.6818,11.9911,50.0,1,1,normal,0
IC_4972,LOT_F,W11,10.9689,12.1871,13.0089,13.6884,1.9664,2.076,14.1482,14.4607,50.0,1,1,normal,0
IC_4973,LOT_F,W03,11.6602,12.6136,13.3583,13.8388,2.2773,2.3486,11.617,11.7953,50.0,1,1,normal,0
IC_4974,LOT_D,W17,10.5086,12.0606,13.5497,14.2579,2.2783,2.3841,11.9124,11.9669,50.0,1,1,normal,0
IC_4975,LOT_A,W19,7.0502,12.6167,42.4894,83.599,2.1479,2.4985,11.4547,12.3789,50.0,1,1,early_drifter,1
IC_4976,LOT_A,W01,41.3504,42.8449,43.4076,44.0887,4.9372,4.9924,16.0942,16.4575,50.0,1,1,latent_distribution_outlier,1
IC_4977,LOT_F,W07,11.4499,12.8893,13.7948,14.6337,1.826,1.8789,12.9203,12.9349,50.0,1,1,normal,0
IC_4978,LOT_D,W15,10.2103,11.5773,13.1475,14.3503,2.5469,2.6254,10.6856,10.6518,50.0,1,1,normal,0
IC_4979,LOT_B,W22,8.1389,9.5079,11.2565,12.3778,2.3323,2.4593,10.4962,10.838,50.0,1,1,normal,0
IC_4980,LOT_B,W12,10.4758,11.8838,13.1428,13.5061,2.3194,2.4104,9.3624,9.487,50.0,1,1,normal,0
IC_4981,LOT_C,W03,10.8795,12.215,13.0876,14.3682,2.1061,2.2361,11.6105,11.7783,50.0,1,1,normal,0
IC_4982,LOT_B,W10,6.9205,8.1607,9.4273,11.009,2.2334,2.3145,12.5147,12.6406,50.0,1,1,normal,0
IC_4983,LOT_F,W16,13.0557,14.0616,15.311,16.5661,2.9768,3.1153,12.9492,13.1814,50.0,1,1,normal,0
IC_4984,LOT_F,W21,11.2736,12.2216,12.7796,13.5436,1.7107,1.7512,13.4032,13.4863,50.0,1,1,normal,0
IC_4985,LOT_A,W23,8.7101,9.9204,11.5985,12.0753,2.3895,2.4022,10.9182,11.03,50.0,1,1,normal,0
IC_4986,LOT_E,W15,9.7947,11.1143,12.6346,13.6122,2.2575,2.3233,12.1187,12.425,50.0,1,1,normal,0
IC_4987,LOT_F,W11,10.9776,11.9204,12.8663,13.357,1.7357,1.7395,13.1551,13.3663,50.0,1,1,normal,0
IC_4988,LOT_F,W22,8.6168,9.9642,11.5819,11.2623,2.1835,2.269,12.098,12.2196,50.0,1,1,normal,0
IC_4989,LOT_D,W15,10.7007,11.3792,12.689,12.9308,2.6594,2.7011,11.4451,11.5149,50.0,1,1,normal,0
IC_4990,LOT_C,W23,10.5604,15.5978,43.765,82.0277,2.0233,2.2819,12.1714,12.715,50.0,1,1,early_drifter,1
IC_4991,LOT_B,W10,9.8375,13.135,32.3237,58.9774,2.582,2.7009,10.5383,10.9188,50.0,1,1,early_drifter,1
IC_4992,LOT_C,W14,44.9049,46.8874,49.575,50.5493,5.0809,5.1735,17.4332,17.6539,50.0,1,1,latent_distribution_outlier,1
IC_4993,LOT_C,W12,12.6471,13.8341,15.5232,16.1341,1.9766,2.1059,12.0901,12.2104,50.0,1,1,normal,0
IC_4994,LOT_A,W21,9.1136,10.4973,11.9053,12.1085,2.2518,2.329,11.2919,11.3666,50.0,1,1,normal,0
IC_4995,LOT_C,W06,13.2567,19.0198,51.2091,92.8452,2.3967,2.7332,10.7264,11.442,50.0,1,1,early_drifter,1
IC_4996,LOT_C,W05,11.6872,12.8441,13.6381,14.6516,2.3372,2.3383,10.9037,11.1698,50.0,1,1,normal,0
IC_4997,LOT_D,W06,8.8638,9.7626,11.025,11.1276,2.4171,2.4298,13.3868,13.4364,50.0,1,1,normal,0
IC_4998,LOT_F,W17,13.1475,14.5166,15.6383,17.3465,2.2773,2.3391,14.8313,14.9787,50.0,1,1,normal,0
IC_4999,LOT_B,W24,10.4838,11.395,12.6865,13.6406,2.8727,2.919,10.0522,10.2714,50.0,1,1,normal,0
IC_5000,LOT_F,W02,10.7528,11.9626,13.4087,13.8993,2.7051,2.7752,13.6865,13.7125,50.0,1,1,normal,0
IC_5001,LOT_A,W06,10.6614,11.7978,13.1603,13.9195,2.8614,2.9225,10.2108,10.2761,50.0,1,1,normal,0
IC_5002,LOT_F,W06,13.7366,14.799,16.0286,16.2272,2.5744,2.6394,14.046,14.1429,50.0,1,1,normal,0
IC_5003,LOT_C,W17,9.7729,11.6009,12.9901,14.1653,2.2477,2.3445,11.4588,11.6915,50.0,1,1,normal,0
IC_5004,LOT_F,W22,10.865,13.997,29.939,52.3492,1.7761,1.9341,13.6151,14.0621,50.0,1,1,early_drifter,1
IC_5005,LOT_A,W18,6.5648,7.5051,8.2376,9.1719,2.2652,2.3455,11.6316,11.7248,50.0,1,1,normal,0
IC_5006,LOT_E,W07,10.3884,11.8501,13.4274,14.4207,2.1214,2.2076,12.3222,12.527,50.0,1,1,normal,0
IC_5007,LOT_C,W21,9.8467,11.0578,12.5463,13.0638,2.1287,2.1616,10.9139,10.951,50.0,1,1,normal,0
IC_5008,LOT_C,W02,9.5971,10.6747,11.4644,12.3906,2.008,2.0752,10.4343,10.6392,50.0,1,1,normal,0
IC_5009,LOT_B,W19,7.3034,8.6802,10.0937,11.1791,2.3269,2.3954,12.1481,12.3539,50.0,1,1,normal,0
IC_5010,LOT_F,W12,11.9652,13.6269,14.8475,15.4127,2.0309,2.0987,13.943,14.1885,50.0,1,1,normal,0
IC_5011,LOT_E,W21,9.2793,10.4367,12.0034,12.1099,1.9467,1.942,12.1574,12.275,50.0,1,1,normal,0
IC_5012,LOT_E,W02,9.9752,10.7362,11.5393,12.4028,2.5045,2.5882,11.9024,12.1132,50.0,1,1,normal,0
IC_5013,LOT_E,W08,9.8071,11.0501,12.6627,13.8027,2.5106,2.5596,11.5679,11.8023,50.0,1,1,normal,0
IC_5014,LOT_B,W20,8.4012,9.9741,11.6424,12.4942,2.4799,2.5787,10.396,10.7888,50.0,1,1,normal,0
IC_5015,LOT_B,W12,12.3622,13.4265,14.7153,14.9097,3.1444,3.173,12.4035,12.5186,50.0,1,1,normal,0
IC_5016,LOT_F,W03,10.718,11.7256,12.5487,13.5305,2.5947,2.6701,14.5797,14.776,50.0,1,1,normal,0
IC_5017,LOT_D,W14,11.5341,17.4658,51.0365,94.8515,2.5081,2.9112,12.7833,13.3935,50.0,1,1,early_drifter,1
IC_5018,LOT_A,W02,11.7045,13.3656,14.9146,15.5836,2.7516,2.8584,11.8757,12.0241,50.0,1,1,normal,0
IC_5019,LOT_B,W14,10.7272,12.4367,13.8182,15.1289,2.9888,3.066,11.9488,12.054,50.0,1,1,normal,0
IC_5020,LOT_D,W12,8.6742,9.6215,10.5428,10.542,2.4989,2.5502,10.7412,10.9148,50.0,1,1,normal,0
IC_5021,LOT_C,W21,13.1255,14.0628,15.5849,15.506,2.2734,2.3266,11.3049,11.5689,50.0,1,1,normal,0
IC_5022,LOT_A,W12,8.4838,9.3354,9.5299,10.686,2.4268,2.4206,10.9218,11.0988,50.0,1,1,normal,0
IC_5023,LOT_B,W06,6.4822,7.3746,8.3442,8.3687,2.2692,2.3025,11.4379,11.5185,50.0,1,1,normal,0
IC_5024,LOT_B,W09,7.0417,8.3927,10.1996,11.456,2.183,2.2409,12.1577,12.3508,50.0,1,1,normal,0
IC_5025,LOT_E,W15,10.2714,11.133,11.9494,12.6794,2.0354,2.0766,13.0901,13.2148,50.0,1,1,normal,0
IC_5026,LOT_F,W17,11.8482,12.9641,13.8966,14.5076,2.4862,2.5376,13.7477,14.2107,50.0,1,1,normal,0
IC_5027,LOT_A,W14,9.0763,10.7853,12.3324,13.162,2.3421,2.4435,11.0912,11.3636,50.0,1,1,normal,0
IC_5028,LOT_C,W21,9.6059,10.2095,10.974,11.6842,1.857,1.8564,11.6724,11.7515,50.0,1,1,normal,0
IC_5029,LOT_A,W19,8.2905,9.8478,10.9886,11.2817,2.7549,2.8503,11.2981,11.6497,50.0,1,1,normal,0
IC_5030,LOT_C,W14,10.3341,11.3562,11.8504,12.5647,1.9396,2.0197,10.3942,10.5297,50.0,1,1,normal,0
IC_5031,LOT_C,W23,12.5298,13.7304,15.2899,15.9182,2.3923,2.472,12.0584,12.2745,50.0,1,1,normal,0
IC_5032,LOT_C,W12,13.3991,15.148,16.6357,17.6481,2.5072,2.6333,11.6229,11.8153,50.0,1,1,normal,0
IC_5033,LOT_D,W05,9.6275,10.6244,11.6253,12.6328,2.2933,2.3488,11.3389,11.3606,50.0,1,1,normal,0
IC_5034,LOT_B,W23,8.1431,8.9744,9.9153,10.4298,2.569,2.6003,11.2167,11.4052,50.0,1,1,normal,0
IC_5035,LOT_E,W17,9.8021,10.9645,11.3826,11.6459,1.8108,1.902,12.4173,12.5033,50.0,1,1,normal,0
IC_5036,LOT_E,W09,9.6515,10.9023,11.9927,12.5809,2.3917,2.4759,11.871,12.0267,50.0,1,1,normal,0
IC_5037,LOT_F,W11,11.2289,12.72,14.2636,15.8582,2.3947,2.4806,14.4037,14.6613,50.0,1,1,normal,0
IC_5038,LOT_F,W08,11.0986,11.8784,12.864,12.9936,2.127,2.174,15.0948,15.2942,50.0,1,1,normal,0
IC_5039,LOT_E,W10,8.2803,9.5346,10.8031,11.1685,2.1703,2.2614,12.4782,12.6644,50.0,1,1,normal,0
IC_5040,LOT_E,W01,8.1213,11.8272,31.8422,58.9162,2.0905,2.3724,12.4437,12.8223,50.0,1,1,early_drifter,1
IC_5041,LOT_B,W06,6.6926,7.6549,9.1646,9.1866,1.9388,2.0492,9.8538,10.0542,50.0,1,1,normal,0
IC_5042,LOT_D,W19,8.495,9.7352,11.6305,13.107,2.6333,2.6725,10.9436,11.138,50.0,1,1,normal,0
IC_5043,LOT_B,W24,7.2311,8.5636,9.5881,10.9351,2.3294,2.3621,11.1518,11.3492,50.0,1,1,normal,0
IC_5044,LOT_A,W18,7.5334,8.7319,9.5581,10.4095,2.4576,2.5,11.102,11.2884,50.0,1,1,normal,0
IC_5045,LOT_F,W22,10.3878,12.12,13.1892,14.726,2.2125,2.2877,13.3731,13.8092,50.0,1,1,normal,0
IC_5046,LOT_C,W13,11.5165,12.3623,13.7866,13.9285,2.2302,2.2721,11.3299,11.4389,50.0,1,1,normal,0
IC_5047,LOT_D,W22,13.1319,14.2372,15.6918,15.8341,2.623,2.7647,12.7295,12.8919,50.0,1,1,normal,0
IC_5048,LOT_F,W12,11.0541,12.1746,13.2932,13.3128,1.9005,1.9278,14.0066,14.3583,50.0,1,1,normal,0
IC_5049,LOT_A,W05,7.9913,9.2585,10.7406,11.474,2.2814,2.4079,11.6263,11.756,50.0,1,1,normal,0
IC_5050,LOT_F,W12,12.9675,13.7306,14.88,15.3733,2.252,2.3383,13.3202,13.4704,50.0,1,1,normal,0
IC_5051,LOT_F,W15,8.6907,9.3997,10.1435,10.6471,2.2124,2.303,13.128,13.0593,50.0,1,1,normal,0
IC_5052,LOT_E,W03,11.7418,12.3082,13.7059,14.7967,2.2459,2.3053,13.1705,13.1568,50.0,1,1,normal,0
IC_5053,LOT_E,W24,6.5202,7.8786,9.4527,9.5532,1.8653,1.925,12.6786,12.8248,50.0,1,1,normal,0
IC_5054,LOT_F,W17,10.3276,11.3271,12.5449,13.8304,1.8192,1.9143,13.5942,13.6587,50.0,1,1,normal,0
IC_5055,LOT_A,W13,8.8991,10.4337,12.1206,13.3316,2.4148,2.4646,11.445,11.5451,50.0,1,1,normal,0
IC_5056,LOT_D,W06,12.2005,13.4004,14.3358,15.5545,2.6631,2.7396,11.2904,11.3803,50.0,1,1,normal,0
IC_5057,LOT_D,W17,10.7844,11.8526,12.5105,14.1606,2.3589,2.3893,12.4861,12.6865,50.0,1,1,normal,0
IC_5058,LOT_B,W07,9.0565,10.3375,11.4094,12.2602,2.0993,2.2161,11.4536,11.5682,50.0,1,1,normal,0
IC_5059,LOT_B,W03,12.1111,13.2687,14.9933,15.6955,3.019,3.0914,11.7949,11.8047,50.0,1,1,normal,0
IC_5060,LOT_E,W02,11.8538,12.6164,14.2519,14.5244,2.2415,2.2642,13.3051,13.4378,50.0,1,1,normal,0
IC_5061,LOT_F,W13,12.1329,13.6743,14.4548,15.4957,2.5719,2.69,15.1139,15.3018,50.0,1,1,normal,0
IC_5062,LOT_D,W19,11.4792,12.3163,13.2414,13.0839,2.2577,2.293,11.9883,12.0613,50.0,1,1,normal,0
IC_5063,LOT_D,W05,8.1564,9.0225,10.4742,11.1995,2.5059,2.5528,11.1416,11.235,50.0,1,1,normal,0
IC_5064,LOT_F,W09,11.5598,12.9782,14.088,15.8013,2.1819,2.3078,14.3844,14.5838,50.0,1,1,normal,0
IC_5065,LOT_C,W24,12.0152,13.0808,14.2051,15.3819,2.23,2.3029,10.3103,10.3079,50.0,1,1,normal,0
IC_5066,LOT_E,W06,9.5175,10.13,11.1478,12.0314,2.2355,2.3082,12.1819,12.2647,50.0,1,1,normal,0
IC_5067,LOT_C,W10,55.2261,64.8917,76.3548,86.8024,5.6641,6.2851,16.6835,17.8791,50.0,0,0,gross_failure,1
IC_5068,LOT_A,W06,11.4908,12.5587,13.2695,14.5755,2.6135,2.7004,11.5558,11.6409,50.0,1,1,normal,0
IC_5069,LOT_D,W15,9.7184,10.7062,11.4047,12.5,2.6713,2.7658,11.6867,11.7444,50.0,1,1,normal,0
IC_5070,LOT_A,W12,56.6486,63.6828,82.8898,107.7632,6.0954,6.5072,18.3205,19.2474,50.0,0,0,gross_failure,1
IC_5071,LOT_A,W09,8.9971,10.4845,11.066,12.4722,2.0817,2.1563,12.817,13.003,50.0,1,1,normal,0
IC_5072,LOT_A,W18,8.1735,9.5253,10.8126,11.7615,2.7026,2.812,12.2871,12.4934,50.0,1,1,normal,0
IC_5073,LOT_C,W02,11.7455,13.0732,14.8021,15.8447,2.2212,2.2376,11.9496,12.0402,50.0,1,1,normal,0
IC_5074,LOT_B,W13,7.9609,8.8364,9.7064,10.4965,2.4754,2.5684,10.5497,10.7941,50.0,1,1,normal,0
IC_5075,LOT_D,W10,9.4193,10.5525,12.1199,12.9202,2.4714,2.5045,11.7359,12.0654,50.0,1,1,normal,0
IC_5076,LOT_E,W16,12.0895,12.9497,13.7444,14.3984,2.2191,2.2806,12.6831,12.7462,50.0,1,1,normal,0
IC_5077,LOT_E,W20,11.0815,11.9491,12.6591,12.642,2.6018,2.6553,11.4724,11.4946,50.0,1,1,normal,0
IC_5078,LOT_B,W01,11.8182,13.0526,13.9609,15.6848,2.64,2.7676,12.08,12.3593,50.0,1,1,normal,0
IC_5079,LOT_A,W14,8.8789,9.9079,10.4881,11.2941,2.6565,2.733,11.2289,11.2853,50.0,1,1,normal,0
IC_5080,LOT_C,W24,8.8402,9.8355,11.1771,11.772,1.8869,1.9026,11.1965,11.4065,50.0,1,1,normal,0
IC_5081,LOT_A,W10,10.9279,12.5736,14.3537,15.0364,2.5924,2.6709,11.4436,11.5616,50.0,1,1,normal,0
IC_5082,LOT_A,W23,11.5149,12.4925,13.6864,14.3457,2.9864,3.0233,10.7426,10.8577,50.0,1,1,normal,0
IC_5083,LOT_D,W04,6.9204,8.7615,9.8125,10.9352,2.3739,2.5589,11.5778,11.6427,50.0,1,1,normal,0
IC_5084,LOT_A,W03,41.0189,42.6222,44.7503,45.7071,5.05,5.1634,17.051,17.4283,50.0,1,1,latent_distribution_outlier,1
IC_5085,LOT_B,W09,9.903,10.8638,12.4204,13.1169,2.7707,2.8343,11.9213,12.0731,50.0,1,1,normal,0
IC_5086,LOT_B,W04,10.9008,12.2741,14.3159,14.79,2.7082,2.7955,11.7345,11.9713,50.0,1,1,normal,0
IC_5087,LOT_F,W23,11.5462,13.0748,14.6756,15.4292,2.0438,2.1304,12.6727,12.7335,50.0,1,1,normal,0
IC_5088,LOT_D,W10,40.7696,41.5825,42.7523,43.9545,5.2291,5.276,16.1437,16.1963,50.0,1,1,latent_distribution_outlier,1
IC_5089,LOT_D,W05,11.1397,12.2593,13.1399,14.3729,2.7194,2.8262,12.0471,12.1534,50.0,1,1,normal,0
IC_5090,LOT_D,W01,11.5328,12.7405,14.2174,14.9504,2.7882,2.8355,12.4266,12.4586,50.0,1,1,normal,0
IC_5091,LOT_E,W14,10.5462,12.132,13.8552,14.5555,2.3162,2.3803,12.8573,12.9557,50.0,1,1,normal,0
IC_5092,LOT_D,W14,9.2857,10.9228,12.2494,13.1757,2.5775,2.6827,12.0722,12.5234,50.0,1,1,normal,0
IC_5093,LOT_B,W07,9.4901,10.6411,11.5822,12.1415,2.4473,2.4728,12.8953,13.0209,50.0,1,1,normal,0
IC_5094,LOT_F,W23,39.9833,41.4679,44.6461,44.009,4.9032,5.0138,17.5873,17.7395,50.0,1,1,latent_distribution_outlier,1
IC_5095,LOT_F,W12,10.0967,11.1199,12.0792,12.5094,1.9307,1.9921,12.8497,12.8408,50.0,1,1,normal,0
IC_5096,LOT_E,W16,10.3312,11.5469,13.2296,13.7334,2.5421,2.6561,12.8504,12.786,50.0,1,1,normal,0
IC_5097,LOT_F,W09,8.7569,10.2832,11.7387,12.8557,1.712,1.8117,13.1633,13.1262,50.0,1,1,normal,0
IC_5098,LOT_A,W11,8.8506,10.3635,11.9614,12.5553,2.6815,2.7765,10.2409,10.3459,50.0,1,1,normal,0
IC_5099,LOT_B,W21,6.2821,7.998,9.5792,10.7513,2.291,2.3766,10.004,10.318,50.0,1,1,normal,0
IC_5100,LOT_E,W16,8.8982,9.7398,10.2443,10.9359,1.9961,2.0613,12.5447,12.6403,50.0,1,1,normal,0
IC_5101,LOT_E,W16,8.925,10.1187,11.8151,11.9622,2.3874,2.4724,12.6041,12.7485,50.0,1,1,normal,0
IC_5102,LOT_A,W12,10.078,11.2711,12.1855,12.6003,2.7542,2.8102,11.6119,11.7727,50.0,1,1,normal,0
IC_5103,LOT_E,W05,11.0905,12.3632,14.0788,14.5419,2.0385,2.1391,12.4927,12.6878,50.0,1,1,normal,0
IC_5104,LOT_F,W14,8.6753,10.4456,12.1879,13.1744,1.991,2.1082,12.6568,13.0289,50.0,1,1,normal,0
IC_5105,LOT_C,W19,12.9783,14.0323,14.7522,15.658,2.3313,2.417,13.4158,13.3723,50.0,1,1,normal,0
IC_5106,LOT_B,W23,44.0253,45.7012,46.8196,47.3877,5.7021,5.7955,16.3893,16.7273,50.0,1,1,latent_distribution_outlier,1
IC_5107,LOT_F,W02,11.9094,15.6116,38.392,67.663,2.4183,2.615,13.7365,14.1383,50.0,1,1,early_drifter,1
IC_5108,LOT_A,W12,7.3055,8.7454,9.9043,10.9375,2.3061,2.395,10.873,11.0205,50.0,1,1,normal,0
IC_5109,LOT_A,W17,9.3241,10.3907,11.8539,12.6115,2.0737,2.1234,10.2473,10.4182,50.0,1,1,normal,0
IC_5110,LOT_A,W21,9.0481,10.7507,12.8461,13.15,2.4489,2.4919,10.7531,10.8434,50.0,1,1,normal,0
IC_5111,LOT_C,W03,8.9426,13.7955,40.1956,74.2743,2.0921,2.3786,11.2012,11.7671,50.0,1,1,early_drifter,1
IC_5112,LOT_B,W16,8.544,10.102,10.5455,11.5528,2.4657,2.5726,10.7038,10.9587,50.0,1,1,normal,0
IC_5113,LOT_E,W15,9.0404,10.7698,12.699,13.6318,2.7566,2.8619,12.3907,12.4647,50.0,1,1,normal,0
IC_5114,LOT_C,W02,8.1972,9.606,10.592,11.4377,1.8459,1.9301,11.0282,11.2171,50.0,1,1,normal,0
IC_5115,LOT_D,W01,7.634,8.2097,9.5661,9.8773,2.4599,2.4607,12.1324,12.1891,50.0,1,1,normal,0
IC_5116,LOT_A,W03,9.9056,10.9279,12.736,13.598,1.9207,1.9968,10.2475,10.4128,50.0,1,1,normal,0
IC_5117,LOT_F,W19,11.7933,12.961,14.0993,15.2765,2.0944,2.1339,15.103,15.0004,50.0,1,1,normal,0
IC_5118,LOT_C,W15,12.7657,14.2867,15.534,16.8069,2.6903,2.7792,11.5378,11.8801,50.0,1,1,normal,0
IC_5119,LOT_C,W23,9.7429,11.0048,11.8652,13.5294,2.5669,2.671,11.8939,12.1197,50.0,1,1,normal,0
IC_5120,LOT_D,W03,11.0065,11.9159,12.9944,13.1862,2.2766,2.3078,11.385,11.5326,50.0,1,1,normal,0
IC_5121,LOT_C,W07,10.3628,12.1282,13.8231,14.7304,2.5566,2.6781,11.7392,12.0347,50.0,1,1,normal,0
IC_5122,LOT_D,W05,10.9779,12.0921,13.3568,13.2175,2.3837,2.4445,10.8215,11.0757,50.0,1,1,normal,0
IC_5123,LOT_D,W06,7.6284,9.1906,10.3521,11.7545,2.0768,2.1485,12.4066,12.4973,50.0,1,1,normal,0
IC_5124,LOT_C,W14,11.689,12.6522,14.1903,14.6339,1.8248,1.9164,10.856,10.9189,50.0,1,1,normal,0
IC_5125,LOT_C,W01,11.3924,12.5989,14.1117,14.3814,2.3387,2.4038,11.0567,11.2933,50.0,1,1,normal,0
IC_5126,LOT_D,W01,9.7337,11.0202,12.579,13.2264,2.7094,2.751,10.6475,10.6121,50.0,1,1,normal,0
IC_5127,LOT_E,W03,9.3703,10.3359,11.0423,11.2508,2.3025,2.415,11.8956,11.9429,50.0,1,1,normal,0
IC_5128,LOT_E,W03,9.7753,13.0078,30.3139,53.678,2.2015,2.4076,12.8368,13.4492,50.0,1,1,early_drifter,1
IC_5129,LOT_C,W15,11.6001,13.0977,14.2443,14.6917,2.045,2.1851,12.1794,12.5768,50.0,1,1,normal,0
IC_5130,LOT_B,W23,9.198,10.2105,10.1343,11.9502,2.6464,2.6927,12.0438,12.1519,50.0,1,1,normal,0
IC_5131,LOT_D,W17,10.0526,10.8439,11.6022,12.5767,2.6216,2.6781,10.546,10.7833,50.0,1,1,normal,0
IC_5132,LOT_F,W06,7.993,8.5554,9.1479,10.1548,1.9517,1.9885,12.8353,12.8967,50.0,1,1,normal,0
IC_5133,LOT_B,W11,11.6307,16.995,46.4152,87.5111,2.9269,3.3116,12.1277,12.6689,50.0,1,1,early_drifter,1
IC_5134,LOT_D,W17,12.4292,13.8473,15.0674,15.896,2.6996,2.7304,11.631,11.9855,50.0,1,1,normal,0
IC_5135,LOT_C,W17,11.6018,12.7862,13.8214,14.3978,2.3221,2.3781,11.9724,12.2454,50.0,1,1,normal,0
IC_5136,LOT_A,W11,10.9354,12.2257,13.1442,14.1812,2.5559,2.6478,11.8765,12.0177,50.0,1,1,normal,0
IC_5137,LOT_F,W06,9.2735,10.7492,11.956,12.8147,2.5039,2.5778,12.3581,12.5413,50.0,1,1,normal,0
IC_5138,LOT_D,W05,9.3579,10.4478,11.3408,11.7216,2.4991,2.5382,11.9034,12.0633,50.0,1,1,normal,0
IC_5139,LOT_F,W03,12.8765,13.8824,14.8521,15.6318,2.3226,2.3642,12.824,13.2165,50.0,1,1,normal,0
IC_5140,LOT_B,W08,11.7476,13.5907,15.0322,15.9698,2.3377,2.4553,11.1994,11.5008,50.0,1,1,normal,0
IC_5141,LOT_B,W10,33.3172,34.9018,36.4957,37.688,4.3623,4.423,14.1975,14.2875,50.0,1,1,latent_distribution_outlier,1
IC_5142,LOT_E,W24,11.0577,12.0536,13.6104,14.7324,2.0376,2.0956,13.6526,13.8952,50.0,1,1,normal,0
IC_5143,LOT_D,W05,10.4869,11.2431,12.7559,13.131,2.7853,2.822,11.4735,11.5148,50.0,1,1,normal,0
IC_5144,LOT_E,W03,10.5489,12.3349,13.1044,14.5341,2.4718,2.6158,13.0419,13.2398,50.0,1,1,normal,0
IC_5145,LOT_D,W03,9.1159,10.2989,11.5203,12.7411,2.3583,2.4002,10.4258,10.7303,50.0,1,1,normal,0
IC_5146,LOT_A,W08,7.944,9.028,10.1836,11.3442,2.6141,2.6638,11.8398,11.9411,50.0,1,1,normal,0
IC_5147,LOT_F,W14,11.8125,12.821,14.0416,14.4313,1.9687,2.062,13.4565,13.4896,50.0,1,1,normal,0
IC_5148,LOT_D,W07,10.6206,12.5024,13.9607,14.6133,2.5442,2.6849,12.5383,12.7851,50.0,1,1,normal,0
IC_5149,LOT_C,W21,11.7851,12.8269,14.0605,14.8117,2.4777,2.5753,12.317,12.4838,50.0,1,1,normal,0
IC_5150,LOT_F,W16,11.4213,12.5882,13.8422,14.633,2.0404,2.1341,12.9823,13.1169,50.0,1,1,normal,0
IC_5151,LOT_D,W05,7.8408,9.0681,10.6834,11.71,2.0777,2.1573,10.8201,11.0145,50.0,1,1,normal,0
IC_5152,LOT_A,W21,12.059,13.0682,14.0291,15.0095,2.8766,2.9147,12.1627,12.3505,50.0,1,1,normal,0
IC_5153,LOT_E,W17,11.4452,12.2041,12.6296,14.0206,2.6369,2.6798,11.8983,12.0279,50.0,1,1,normal,0
IC_5154,LOT_B,W09,9.4021,10.4755,10.8301,11.6029,2.419,2.4918,10.528,10.7136,50.0,1,1,normal,0
IC_5155,LOT_D,W10,10.3829,14.6582,37.4072,70.3359,2.4006,2.5803,11.5443,12.1085,50.0,1,1,early_drifter,1
IC_5156,LOT_F,W10,9.3674,9.9456,10.6367,12.1664,1.9865,2.0078,12.8376,12.9174,50.0,1,1,normal,0
IC_5157,LOT_E,W20,13.2978,14.4715,15.8934,16.2097,2.6857,2.7403,12.5106,12.5014,50.0,1,1,normal,0
IC_5158,LOT_E,W06,9.9943,11.5035,13.0095,14.0288,2.3239,2.4286,11.8884,11.9118,50.0,1,1,normal,0
IC_5159,LOT_A,W16,9.252,10.7137,11.8677,13.3446,2.6789,2.7628,11.8764,12.0114,50.0,1,1,normal,0
IC_5160,LOT_E,W01,8.5452,9.5112,10.5191,10.8837,2.104,2.1809,12.5462,12.7469,50.0,1,1,normal,0
IC_5161,LOT_E,W15,12.6381,14.0751,15.831,16.6665,2.1089,2.2293,13.5396,13.6101,50.0,1,1,normal,0
IC_5162,LOT_F,W21,10.9552,11.881,12.5647,13.634,2.1086,2.142,12.9294,12.9468,50.0,1,1,normal,0
IC_5163,LOT_E,W16,9.3792,10.9714,12.4053,13.9941,2.0692,2.1944,12.4153,12.6238,50.0,1,1,normal,0
IC_5164,LOT_A,W02,6.4167,8.0188,9.413,10.7605,2.6543,2.7748,12.4348,12.578,50.0,1,1,normal,0
IC_5165,LOT_E,W12,10.355,11.4619,12.6748,13.3168,2.1208,2.1618,12.5258,12.5818,50.0,1,1,normal,0
IC_5166,LOT_F,W17,9.2407,13.3625,35.983,67.3988,1.9005,2.1762,14.1836,14.6506,50.0,1,1,early_drifter,1
IC_5167,LOT_F,W13,10.9493,11.8703,13.0959,14.0495,1.9878,1.999,12.3803,12.2899,50.0,1,1,normal,0
IC_5168,LOT_D,W05,9.1844,10.709,11.9726,12.8844,2.6285,2.7207,10.5513,10.6785,50.0,1,1,normal,0
IC_5169,LOT_E,W15,13.3349,14.2747,15.1224,15.4329,2.4253,2.468,12.566,12.6018,50.0,1,1,normal,0
IC_5170,LOT_D,W17,10.7569,15.9155,44.0171,81.532,2.5705,2.8964,10.7644,11.4738,50.0,1,1,early_drifter,1
IC_5171,LOT_D,W13,12.5517,14.2947,15.8189,17.1829,2.7364,2.8383,12.7024,13.0026,50.0,1,1,normal,0
IC_5172,LOT_A,W04,42.3142,43.2021,44.9246,45.4678,5.431,5.4582,16.1118,16.1497,50.0,1,1,latent_distribution_outlier,1
IC_5173,LOT_E,W20,8.9693,10.7012,12.3793,13.1659,1.8212,1.8605,11.5825,11.715,50.0,1,1,normal,0
IC_5174,LOT_F,W16,12.3628,13.4544,14.7763,15.9274,2.0463,2.1113,13.2392,13.4882,50.0,1,1,normal,0
IC_5175,LOT_D,W04,11.7729,13.4096,14.783,15.7933,2.7385,2.8401,13.3503,13.5541,50.0,1,1,normal,0
IC_5176,LOT_D,W12,10.1946,11.2649,11.9231,13.2215,1.9869,2.0907,12.6274,12.8079,50.0,1,1,normal,0
IC_5177,LOT_E,W19,10.3722,11.8185,13.345,14.5566,1.9714,2.0393,12.0967,12.231,50.0,1,1,normal,0
IC_5178,LOT_F,W03,11.4784,12.9233,14.4496,15.3247,2.1876,2.2741,14.0367,14.2044,50.0,1,1,normal,0
IC_5179,LOT_E,W03,8.0928,8.9306,9.6306,10.8972,2.1905,2.195,11.3767,11.3817,50.0,1,1,normal,0
IC_5180,LOT_D,W03,9.5015,10.5619,11.4176,11.6428,2.2899,2.3531,11.3887,11.4663,50.0,1,1,normal,0
IC_5181,LOT_D,W05,9.7385,11.1761,12.6941,13.513,2.5644,2.624,11.8296,12.0762,50.0,1,1,normal,0
IC_5182,LOT_B,W09,10.1294,11.5079,13.2298,14.3293,2.7153,2.8237,10.8203,10.9605,50.0,1,1,normal,0
IC_5183,LOT_F,W04,11.1429,12.63,13.8983,14.7801,2.3751,2.4481,13.3234,13.4464,50.0,1,1,normal,0
IC_5184,LOT_E,W11,9.2153,10.6322,11.9866,13.2876,2.267,2.307,12.1862,12.2474,50.0,1,1,normal,0
IC_5185,LOT_A,W14,10.9474,12.344,13.0494,14.3716,2.2111,2.252,11.8443,12.0194,50.0,1,1,normal,0
IC_5186,LOT_F,W02,9.5201,10.66,12.1295,12.585,2.1443,2.1732,12.9251,13.2021,50.0,1,1,normal,0
IC_5187,LOT_B,W18,6.9163,8.1709,9.446,10.1736,2.3601,2.4531,10.6339,10.8579,50.0,1,1,normal,0
IC_5188,LOT_E,W14,8.9722,10.3103,11.2557,13.0822,2.7184,2.7518,12.4661,12.5384,50.0,1,1,normal,0
IC_5189,LOT_B,W24,8.0806,9.2704,9.8176,10.2611,2.3459,2.442,11.2907,11.4566,50.0,1,1,normal,0
IC_5190,LOT_B,W12,9.2989,10.3566,10.8195,11.2698,2.5857,2.6322,11.4501,11.5311,50.0,1,1,normal,0
IC_5191,LOT_A,W06,9.0357,10.3836,11.8215,12.4754,2.1047,2.1926,10.6954,10.8175,50.0,1,1,normal,0
IC_5192,LOT_F,W13,37.4873,38.9991,38.8796,40.1319,4.1227,4.2367,16.8234,17.0457,50.0,1,1,latent_distribution_outlier,1
IC_5193,LOT_B,W21,7.9083,9.2633,10.8351,11.1317,2.6448,2.7593,11.4662,11.6534,50.0,1,1,normal,0
IC_5194,LOT_D,W13,9.8448,11.2309,13.0012,13.4237,2.6857,2.8073,12.3284,12.3407,50.0,1,1,normal,0
IC_5195,LOT_E,W07,10.6901,16.9049,49.2287,91.5237,2.2582,2.6058,12.1839,12.8294,50.0,1,1,early_drifter,1
IC_5196,LOT_C,W21,13.2238,14.8098,16.3479,17.3428,2.2313,2.3074,14.5343,14.5512,50.0,1,1,normal,0
IC_5197,LOT_F,W10,11.1916,12.2921,13.3827,14.3262,1.8696,1.9113,13.7058,13.725,50.0,1,1,normal,0
IC_5198,LOT_B,W06,10.5684,12.1104,13.9572,15.1858,2.8442,2.954,10.2416,10.5242,50.0,1,1,normal,0
IC_5199,LOT_B,W24,8.1625,9.253,10.5045,10.7273,2.2067,2.2385,12.6778,12.8584,50.0,1,1,normal,0
IC_5200,LOT_C,W03,11.0643,12.2574,13.0159,13.5609,2.2187,2.3364,11.348,11.4287,50.0,1,1,normal,0
IC_5201,LOT_F,W15,10.1903,11.2678,12.4475,13.6464,2.2126,2.2552,14.3973,14.4814,50.0,1,1,normal,0
IC_5202,LOT_B,W13,11.4281,12.3676,12.9417,13.3762,2.2503,2.3535,11.5822,11.7614,50.0,1,1,normal,0
IC_5203,LOT_A,W05,8.9665,10.2217,11.7685,12.8993,2.3087,2.3342,11.5027,11.7739,50.0,1,1,normal,0
IC_5204,LOT_C,W13,12.1131,13.2617,14.107,14.9291,1.9571,2.0116,11.5227,11.7903,50.0,1,1,normal,0
IC_5205,LOT_A,W14,12.0575,13.0064,14.4294,15.1488,2.8108,2.8533,11.4549,11.4603,50.0,1,1,normal,0
IC_5206,LOT_F,W08,76.7242,79.9755,85.4941,102.3807,6.3986,6.6147,22.4261,22.7294,50.0,0,0,gross_failure,1
IC_5207,LOT_F,W01,12.878,14.1103,15.8569,16.7615,2.8209,2.8639,12.368,12.6525,50.0,1,1,normal,0
IC_5208,LOT_B,W24,8.3787,9.8694,10.4742,11.0164,1.9743,2.0777,10.5094,10.8416,50.0,1,1,normal,0
IC_5209,LOT_A,W08,11.5733,12.5425,13.3481,13.9271,2.3635,2.4246,12.1594,12.27,50.0,1,1,normal,0
IC_5210,LOT_D,W14,9.6853,12.9801,29.8876,53.8336,2.2063,2.4104,12.0548,12.5519,50.0,1,1,early_drifter,1
IC_5211,LOT_E,W19,8.6729,9.7784,10.7986,12.1842,1.7141,1.8087,11.4102,11.5853,50.0,1,1,normal,0
IC_5212,LOT_B,W20,6.6033,7.8845,8.4822,10.314,2.3391,2.43,10.0787,10.3574,50.0,1,1,normal,0
IC_5213,LOT_D,W18,11.9109,13.4274,14.8457,15.4027,2.4904,2.5943,11.6734,11.8417,50.0,1,1,normal,0
IC_5214,LOT_A,W14,9.4176,13.2178,35.921,66.6074,2.4923,2.7197,11.7341,12.2877,50.0,1,1,early_drifter,1
IC_5215,LOT_C,W14,12.2117,12.9147,13.6756,13.8192,2.1547,2.156,12.3919,12.4701,50.0,1,1,normal,0
IC_5216,LOT_D,W05,9.3434,10.4113,11.6517,12.4056,2.4901,2.5445,11.6433,11.7543,50.0,1,1,normal,0
IC_5217,LOT_C,W20,10.9661,12.639,13.3583,15.0879,1.9855,2.0565,12.219,12.351,50.0,1,1,normal,0
IC_5218,LOT_E,W23,9.6734,11.0398,12.9952,14.3251,2.1027,2.1709,13.0781,13.3048,50.0,1,1,normal,0
IC_5219,LOT_F,W02,10.8201,12.5419,13.7418,14.8278,1.868,2.0264,13.6572,13.8854,50.0,1,1,normal,0
IC_5220,LOT_A,W13,10.2441,11.9448,13.2891,14.3311,2.6347,2.7304,11.4552,11.6829,50.0,1,1,normal,0
IC_5221,LOT_C,W22,13.3986,14.4032,15.8938,16.4633,1.9428,2.0191,11.2079,11.4442,50.0,1,1,normal,0
IC_5222,LOT_F,W22,11.8666,13.5536,15.3706,15.9485,1.5413,1.6323,12.1798,12.3895,50.0,1,1,normal,0
IC_5223,LOT_E,W12,11.0448,12.6753,14.4566,14.8338,2.0745,2.1562,12.4304,12.6721,50.0,1,1,normal,0
IC_5224,LOT_A,W08,8.069,9.2808,10.9238,12.0231,2.4077,2.5144,11.974,12.186,50.0,1,1,normal,0
IC_5225,LOT_F,W23,12.0992,13.8064,15.4879,16.7917,2.0067,2.1443,13.8625,14.0715,50.0,1,1,normal,0
IC_5226,LOT_C,W17,10.9918,11.9557,12.9291,13.1524,2.3107,2.3081,13.4501,13.6093,50.0,1,1,normal,0
IC_5227,LOT_D,W13,8.2721,9.8454,10.4102,11.2677,2.391,2.481,12.5674,12.6598,50.0,1,1,normal,0
IC_5228,LOT_C,W24,13.4393,14.3426,14.9919,16.5795,2.6575,2.6597,12.6765,12.8449,50.0,1,1,normal,0
IC_5229,LOT_F,W21,12.3901,13.1827,14.074,15.2914,2.4816,2.5096,14.2148,14.2673,50.0,1,1,normal,0
IC_5230,LOT_D,W01,10.6848,12.4284,14.0362,15.514,2.3618,2.4961,11.8202,12.2076,50.0,1,1,normal,0
IC_5231,LOT_D,W04,10.4091,11.5105,12.7012,13.6388,3.0114,3.0701,11.7274,11.8853,50.0,1,1,normal,0
IC_5232,LOT_F,W01,10.2272,11.2681,12.4546,13.7219,2.2814,2.3186,12.8651,12.851,50.0,1,1,normal,0
IC_5233,LOT_B,W05,6.6443,7.5459,7.9323,9.0741,2.1957,2.2601,10.7344,10.807,50.0,1,1,normal,0
IC_5234,LOT_F,W07,9.5132,11.2332,13.226,13.6535,1.9832,2.14,15.0151,15.2256,50.0,1,1,normal,0
IC_5235,LOT_D,W16,9.6436,10.8289,12.2524,12.9621,2.4711,2.5644,12.4418,12.6163,50.0,1,1,normal,0
IC_5236,LOT_C,W18,12.2325,12.9569,13.5782,14.3342,2.4337,2.5043,11.0425,11.2381,50.0,1,1,normal,0
IC_5237,LOT_B,W19,9.7759,11.0203,12.2224,13.1785,2.4666,2.4997,12.7692,12.8501,50.0,1,1,normal,0
IC_5238,LOT_A,W02,11.4096,12.5494,13.2922,14.4778,2.8082,2.8962,11.499,11.6374,50.0,1,1,normal,0
IC_5239,LOT_F,W06,10.217,11.5723,12.8631,14.2986,1.835,1.8945,14.2283,14.4055,50.0,1,1,normal,0
IC_5240,LOT_F,W09,11.7312,13.2765,15.2662,15.9105,2.2603,2.3278,14.2982,14.5556,50.0,1,1,normal,0
IC_5241,LOT_F,W08,9.598,10.5615,11.3224,11.4397,2.0748,2.1172,13.938,13.9771,50.0,1,1,normal,0
IC_5242,LOT_D,W19,11.1761,12.0668,13.2033,13.6695,2.229,2.2883,11.3968,11.4164,50.0,1,1,normal,0
IC_5243,LOT_F,W17,11.9075,13.2936,15.1675,15.8799,2.2452,2.3464,12.4817,12.6652,50.0,1,1,normal,0
IC_5244,LOT_E,W21,9.8403,11.3708,12.7773,12.7337,2.0864,2.1784,11.6205,11.7625,50.0,1,1,normal,0
IC_5245,LOT_E,W07,11.6866,13.1565,15.4436,15.3755,2.6498,2.6912,12.29,12.5382,50.0,1,1,normal,0
IC_5246,LOT_C,W20,10.9999,11.7747,12.9509,14.1312,2.1035,2.0934,11.6138,11.6435,50.0,1,1,normal,0
IC_5247,LOT_A,W09,10.7855,11.8912,12.6756,14.3261,2.8019,2.8685,12.2442,12.4106,50.0,1,1,normal,0
IC_5248,LOT_E,W18,9.7181,11.0839,12.044,12.5378,2.4541,2.5737,12.5212,12.7822,50.0,1,1,normal,0
IC_5249,LOT_D,W12,9.5936,11.2998,12.5267,13.9555,2.5371,2.6951,11.2207,11.5016,50.0,1,1,normal,0
IC_5250,LOT_F,W11,9.5075,11.2355,12.3123,13.0909,2.081,2.1431,12.5772,12.7921,50.0,1,1,normal,0
IC_5251,LOT_A,W02,10.6254,11.3443,12.0303,13.1794,2.6689,2.7218,11.7976,11.9019,50.0,1,1,normal,0
IC_5252,LOT_A,W09,9.9537,11.3051,12.6196,14.3676,2.5521,2.6759,11.5617,11.6047,50.0,1,1,normal,0
IC_5253,LOT_C,W12,10.634,11.7378,12.4608,13.9002,2.2034,2.2499,12.0535,12.2959,50.0,1,1,normal,0
IC_5254,LOT_B,W22,9.1779,14.9637,46.1583,86.4002,2.6263,2.9661,10.2906,10.9578,50.0,1,1,early_drifter,1
IC_5255,LOT_E,W02,14.0949,15.1503,16.5215,17.4568,2.6568,2.7187,14.1459,14.1985,50.0,1,1,normal,0
IC_5256,LOT_D,W06,10.6527,16.161,45.349,82.0847,2.2685,2.5949,11.4696,12.0322,50.0,1,1,early_drifter,1
IC_5257,LOT_B,W06,11.5932,12.3401,13.6515,14.0866,2.7739,2.8314,9.8469,10.1313,50.0,1,1,normal,0
IC_5258,LOT_E,W13,9.7433,11.0671,12.0006,13.6281,2.5267,2.6157,13.0665,13.1399,50.0,1,1,normal,0
IC_5259,LOT_C,W02,12.7457,14.1297,15.7624,16.7646,2.1361,2.1827,11.8809,11.9142,50.0,1,1,normal,0
IC_5260,LOT_C,W14,8.4222,10.223,11.4172,13.4285,1.9503,2.0213,11.9154,12.259,50.0,1,1,normal,0
IC_5261,LOT_A,W17,10.4235,11.5679,12.614,13.7586,2.8055,2.8512,12.2897,12.5786,50.0,1,1,normal,0
IC_5262,LOT_A,W16,9.7525,10.4819,11.1645,12.2751,2.4856,2.4729,10.1708,10.113,50.0,1,1,normal,0
IC_5263,LOT_D,W22,10.6283,11.5772,12.6383,12.8161,2.3758,2.4168,12.0563,12.1709,50.0,1,1,normal,0
IC_5264,LOT_F,W07,10.0614,11.2797,12.5405,13.0151,2.1603,2.2269,13.3048,13.2261,50.0,1,1,normal,0
IC_5265,LOT_F,W17,8.3685,14.1044,46.0926,89.0685,1.6882,2.0099,13.2565,13.8946,50.0,1,1,early_drifter,1
IC_5266,LOT_D,W23,10.1869,11.9881,13.4329,14.6819,2.5045,2.6272,11.2594,11.5921,50.0,1,1,normal,0
IC_5267,LOT_D,W19,7.9839,9.4866,11.0333,11.3234,2.3548,2.4559,11.9348,12.0544,50.0,1,1,normal,0
IC_5268,LOT_F,W04,11.328,12.0476,13.4942,14.2851,2.132,2.2179,15.1168,15.2737,50.0,1,1,normal,0
IC_5269,LOT_F,W06,8.8957,10.3256,11.8115,13.2417,1.8443,1.8989,13.4076,13.5777,50.0,1,1,normal,0
IC_5270,LOT_C,W22,61.7418,64.3277,77.9523,104.4191,6.4995,6.6187,20.0123,20.2467,50.0,0,0,gross_failure,1
IC_5271,LOT_D,W15,10.2102,15.1477,41.319,77.3861,2.5168,2.8137,11.6679,12.2747,50.0,1,1,early_drifter,1
IC_5272,LOT_F,W04,11.556,13.0615,14.4781,15.1353,2.1564,2.2592,12.645,12.7394,50.0,1,1,normal,0
IC_5273,LOT_E,W07,11.9257,13.1864,14.3639,15.205,2.5299,2.6002,12.7784,13.0221,50.0,1,1,normal,0
IC_5274,LOT_B,W23,8.5248,9.8597,11.109,12.1262,2.3673,2.463,10.5764,10.8378,50.0,1,1,normal,0
IC_5275,LOT_A,W11,8.2784,9.3473,10.8438,11.713,2.585,2.6269,11.9434,11.9678,50.0,1,1,normal,0
IC_5276,LOT_E,W06,77.1447,81.3074,97.1305,111.6973,7.312,7.5581,22.4931,23.1505,50.0,0,0,gross_failure,1
IC_5277,LOT_C,W13,8.7151,9.8056,10.9027,11.3023,2.4126,2.5483,11.3552,11.6112,50.0,1,1,normal,0
IC_5278,LOT_B,W21,5.0168,6.0518,7.5348,8.7624,2.3199,2.378,10.0769,10.1058,50.0,1,1,normal,0
IC_5279,LOT_F,W18,11.1537,11.9694,12.9675,13.4967,2.0478,2.1008,13.9678,14.1156,50.0,1,1,normal,0
IC_5280,LOT_B,W05,11.6094,13.2419,14.1987,14.7858,2.0296,2.1117,10.7551,11.1936,50.0,1,1,normal,0
IC_5281,LOT_B,W16,7.6237,14.2659,49.5395,98.5957,2.536,2.9182,11.172,11.957,50.0,1,1,early_drifter,1
IC_5282,LOT_B,W23,8.9499,14.3633,46.1925,88.76,1.9908,2.3044,11.3352,11.9608,50.0,1,1,early_drifter,1
IC_5283,LOT_D,W14,9.5574,16.0396,50.8642,96.0152,2.4641,2.8458,12.7715,13.7468,50.0,1,1,early_drifter,1
IC_5284,LOT_E,W19,9.8525,11.211,12.8969,13.5023,1.6854,1.7958,12.5213,12.9082,50.0,1,1,normal,0
IC_5285,LOT_B,W20,34.5307,36.3182,38.2396,38.7464,4.6571,4.7819,15.3182,15.5291,50.0,1,1,latent_distribution_outlier,1
IC_5286,LOT_F,W20,40.0337,41.2239,43.251,44.1976,4.2702,4.3478,17.4998,17.5925,50.0,1,1,latent_distribution_outlier,1
IC_5287,LOT_D,W18,11.1838,12.0008,12.8086,13.3698,2.6992,2.7294,12.2213,12.2506,50.0,1,1,normal,0
IC_5288,LOT_F,W20,11.7193,17.9114,54.6678,103.54,1.7249,2.1005,15.0158,16.0019,50.0,1,1,early_drifter,1
IC_5289,LOT_F,W11,14.079,15.1741,16.705,17.1883,2.0473,2.1644,14.5218,14.6228,50.0,1,1,normal,0
IC_5290,LOT_D,W04,37.4477,39.6209,41.1455,44.5915,4.7097,4.8541,15.8903,16.162,50.0,1,1,latent_distribution_outlier,1
IC_5291,LOT_D,W02,9.83,11.2706,13.1124,13.9119,2.3737,2.454,12.4295,12.6587,50.0,1,1,normal,0
IC_5292,LOT_C,W12,10.9851,16.0942,44.834,84.715,1.8884,2.1657,10.9483,11.4416,50.0,1,1,early_drifter,1
IC_5293,LOT_D,W01,11.4703,12.9413,13.838,14.7899,2.9028,3.0235,12.1498,12.3593,50.0,1,1,normal,0
IC_5294,LOT_B,W06,10.5221,12.199,13.9423,14.3168,2.6648,2.8096,11.0327,11.152,50.0,1,1,normal,0
IC_5295,LOT_C,W13,10.9967,12.1725,12.9505,14.554,2.3442,2.4536,11.6476,11.7099,50.0,1,1,normal,0
IC_5296,LOT_A,W21,41.7653,43.7421,45.5469,47.2743,4.8557,4.9651,15.521,15.9063,50.0,1,1,latent_distribution_outlier,1
IC_5297,LOT_D,W19,10.2241,11.4045,12.8089,14.5441,2.4564,2.5644,11.73,11.9973,50.0,1,1,normal,0
IC_5298,LOT_E,W14,8.9209,10.5093,12.5544,13.9156,1.9531,1.9838,12.1581,12.2876,50.0,1,1,normal,0
IC_5299,LOT_E,W07,7.7229,9.1384,10.9761,12.0881,1.9835,2.0793,11.2444,11.4916,50.0,1,1,normal,0
IC_5300,LOT_B,W18,11.43,13.0939,14.5258,15.4078,2.9542,3.076,11.748,11.933,50.0,1,1,normal,0
IC_5301,LOT_D,W17,9.6592,10.76,11.9836,12.8736,2.4696,2.4884,11.278,11.2104,50.0,1,1,normal,0
IC_5302,LOT_C,W19,12.8656,14.4122,15.4892,16.4673,2.5163,2.6312,11.8114,12.1043,50.0,1,1,normal,0
IC_5303,LOT_D,W10,8.3319,9.2919,10.336,10.1971,2.6396,2.6672,11.0861,11.2504,50.0,1,1,normal,0
IC_5304,LOT_F,W19,11.0156,16.0317,43.9193,81.2031,2.0582,2.3732,13.3012,13.9052,50.0,1,1,early_drifter,1
IC_5305,LOT_D,W21,10.1444,11.3714,13.1655,14.2353,2.1556,2.2354,11.5126,11.65,50.0,1,1,normal,0
IC_5306,LOT_D,W10,11.3033,12.2872,12.982,13.1172,2.6527,2.6923,11.7922,11.8209,50.0,1,1,normal,0
IC_5307,LOT_D,W05,10.5172,12.0344,13.0563,14.2457,2.3643,2.4657,12.2232,12.4358,50.0,1,1,normal,0
IC_5308,LOT_D,W18,12.0749,13.0976,14.8612,15.2894,2.4716,2.542,12.7201,12.744,50.0,1,1,normal,0
IC_5309,LOT_B,W21,9.5179,10.4784,11.3665,12.7872,2.7795,2.7647,11.4902,11.5629,50.0,1,1,normal,0
IC_5310,LOT_B,W13,8.2597,9.8898,11.6042,13.195,2.3948,2.4891,10.2854,10.7218,50.0,1,1,normal,0
IC_5311,LOT_D,W07,9.8336,10.6985,12.0684,13.2867,2.5213,2.5783,11.7191,11.72,50.0,1,1,normal,0
IC_5312,LOT_C,W05,10.2939,11.7672,13.3785,14.598,2.0876,2.1622,11.5647,11.6807,50.0,1,1,normal,0
IC_5313,LOT_D,W15,8.8078,9.819,10.6977,11.5531,2.4896,2.5999,11.7185,11.8905,50.0,1,1,normal,0
IC_5314,LOT_D,W15,9.542,11.0599,12.5919,13.0662,2.3707,2.4323,12.4681,12.6024,50.0,1,1,normal,0
IC_5315,LOT_D,W08,8.0558,9.6645,11.3145,12.0078,2.4919,2.58,12.142,12.2919,50.0,1,1,normal,0
IC_5316,LOT_C,W15,11.6769,13.2723,13.9906,15.0837,1.876,1.9986,11.4921,11.5929,50.0,1,1,normal,0
IC_5317,LOT_D,W11,10.3408,11.3453,12.3511,12.8103,2.8189,2.9003,10.7188,10.7164,50.0,1,1,normal,0
IC_5318,LOT_B,W18,8.7788,9.7661,10.7439,12.0384,3.0141,3.0944,10.6129,10.7539,50.0,1,1,normal,0
IC_5319,LOT_A,W20,9.6356,10.491,11.3534,11.798,2.8109,2.8502,10.8854,10.9097,50.0,1,1,normal,0
IC_5320,LOT_C,W20,43.2913,43.7877,46.1323,46.3856,4.9107,4.896,16.0474,16.3206,50.0,1,1,latent_distribution_outlier,1
IC_5321,LOT_A,W17,8.699,9.4606,10.4422,10.5007,2.2736,2.3088,11.704,11.849,50.0,1,1,normal,0
IC_5322,LOT_C,W15,12.0576,16.723,44.7331,80.216,2.3535,2.6193,10.8137,11.4501,50.0,1,1,early_drifter,1
IC_5323,LOT_D,W09,10.9763,12.5333,14.4066,14.9938,2.6721,2.748,11.1618,11.3633,50.0,1,1,normal,0
IC_5324,LOT_D,W20,9.9992,14.5243,37.8635,69.3943,2.1134,2.3955,10.7352,11.1803,50.0,1,1,early_drifter,1
IC_5325,LOT_C,W13,11.4065,12.3611,13.4668,13.6795,2.2531,2.372,11.5367,11.6123,50.0,1,1,normal,0
IC_5326,LOT_F,W17,13.4807,14.2011,15.2424,15.636,2.4353,2.5162,12.1406,12.3192,50.0,1,1,normal,0
IC_5327,LOT_A,W14,11.44,12.7567,14.403,14.2078,2.9461,3.048,11.6489,11.7997,50.0,1,1,normal,0
IC_5328,LOT_A,W10,9.9186,11.4866,12.8097,13.9221,2.7689,2.864,10.3224,10.4396,50.0,1,1,normal,0
IC_5329,LOT_B,W17,7.1424,8.6063,9.9913,10.4512,1.9716,2.1091,11.6495,11.7061,50.0,1,1,normal,0
IC_5330,LOT_E,W16,9.2916,10.8957,12.5918,13.0215,2.5175,2.6545,13.2125,13.4356,50.0,1,1,normal,0
IC_5331,LOT_C,W14,80.2201,82.7736,89.9288,105.1751,7.86,8.0417,21.123,21.481,50.0,0,0,gross_failure,1
IC_5332,LOT_C,W21,9.682,10.7142,12.3177,13.2663,2.2018,2.2362,10.2648,10.277,50.0,1,1,normal,0
IC_5333,LOT_D,W23,9.9066,11.7405,12.7664,14.4461,2.5969,2.6896,11.9357,12.2615,50.0,1,1,normal,0
IC_5334,LOT_B,W13,13.6219,15.0888,17.0454,18.4454,2.1847,2.252,10.9494,11.239,50.0,1,1,normal,0
IC_5335,LOT_B,W12,8.543,9.9425,11.1654,11.6531,2.8329,2.9248,10.246,10.5337,50.0,1,1,normal,0
IC_5336,LOT_E,W08,12.7245,13.6885,14.8377,15.853,2.3071,2.3423,11.914,12.0078,50.0,1,1,normal,0
IC_5337,LOT_A,W23,10.4497,11.5267,13.0333,14.0181,2.6337,2.7029,11.1759,11.2415,50.0,1,1,normal,0
IC_5338,LOT_F,W05,11.889,13.4633,15.8519,17.1591,2.2241,2.3244,14.9299,15.1148,50.0,1,1,normal,0
IC_5339,LOT_A,W07,9.9495,11.4159,13.391,14.1885,2.7067,2.8268,10.4468,10.5509,50.0,1,1,normal,0
IC_5340,LOT_A,W08,8.8984,10.0082,10.2303,11.3565,2.1095,2.1841,11.2087,11.5402,50.0,1,1,normal,0
IC_5341,LOT_B,W18,10.1375,11.5847,12.9671,13.5429,3.0148,3.0404,10.6154,10.7866,50.0,1,1,normal,0
IC_5342,LOT_D,W21,9.3584,10.4533,11.6673,13.0224,2.4034,2.4864,12.0508,12.1842,50.0,1,1,normal,0
IC_5343,LOT_E,W06,11.5627,12.8918,13.9582,15.3471,2.137,2.2692,12.6182,12.9074,50.0,1,1,normal,0
IC_5344,LOT_F,W18,8.7549,9.8714,10.4683,10.9513,1.5082,1.6181,13.0166,13.0656,50.0,1,1,normal,0
IC_5345,LOT_B,W04,7.6423,8.5986,10.0418,10.449,2.4794,2.5022,12.0483,12.2079,50.0,1,1,normal,0
IC_5346,LOT_E,W24,6.7393,8.1205,9.6501,10.0367,2.0786,2.1787,12.4736,12.5418,50.0,1,1,normal,0
IC_5347,LOT_A,W22,9.163,9.972,11.0,12.289,2.1569,2.2334,10.9905,10.9412,50.0,1,1,normal,0
IC_5348,LOT_F,W23,9.1445,12.4751,31.3606,57.771,2.3474,2.5319,14.7917,15.2484,50.0,1,1,early_drifter,1
IC_5349,LOT_D,W12,9.3712,10.4629,11.4007,11.8942,2.5547,2.6096,11.0938,11.2975,50.0,1,1,normal,0
IC_5350,LOT_F,W21,10.6756,12.4916,13.9815,15.9379,2.4207,2.5504,13.0269,13.3844,50.0,1,1,normal,0
IC_5351,LOT_E,W08,9.4486,10.8638,12.1313,12.9446,2.4884,2.5623,12.1046,12.316,50.0,1,1,normal,0
IC_5352,LOT_B,W16,38.1269,40.3892,43.2809,44.4575,4.9822,5.1929,14.6384,14.8245,50.0,1,1,latent_distribution_outlier,1
IC_5353,LOT_F,W02,11.2537,12.6498,14.5994,15.5189,1.9452,2.0516,13.2545,13.4082,50.0,1,1,normal,0
IC_5354,LOT_D,W22,10.4235,11.305,12.674,12.9227,2.5919,2.6694,11.9762,12.2534,50.0,1,1,normal,0
IC_5355,LOT_C,W08,12.9313,13.7913,14.5755,15.3226,2.398,2.4505,11.1877,11.408,50.0,1,1,normal,0
IC_5356,LOT_E,W07,9.7111,11.4815,13.09,14.5987,1.9355,2.0637,12.7304,12.8026,50.0,1,1,normal,0
IC_5357,LOT_A,W09,13.0445,14.6583,16.5697,17.6853,2.8641,2.9834,11.74,11.8585,50.0,1,1,normal,0
IC_5358,LOT_E,W10,9.4814,10.7635,12.2868,13.2238,2.0725,2.1542,11.763,11.9523,50.0,1,1,normal,0
IC_5359,LOT_D,W19,9.3,10.1478,11.1651,11.64,2.5896,2.6566,10.0816,10.1388,50.0,1,1,normal,0
IC_5360,LOT_E,W23,11.3706,13.1572,14.4793,15.2711,2.011,2.1236,13.061,13.2652,50.0,1,1,normal,0
IC_5361,LOT_A,W20,7.7574,9.3894,10.662,11.933,2.5894,2.6839,11.7021,11.9431,50.0,1,1,normal,0
IC_5362,LOT_A,W20,8.0598,9.2049,10.4191,11.4906,2.3495,2.3735,11.4571,11.6237,50.0,1,1,normal,0
IC_5363,LOT_F,W04,11.3467,12.3953,13.0092,13.814,1.9287,2.0067,12.4204,12.4,50.0,1,1,normal,0
IC_5364,LOT_C,W09,12.2757,13.3341,14.1648,15.5261,2.2877,2.3793,11.7757,11.9058,50.0,1,1,normal,0
IC_5365,LOT_F,W17,9.2952,10.425,11.5706,12.9786,1.7783,1.8503,13.4737,13.5811,50.0,1,1,normal,0
IC_5366,LOT_E,W19,9.8247,11.5237,12.8866,13.2732,2.0453,2.1317,12.0873,12.2531,50.0,1,1,normal,0
IC_5367,LOT_B,W06,9.56,10.7151,11.8467,12.4523,2.1852,2.2863,10.354,10.4074,50.0,1,1,normal,0
IC_5368,LOT_D,W07,8.6161,10.279,11.5434,12.2665,2.3813,2.4408,11.8211,12.1624,50.0,1,1,normal,0
IC_5369,LOT_A,W21,36.7132,38.6302,41.3855,42.6905,4.4891,4.6723,15.838,15.9477,50.0,1,1,latent_distribution_outlier,1
IC_5370,LOT_F,W05,10.7253,12.4642,13.9729,14.6575,1.6179,1.677,12.3937,12.5202,50.0,1,1,normal,0
IC_5371,LOT_E,W09,10.7826,12.5677,13.8679,15.1169,2.6102,2.7189,12.4504,12.7096,50.0,1,1,normal,0
IC_5372,LOT_B,W09,8.3492,10.1618,11.4737,12.9362,2.362,2.4727,11.7783,12.1153,50.0,1,1,normal,0
IC_5373,LOT_D,W03,11.5819,12.6499,13.6796,15.2931,2.6346,2.7068,10.3151,10.4743,50.0,1,1,normal,0
IC_5374,LOT_C,W07,11.9745,12.8192,13.7908,14.4868,2.5265,2.5837,11.8564,12.0198,50.0,1,1,normal,0
IC_5375,LOT_B,W24,10.6826,11.9315,13.1044,13.5383,2.9241,2.9948,10.5395,10.6966,50.0,1,1,normal,0
IC_5376,LOT_A,W09,8.71,9.7827,10.1911,10.9271,2.3633,2.4277,11.7305,11.9036,50.0,1,1,normal,0
IC_5377,LOT_B,W02,7.8313,8.5296,9.3789,9.869,2.427,2.4421,11.9692,12.0554,50.0,1,1,normal,0
IC_5378,LOT_E,W09,9.1672,10.2746,10.8099,12.1626,1.8589,1.9343,12.2051,12.3411,50.0,1,1,normal,0
IC_5379,LOT_C,W11,10.6643,11.3775,12.0172,13.0498,2.1542,2.2001,13.0109,13.1065,50.0,1,1,normal,0
IC_5380,LOT_E,W18,7.8944,9.3712,11.1652,12.6818,2.1234,2.176,11.4773,11.7394,50.0,1,1,normal,0
IC_5381,LOT_C,W04,11.8994,12.8805,13.7256,14.544,2.1285,2.1508,13.3786,13.4637,50.0,1,1,normal,0
IC_5382,LOT_C,W20,11.6705,12.9761,14.2286,15.5845,2.1964,2.2396,11.4568,11.6434,50.0,1,1,normal,0
IC_5383,LOT_B,W18,11.0437,12.1756,12.7759,14.1384,2.7534,2.8104,9.8857,10.1124,50.0,1,1,normal,0
IC_5384,LOT_D,W05,8.373,9.8999,10.8567,11.8792,2.4836,2.499,11.4186,11.7398,50.0,1,1,normal,0
IC_5385,LOT_D,W02,9.5126,11.0068,12.8037,13.5012,2.2123,2.3287,11.7491,11.9194,50.0,1,1,normal,0
IC_5386,LOT_F,W20,9.6751,11.2844,12.5906,13.7595,1.785,1.8483,13.1224,13.403,50.0,1,1,normal,0
IC_5387,LOT_A,W20,8.1994,9.2654,10.437,11.5681,2.1066,2.1768,11.6547,11.7023,50.0,1,1,normal,0
IC_5388,LOT_D,W01,10.9604,11.9668,13.2666,14.1247,2.6811,2.7298,11.8119,12.0091,50.0,1,1,normal,0
IC_5389,LOT_F,W23,10.493,12.0658,13.3859,14.434,2.2619,2.3326,13.0278,13.2002,50.0,1,1,normal,0
IC_5390,LOT_C,W09,11.364,13.0592,14.7319,16.2488,2.4148,2.5379,12.5658,12.6782,50.0,1,1,normal,0
IC_5391,LOT_F,W07,10.4671,11.7284,12.8814,13.2253,2.5481,2.6166,13.3172,13.3989,50.0,1,1,normal,0
IC_5392,LOT_D,W06,10.1431,11.9068,13.2222,14.4965,2.2326,2.3308,13.548,13.8898,50.0,1,1,normal,0
IC_5393,LOT_D,W02,12.1593,13.5826,14.3912,15.2396,2.5458,2.5993,12.581,12.7878,50.0,1,1,normal,0
IC_5394,LOT_F,W14,10.8119,12.507,14.138,14.613,2.3771,2.497,13.7001,13.8112,50.0,1,1,normal,0
IC_5395,LOT_F,W14,11.546,12.9363,13.6836,14.9575,2.0305,2.1289,13.1785,13.6356,50.0,1,1,normal,0
IC_5396,LOT_E,W06,7.4677,9.0414,10.3835,11.2194,1.9064,2.0121,12.579,12.6643,50.0,1,1,normal,0
IC_5397,LOT_B,W22,9.2721,10.4831,11.6696,12.4156,2.4573,2.4968,10.3782,10.5421,50.0,1,1,normal,0
IC_5398,LOT_B,W19,5.3608,7.0875,8.6708,9.7657,2.1022,2.1766,11.3332,11.5539,50.0,1,1,normal,0
IC_5399,LOT_C,W09,11.542,12.9511,14.3291,14.9096,2.19,2.2732,11.7331,11.8501,50.0,1,1,normal,0
IC_5400,LOT_D,W24,10.0565,11.6285,13.191,14.8881,2.8481,2.9886,13.1884,13.5143,50.0,1,1,normal,0
IC_5401,LOT_C,W06,11.9532,17.3501,46.2479,84.4211,1.9267,2.2671,11.4782,11.951,50.0,1,1,early_drifter,1
IC_5402,LOT_C,W08,12.2104,13.7383,15.0254,15.8361,2.3701,2.4799,12.1361,12.2979,50.0,1,1,normal,0
IC_5403,LOT_F,W17,11.5532,12.165,13.3567,13.9795,2.6069,2.6578,12.8173,12.8951,50.0,1,1,normal,0
IC_5404,LOT_A,W01,9.8724,11.3343,12.4386,13.7103,2.4615,2.5505,10.8021,11.0609,50.0,1,1,normal,0
IC_5405,LOT_C,W18,9.405,10.5322,12.4236,12.634,1.8914,1.9375,11.8508,11.9739,50.0,1,1,normal,0
IC_5406,LOT_E,W23,10.1058,11.6494,13.2255,14.1313,2.1967,2.3228,11.9129,12.1509,50.0,1,1,normal,0
IC_5407,LOT_A,W04,10.4767,11.5382,12.9748,13.5493,2.8148,2.8184,11.4341,11.699,50.0,1,1,normal,0
IC_5408,LOT_B,W06,9.2044,13.4098,36.8442,66.0923,2.6411,2.8211,10.1619,10.6235,50.0,1,1,early_drifter,1
IC_5409,LOT_B,W14,10.7752,11.8523,12.688,13.5937,2.6846,2.7417,12.5361,12.7224,50.0,1,1,normal,0
IC_5410,LOT_E,W19,11.7581,12.8982,14.1379,15.2139,2.3296,2.3461,12.4672,12.4567,50.0,1,1,normal,0
IC_5411,LOT_B,W02,11.9672,13.0314,14.658,15.8554,3.1935,3.2576,11.7495,11.8875,50.0,1,1,normal,0
IC_5412,LOT_E,W11,8.9814,10.7042,11.6823,12.4879,2.0562,2.127,12.934,13.0355,50.0,1,1,normal,0
IC_5413,LOT_F,W17,10.3984,10.9532,11.7029,12.8885,2.2626,2.2699,13.2541,13.2372,50.0,1,1,normal,0
IC_5414,LOT_F,W05,10.7485,12.361,14.0313,15.253,2.2784,2.3964,13.161,13.3624,50.0,1,1,normal,0
IC_5415,LOT_A,W22,12.7669,13.6296,14.4739,15.6111,2.9645,2.9981,11.9087,12.0872,50.0,1,1,normal,0
IC_5416,LOT_D,W17,7.6751,9.1156,10.2891,11.0711,2.3538,2.4883,11.9874,12.0807,50.0,1,1,normal,0
IC_5417,LOT_E,W24,11.5834,13.2462,14.4287,16.046,2.4937,2.6013,12.7553,12.8935,50.0,1,1,normal,0
IC_5418,LOT_B,W02,7.2817,8.8898,10.3534,11.992,1.8549,1.9997,10.9244,11.2614,50.0,1,1,normal,0
IC_5419,LOT_C,W17,12.0864,13.1598,14.2565,15.2597,2.2537,2.3077,12.8423,12.9757,50.0,1,1,normal,0
IC_5420,LOT_C,W12,43.657,45.2228,46.7677,47.1579,4.8278,4.9199,15.1616,15.1823,50.0,1,1,latent_distribution_outlier,1
IC_5421,LOT_E,W07,11.9111,12.5847,13.4875,14.0697,2.765,2.8265,14.2043,14.3159,50.0,1,1,normal,0
IC_5422,LOT_E,W12,7.5127,8.78,9.8856,10.6263,2.1837,2.2678,11.7878,11.7784,50.0,1,1,normal,0
IC_5423,LOT_F,W04,11.4171,12.366,12.992,14.2546,2.4521,2.5281,14.5049,14.5583,50.0,1,1,normal,0
IC_5424,LOT_D,W05,9.7312,11.2056,12.6899,13.4841,2.7242,2.8523,13.2252,13.452,50.0,1,1,normal,0
IC_5425,LOT_F,W15,8.5048,10.2096,11.6979,12.6824,2.1869,2.3099,13.7592,13.9115,50.0,1,1,normal,0
IC_5426,LOT_F,W14,10.1194,11.5379,12.9139,13.5465,2.2179,2.3111,13.7587,13.9679,50.0,1,1,normal,0
IC_5427,LOT_A,W08,12.9507,13.8263,14.6407,14.2419,3.0832,3.1213,12.5445,12.7206,50.0,1,1,normal,0
IC_5428,LOT_E,W09,7.9737,8.861,10.4141,10.6293,2.1894,2.2382,12.0544,12.1092,50.0,1,1,normal,0
IC_5429,LOT_C,W12,11.2794,12.9401,14.5452,15.4535,2.2794,2.3683,12.1563,12.3321,50.0,1,1,normal,0
IC_5430,LOT_A,W24,8.3253,8.9026,10.2053,11.0571,2.4443,2.4564,10.8852,10.9127,50.0,1,1,normal,0
IC_5431,LOT_A,W11,10.5791,11.2175,12.204,12.5311,2.2258,2.286,12.6811,12.7995,50.0,1,1,normal,0
IC_5432,LOT_B,W09,7.6908,8.7202,8.8317,9.7776,2.3641,2.4213,12.6126,12.7922,50.0,1,1,normal,0
IC_5433,LOT_B,W14,9.746,11.2926,12.9247,13.8892,2.681,2.821,9.9135,10.1166,50.0,1,1,normal,0
IC_5434,LOT_C,W16,11.8976,13.146,15.0927,16.1912,2.1822,2.1991,11.7448,12.0015,50.0,1,1,normal,0
IC_5435,LOT_A,W11,7.0,12.1484,41.2468,80.7596,2.112,2.4436,10.6936,11.226,50.0,1,1,early_drifter,1
IC_5436,LOT_C,W19,70.9225,74.2197,82.9471,100.8715,6.6885,6.8582,19.5795,19.7567,50.0,0,0,gross_failure,1
IC_5437,LOT_E,W23,9.237,10.4545,11.3126,11.3578,2.1271,2.1962,12.0608,12.3908,50.0,1,1,normal,0
IC_5438,LOT_E,W10,12.7731,14.4207,16.3985,17.3293,2.6202,2.7227,10.8594,11.0181,50.0,1,1,normal,0
IC_5439,LOT_A,W18,10.169,11.4571,13.1662,13.9181,2.5406,2.6373,10.6582,10.8998,50.0,1,1,normal,0
IC_5440,LOT_B,W13,5.9696,7.1307,8.2906,8.3026,1.93,2.0151,11.5665,11.6798,50.0,1,1,normal,0
IC_5441,LOT_D,W18,10.2374,11.3531,11.8884,12.6668,2.3849,2.4941,13.3791,13.6796,50.0,1,1,normal,0
IC_5442,LOT_A,W16,7.8648,8.9805,9.398,9.7401,2.6098,2.6676,10.4581,10.6169,50.0,1,1,normal,0
IC_5443,LOT_E,W11,34.0122,36.0898,38.2648,39.9876,4.1482,4.2898,15.4233,15.6052,50.0,1,1,latent_distribution_outlier,1
IC_5444,LOT_E,W18,11.6799,12.6128,13.783,14.4757,2.004,2.0603,12.9684,13.1786,50.0,1,1,normal,0
IC_5445,LOT_B,W10,13.4571,14.6737,15.8117,15.5058,2.7121,2.8129,11.6325,11.6843,50.0,1,1,normal,0
IC_5446,LOT_B,W23,9.0401,10.6796,12.5935,13.2508,2.574,2.6821,11.2179,11.399,50.0,1,1,normal,0
IC_5447,LOT_E,W08,10.9643,11.97,13.6731,14.5005,2.1959,2.2526,13.1229,13.1701,50.0,1,1,normal,0
IC_5448,LOT_B,W08,9.3404,10.1085,11.3282,11.4454,2.6795,2.7175,11.1212,11.2376,50.0,1,1,normal,0
IC_5449,LOT_F,W07,8.4633,9.3053,10.8035,10.9362,1.9831,1.9861,14.7123,14.8994,50.0,1,1,normal,0
IC_5450,LOT_F,W19,10.4358,11.8139,13.4042,14.6568,2.4552,2.5358,13.3505,13.6916,50.0,1,1,normal,0
IC_5451,LOT_B,W06,6.5083,7.3081,8.4267,9.1716,2.5519,2.5743,11.0718,11.1281,50.0,1,1,normal,0
IC_5452,LOT_E,W14,10.5966,12.0636,12.9976,14.0432,2.1316,2.1873,12.4323,12.5826,50.0,1,1,normal,0
IC_5453,LOT_C,W06,10.4906,12.1665,13.1658,13.652,1.984,2.0269,12.5526,12.875,50.0,1,1,normal,0
IC_5454,LOT_E,W19,11.6665,13.0349,14.079,14.9323,2.0089,2.0912,12.0068,12.1337,50.0,1,1,normal,0
IC_5455,LOT_B,W06,9.1663,10.5839,12.203,12.8116,2.8196,2.9045,12.0224,12.3463,50.0,1,1,normal,0
IC_5456,LOT_A,W19,10.2908,11.1712,11.6953,12.5098,2.8685,2.9044,10.6328,10.7373,50.0,1,1,normal,0
IC_5457,LOT_B,W21,9.2406,10.523,12.0573,13.3612,2.1768,2.2277,11.5696,11.7988,50.0,1,1,normal,0
IC_5458,LOT_F,W03,10.8179,12.3103,13.6226,14.2995,2.6178,2.6571,12.7046,12.7565,50.0,1,1,normal,0
IC_5459,LOT_E,W14,54.362,59.3398,67.517,83.1504,5.834,6.132,19.3036,19.7994,50.0,0,0,gross_failure,1
IC_5460,LOT_C,W08,9.8242,10.91,12.3914,12.5839,2.1996,2.2878,11.9219,11.9739,50.0,1,1,normal,0
IC_5461,LOT_F,W02,11.1068,11.925,12.9951,13.7025,1.9716,1.9967,12.4678,12.5338,50.0,1,1,normal,0
IC_5462,LOT_D,W15,8.1703,14.6404,51.0636,98.0158,2.5599,2.9453,10.657,11.499,50.0,1,1,early_drifter,1
IC_5463,LOT_E,W14,11.6946,13.4063,15.075,15.4192,2.379,2.4368,12.1326,12.4699,50.0,1,1,normal,0
IC_5464,LOT_A,W20,12.4625,13.5518,14.8145,15.4544,2.9105,2.9825,11.9544,12.1549,50.0,1,1,normal,0
IC_5465,LOT_E,W08,9.6861,11.1488,12.72,14.4959,2.3307,2.4232,11.6826,11.9451,50.0,1,1,normal,0
IC_5466,LOT_C,W20,11.6689,12.5296,13.318,13.4341,2.3468,2.4165,10.9663,11.0527,50.0,1,1,normal,0
IC_5467,LOT_E,W10,13.983,15.1999,16.2215,17.4749,2.5016,2.5385,14.3814,14.5043,50.0,1,1,normal,0
IC_5468,LOT_C,W01,41.2611,43.1978,45.3774,47.0828,4.7406,4.8455,16.6653,16.9386,50.0,1,1,latent_distribution_outlier,1
IC_5469,LOT_E,W07,10.6722,11.8794,12.9474,12.8241,2.6879,2.781,11.9513,12.0106,50.0,1,1,normal,0
IC_5470,LOT_A,W18,45.958,47.3411,48.371,48.917,5.469,5.6097,15.9849,16.1527,50.0,1,1,latent_distribution_outlier,1
IC_5471,LOT_F,W24,11.0835,12.2347,13.6916,14.3397,2.0315,2.0463,12.8396,12.9781,50.0,1,1,normal,0
IC_5472,LOT_B,W08,8.2438,9.8117,10.4719,11.6023,2.344,2.4548,11.6963,11.8842,50.0,1,1,normal,0
IC_5473,LOT_A,W06,6.559,7.5363,8.5713,9.4224,2.4031,2.4302,10.7641,11.0288,50.0,1,1,normal,0
IC_5474,LOT_D,W09,10.0415,10.8771,11.8644,12.1072,2.2298,2.3451,11.7688,11.8831,50.0,1,1,normal,0
IC_5475,LOT_E,W06,9.478,10.6907,12.2412,12.8283,2.2297,2.3646,11.9332,12.0478,50.0,1,1,normal,0
IC_5476,LOT_A,W11,9.0148,10.1068,10.8585,11.323,2.1208,2.1856,10.6993,10.9716,50.0,1,1,normal,0
IC_5477,LOT_E,W05,6.4426,8.063,9.6023,10.3306,2.4013,2.4364,12.1136,12.4738,50.0,1,1,normal,0
IC_5478,LOT_B,W20,6.8596,7.6451,9.0428,9.4802,2.485,2.5405,10.7275,10.7176,50.0,1,1,normal,0
IC_5479,LOT_E,W05,10.2603,11.1846,11.8576,12.2957,2.6385,2.6396,12.1376,12.2636,50.0,1,1,normal,0
IC_5480,LOT_B,W14,8.4083,9.6267,10.8471,11.1326,2.5633,2.6354,11.1629,11.3997,50.0,1,1,normal,0
IC_5481,LOT_C,W07,11.9023,13.0917,14.8217,16.1183,2.3081,2.3608,11.9439,12.173,50.0,1,1,normal,0
IC_5482,LOT_D,W06,10.4348,11.504,12.3458,13.1492,2.5144,2.5595,10.3739,10.5929,50.0,1,1,normal,0
IC_5483,LOT_F,W22,74.6072,78.9235,92.4042,112.7039,7.0305,7.2901,22.5565,23.125,50.0,0,0,gross_failure,1
IC_5484,LOT_F,W14,10.2176,15.9041,48.5202,91.2886,2.0007,2.3607,13.3263,13.9202,50.0,1,1,early_drifter,1
IC_5485,LOT_F,W09,10.289,11.4636,12.3127,12.5967,2.1713,2.2751,13.0404,13.2972,50.0,1,1,normal,0
IC_5486,LOT_A,W04,7.1887,8.2584,9.7021,9.673,2.3072,2.4417,11.6301,11.8195,50.0,1,1,normal,0
IC_5487,LOT_E,W13,7.6013,9.5115,10.5992,11.4252,2.2698,2.3761,11.8124,12.168,50.0,1,1,normal,0
IC_5488,LOT_D,W22,13.8053,15.361,17.0961,17.7714,2.7736,2.8489,11.6479,11.8276,50.0,1,1,normal,0
IC_5489,LOT_C,W15,12.9884,13.7865,14.8143,15.0602,2.2758,2.3602,10.8137,10.8915,50.0,1,1,normal,0
IC_5490,LOT_D,W14,11.7516,13.1382,15.0363,15.6605,2.8493,2.9118,12.1169,12.3784,50.0,1,1,normal,0
IC_5491,LOT_C,W01,11.4345,13.0489,14.0991,14.7737,2.1872,2.2698,10.7905,10.9848,50.0,1,1,normal,0
IC_5492,LOT_B,W11,6.5077,7.3089,8.5841,8.8512,2.2101,2.263,8.7982,8.8126,50.0,1,1,normal,0
IC_5493,LOT_A,W13,9.666,11.106,12.3095,12.7538,2.2663,2.3839,11.5668,11.7995,50.0,1,1,normal,0
IC_5494,LOT_D,W18,8.7665,9.7196,10.5615,10.5879,2.2377,2.3212,12.0104,11.9773,50.0,1,1,normal,0
IC_5495,LOT_E,W07,11.9171,13.8175,15.635,16.0958,2.5181,2.7099,12.148,12.3487,50.0,1,1,normal,0
IC_5496,LOT_B,W02,10.2057,11.0435,11.6797,12.2737,2.625,2.6662,11.2478,11.5752,50.0,1,1,normal,0
IC_5497,LOT_E,W17,10.5448,12.1289,13.7272,15.0283,2.2608,2.4044,12.9189,13.1479,50.0,1,1,normal,0
IC_5498,LOT_C,W19,11.5135,13.0269,14.1879,15.3284,2.1083,2.2216,11.0876,11.2718,50.0,1,1,normal,0
IC_5499,LOT_A,W20,8.8227,10.1207,11.8062,12.5082,2.0581,2.1387,10.821,10.9223,50.0,1,1,normal,0
IC_5500,LOT_B,W23,6.675,7.225,8.2534,8.5428,2.6378,2.6641,12.4804,12.4648,50.0,1,1,normal,0
IC_5501,LOT_A,W04,11.8279,13.006,13.4919,15.0685,2.6037,2.6444,10.5652,10.6551,50.0,1,1,normal,0
IC_5502,LOT_D,W12,8.5455,9.7975,10.702,11.3713,2.3384,2.3782,11.9918,12.342,50.0,1,1,normal,0
IC_5503,LOT_E,W16,9.5796,11.119,12.6282,13.27,2.4883,2.5187,12.7678,12.8926,50.0,1,1,normal,0
IC_5504,LOT_B,W23,9.4728,11.0237,12.6507,13.1016,2.0975,2.2119,10.3764,10.4645,50.0,1,1,normal,0
IC_5505,LOT_F,W21,8.6462,10.5492,12.0391,12.5177,2.6023,2.7039,14.1301,14.391,50.0,1,1,normal,0
IC_5506,LOT_F,W05,12.0177,13.1022,14.5326,15.2722,2.0378,2.145,13.7851,13.8648,50.0,1,1,normal,0
IC_5507,LOT_D,W21,11.4772,12.8944,14.1599,15.2602,2.3705,2.4806,12.4524,12.6052,50.0,1,1,normal,0
IC_5508,LOT_B,W11,11.817,12.6201,13.1186,13.9942,2.3929,2.4346,10.768,10.8152,50.0,1,1,normal,0
IC_5509,LOT_F,W06,11.2101,12.1674,14.0543,14.2808,2.3128,2.3704,13.4199,13.5349,50.0,1,1,normal,0
IC_5510,LOT_E,W11,12.3843,13.7156,14.196,15.2241,2.3726,2.4723,13.1752,13.172,50.0,1,1,normal,0
IC_5511,LOT_C,W19,12.6551,13.7393,14.8023,15.601,2.7542,2.8709,11.2807,11.5377,50.0,1,1,normal,0
IC_5512,LOT_F,W16,9.3059,10.4079,12.4706,12.8624,2.4137,2.5142,13.927,14.2277,50.0,1,1,normal,0
IC_5513,LOT_B,W15,7.1674,8.1873,8.6587,10.1196,2.0883,2.0737,10.1822,10.3176,50.0,1,1,normal,0
IC_5514,LOT_A,W14,10.3392,11.5539,13.8092,14.5456,2.9308,2.9577,10.9453,10.9753,50.0,1,1,normal,0
IC_5515,LOT_F,W23,12.8536,14.3897,15.6944,16.6192,2.4159,2.5073,13.2515,13.546,50.0,1,1,normal,0
IC_5516,LOT_F,W07,11.3864,12.6405,13.928,14.4576,2.515,2.5697,13.7473,13.9996,50.0,1,1,normal,0
IC_5517,LOT_A,W09,10.1872,11.1516,11.7395,12.1354,2.5088,2.626,10.3645,10.418,50.0,1,1,normal,0
IC_5518,LOT_C,W19,10.0715,11.1851,12.1365,12.0258,1.9705,2.0435,11.555,11.7756,50.0,1,1,normal,0
IC_5519,LOT_D,W04,10.2049,11.0877,11.792,13.011,2.7839,2.7939,11.8279,11.7027,50.0,1,1,normal,0
IC_5520,LOT_A,W12,9.7289,11.1262,12.495,13.3915,2.3131,2.3828,10.9861,11.1658,50.0,1,1,normal,0
IC_5521,LOT_C,W20,8.8808,10.3793,11.7729,12.9864,1.9741,2.0711,11.4375,11.6429,50.0,1,1,normal,0
IC_5522,LOT_B,W07,9.1012,10.5353,11.8428,11.809,2.0249,2.1148,10.8234,10.9984,50.0,1,1,normal,0
IC_5523,LOT_F,W17,9.2309,10.3895,11.2418,12.1946,2.2438,2.3078,14.0477,14.3558,50.0,1,1,normal,0
IC_5524,LOT_C,W14,13.6938,18.4702,47.3275,85.3324,2.2612,2.5052,11.7999,12.4049,50.0,1,1,early_drifter,1
IC_5525,LOT_C,W13,11.8819,12.9671,14.1403,15.3294,2.3401,2.4576,11.0361,11.0247,50.0,1,1,normal,0
IC_5526,LOT_F,W20,10.6842,12.0354,12.4641,13.5882,2.3352,2.4259,12.6519,12.7795,50.0,1,1,normal,0
IC_5527,LOT_B,W18,9.1534,11.189,12.6559,13.4721,2.3336,2.4369,8.8869,9.14,50.0,1,1,normal,0
IC_5528,LOT_A,W11,11.2973,14.9212,34.2833,59.654,2.6082,2.7844,11.4941,11.8972,50.0,1,1,early_drifter,1
IC_5529,LOT_E,W09,9.252,10.9307,12.7367,13.9232,2.3069,2.405,12.2463,12.4227,50.0,1,1,normal,0
IC_5530,LOT_D,W18,10.5017,12.076,13.8714,14.7313,2.5354,2.6608,11.3337,11.526,50.0,1,1,normal,0
IC_5531,LOT_C,W03,10.7953,14.3504,33.7304,61.3669,2.313,2.4948,12.5448,13.0023,50.0,1,1,early_drifter,1
IC_5532,LOT_B,W16,11.9327,13.3209,13.7244,14.1323,2.2558,2.3483,11.7604,11.8602,50.0,1,1,normal,0
IC_5533,LOT_E,W21,8.8075,9.6509,10.169,11.2255,1.6096,1.6244,13.7326,13.7208,50.0,1,1,normal,0
IC_5534,LOT_D,W02,10.5972,11.4814,12.7427,13.0452,2.2097,2.235,12.5997,12.6161,50.0,1,1,normal,0
IC_5535,LOT_F,W12,12.7052,13.9926,14.881,15.2912,2.2515,2.3251,14.7181,14.8005,50.0,1,1,normal,0
IC_5536,LOT_C,W15,11.0759,12.0689,12.4839,12.8195,1.9586,1.9394,10.6131,10.5987,50.0,1,1,normal,0
IC_5537,LOT_B,W23,11.8233,12.8494,14.7898,15.4111,2.3717,2.4346,10.871,10.9551,50.0,1,1,normal,0
IC_5538,LOT_A,W03,10.4194,12.1291,13.1374,14.5923,2.6104,2.6403,11.5969,11.8702,50.0,1,1,normal,0
IC_5539,LOT_C,W03,11.3681,12.543,14.0407,15.1225,2.7867,2.8745,11.7908,11.9211,50.0,1,1,normal,0
IC_5540,LOT_A,W03,12.9041,14.4807,16.3895,16.7484,2.7789,2.8518,11.9335,12.0332,50.0,1,1,normal,0
IC_5541,LOT_E,W21,8.4313,9.9046,11.3474,12.7724,2.4983,2.5999,12.591,12.6816,50.0,1,1,normal,0
IC_5542,LOT_F,W17,69.8875,72.0988,82.3505,111.9367,6.9736,7.1369,23.4729,23.5698,50.0,0,0,gross_failure,1
IC_5543,LOT_A,W09,8.232,9.5232,10.7039,11.7009,2.0747,2.1339,10.7484,10.9786,50.0,1,1,normal,0
IC_5544,LOT_A,W15,7.4471,8.5244,10.0789,11.3985,2.629,2.6968,10.2397,10.3169,50.0,1,1,normal,0
IC_5545,LOT_C,W01,10.4382,12.3305,13.6757,15.0214,2.1866,2.302,11.705,11.858,50.0,1,1,normal,0
IC_5546,LOT_C,W17,8.9804,9.886,11.1124,12.4606,1.6276,1.6792,10.9213,10.8098,50.0,1,1,normal,0
IC_5547,LOT_D,W13,8.2574,9.2981,10.8037,11.8884,2.7131,2.772,12.1699,12.3165,50.0,1,1,normal,0
IC_5548,LOT_A,W09,7.9583,9.6163,11.3049,12.7865,2.7226,2.8615,11.6404,12.0428,50.0,1,1,normal,0
IC_5549,LOT_B,W04,5.0476,6.2477,7.7851,8.5342,1.2369,1.3483,10.1721,10.4446,50.0,1,1,normal,0
IC_5550,LOT_C,W17,52.5778,57.8948,76.8474,105.4104,5.6124,5.9764,20.2515,20.7912,50.0,0,0,gross_failure,1
IC_5551,LOT_E,W13,11.2943,12.3759,13.8033,14.9504,2.6249,2.7184,13.5936,13.5916,50.0,1,1,normal,0
IC_5552,LOT_C,W12,11.0601,12.0968,13.1945,13.3903,2.3446,2.3568,13.2455,13.4914,50.0,1,1,normal,0
IC_5553,LOT_B,W06,10.3934,11.7764,12.289,13.7951,2.3886,2.5195,10.3497,10.5468,50.0,1,1,normal,0
IC_5554,LOT_E,W14,53.6046,55.7309,69.1936,80.4462,5.8127,5.9544,18.6304,18.9261,50.0,0,0,gross_failure,1
IC_5555,LOT_A,W24,12.1019,13.7814,15.6513,15.8556,3.2397,3.3396,10.6015,10.749,50.0,1,1,normal,0
IC_5556,LOT_D,W07,11.5638,17.3193,48.6182,92.0641,2.2808,2.6216,11.983,12.4772,50.0,1,1,early_drifter,1
IC_5557,LOT_C,W02,12.7141,14.6024,16.0611,17.0223,1.9208,2.0602,12.4259,12.8287,50.0,1,1,normal,0
IC_5558,LOT_E,W22,7.4828,9.1017,10.5451,12.2945,1.9741,2.0416,11.2771,11.4257,50.0,1,1,normal,0
IC_5559,LOT_F,W15,10.7278,11.7093,12.7298,12.6014,1.7339,1.7375,12.2452,12.3255,50.0,1,1,normal,0
IC_5560,LOT_F,W19,10.5957,11.5557,12.6273,12.8383,2.2298,2.2351,13.7677,13.8219,50.0,1,1,normal,0
IC_5561,LOT_C,W24,11.231,12.1754,13.3311,13.7896,2.5175,2.6026,11.035,10.9441,50.0,1,1,normal,0
IC_5562,LOT_B,W23,5.6388,6.6123,7.3504,8.3769,2.1901,2.1849,11.478,11.7876,50.0,1,1,normal,0
IC_5563,LOT_F,W22,10.0898,11.8829,13.0144,14.3762,2.2923,2.3741,14.4586,14.7234,50.0,1,1,normal,0
IC_5564,LOT_E,W13,11.865,13.3617,14.4728,14.9085,2.0408,2.1138,12.3669,12.4473,50.0,1,1,normal,0
IC_5565,LOT_E,W14,8.4581,9.7602,11.5747,11.9108,1.8722,1.9837,12.5068,12.5783,50.0,1,1,normal,0
IC_5566,LOT_D,W16,9.1801,10.8294,12.6866,14.3761,2.5507,2.6168,10.5486,10.7402,50.0,1,1,normal,0
IC_5567,LOT_C,W23,11.3071,12.8958,14.7328,15.1378,2.1693,2.198,12.454,12.5018,50.0,1,1,normal,0
IC_5568,LOT_F,W04,11.8149,12.7115,14.1973,13.9681,2.3772,2.396,13.1976,13.2696,50.0,1,1,normal,0
IC_5569,LOT_A,W04,11.5177,12.2504,12.7592,13.769,2.8929,2.9289,11.4747,11.5005,50.0,1,1,normal,0
IC_5570,LOT_F,W04,10.5225,12.2493,13.7298,15.1605,2.5358,2.6051,12.4874,12.6689,50.0,1,1,normal,0
IC_5571,LOT_D,W19,11.4851,12.2521,13.061,13.6459,2.607,2.6547,11.9925,11.9265,50.0,1,1,normal,0
IC_5572,LOT_A,W03,7.8726,10.8207,27.1907,49.29,2.237,2.4123,10.7391,11.2128,50.0,1,1,early_drifter,1
IC_5573,LOT_C,W05,10.1364,14.2524,34.7491,60.3339,2.1234,2.3887,10.7918,11.2406,50.0,1,1,early_drifter,1
IC_5574,LOT_E,W01,9.7351,10.7897,11.8647,12.8145,2.1907,2.272,12.6254,12.7936,50.0,1,1,normal,0
IC_5575,LOT_A,W19,6.2873,8.0479,9.5954,11.1909,2.1425,2.2112,10.7383,11.0573,50.0,1,1,normal,0
IC_5576,LOT_B,W20,14.894,16.8129,18.1593,18.5917,2.5289,2.6088,11.5246,11.8522,50.0,1,1,normal,0
IC_5577,LOT_E,W13,7.9843,9.0448,10.2677,11.6316,1.6879,1.7596,11.9466,12.0655,50.0,1,1,normal,0
IC_5578,LOT_C,W01,12.3882,13.5904,14.6628,15.047,2.6485,2.7359,10.9197,11.0373,50.0,1,1,normal,0
IC_5579,LOT_B,W16,9.3172,10.1865,11.2027,11.0668,2.4976,2.5213,11.9953,12.2247,50.0,1,1,normal,0
IC_5580,LOT_B,W04,8.3615,9.827,11.0818,13.0935,2.4181,2.5207,10.6554,10.7729,50.0,1,1,normal,0
IC_5581,LOT_A,W12,10.7276,12.2181,13.7371,14.2995,2.513,2.6066,11.1928,11.2346,50.0,1,1,normal,0
IC_5582,LOT_F,W03,10.7753,12.3042,13.3103,14.0258,2.2253,2.3372,14.0623,14.2791,50.0,1,1,normal,0
IC_5583,LOT_E,W11,6.1668,6.9756,7.7534,8.8578,2.0154,2.048,11.7409,11.98,50.0,1,1,normal,0
IC_5584,LOT_D,W22,9.177,12.5299,28.7313,51.6603,2.3906,2.6113,11.6297,12.1164,50.0,1,1,early_drifter,1
IC_5585,LOT_C,W01,11.3469,12.2103,13.1234,13.9408,1.948,1.9706,12.2582,12.4935,50.0,1,1,normal,0
IC_5586,LOT_D,W24,8.7279,9.9009,10.8799,12.2112,2.0264,2.0396,11.6658,11.6946,50.0,1,1,normal,0
IC_5587,LOT_D,W16,9.4487,10.5506,11.5505,12.7205,2.1257,2.2094,11.7557,12.0404,50.0,1,1,normal,0
IC_5588,LOT_D,W15,10.6443,12.2763,13.6624,14.0286,2.5129,2.6315,11.1696,11.1844,50.0,1,1,normal,0
IC_5589,LOT_A,W13,10.0703,11.5903,13.5615,14.7715,2.7782,2.8118,11.9014,11.9738,50.0,1,1,normal,0
IC_5590,LOT_D,W03,9.946,11.5176,13.221,13.8469,2.3259,2.4106,12.1957,12.2941,50.0,1,1,normal,0
IC_5591,LOT_E,W08,12.3184,13.1367,14.2162,14.2296,2.6106,2.7003,13.637,13.5726,50.0,1,1,normal,0
IC_5592,LOT_B,W10,6.6772,8.0696,9.5506,10.7127,2.1517,2.2592,10.3558,10.4583,50.0,1,1,normal,0
IC_5593,LOT_D,W01,7.9979,9.5219,10.1523,10.3099,2.1725,2.2633,10.0289,10.1488,50.0,1,1,normal,0
IC_5594,LOT_D,W24,9.4193,10.5407,11.5874,12.6629,2.3893,2.4638,11.092,11.2831,50.0,1,1,normal,0
IC_5595,LOT_C,W13,10.6089,11.6671,12.5686,13.0649,2.3215,2.393,11.8181,11.9889,50.0,1,1,normal,0
IC_5596,LOT_F,W05,10.9834,12.208,13.4085,14.3908,2.386,2.424,13.0093,13.1883,50.0,1,1,normal,0
IC_5597,LOT_A,W18,8.6728,9.8872,11.0272,12.1455,2.3038,2.3654,12.4459,12.6218,50.0,1,1,normal,0
IC_5598,LOT_A,W20,12.8073,17.4616,44.4582,77.9212,3.3145,3.5816,11.5326,12.0269,50.0,1,1,early_drifter,1
IC_5599,LOT_C,W03,11.1856,12.1001,13.2161,13.9657,2.3373,2.3802,11.986,12.1473,50.0,1,1,normal,0
IC_5600,LOT_D,W08,8.1567,9.2482,10.5229,10.6967,2.3354,2.368,12.3514,12.4052,50.0,1,1,normal,0
IC_5601,LOT_B,W14,8.8866,9.987,11.496,11.961,2.5811,2.6448,10.5733,10.7593,50.0,1,1,normal,0
IC_5602,LOT_E,W19,11.0913,12.5695,14.1192,15.0422,2.1144,2.1812,13.442,13.5272,50.0,1,1,normal,0
IC_5603,LOT_C,W22,11.9413,13.0424,13.1365,13.7582,2.1661,2.2115,10.9867,11.0988,50.0,1,1,normal,0
IC_5604,LOT_F,W18,39.511,41.1363,42.7284,42.9967,4.1024,4.1979,17.4443,17.5691,50.0,1,1,latent_distribution_outlier,1
IC_5605,LOT_D,W03,10.0836,11.5096,12.6738,14.4419,2.403,2.4472,11.2881,11.4571,50.0,1,1,normal,0
IC_5606,LOT_D,W17,9.2445,10.2945,10.7234,11.504,2.4923,2.5631,11.5524,11.7065,50.0,1,1,normal,0
IC_5607,LOT_A,W23,9.9774,11.1416,12.4517,13.4913,2.5753,2.6512,11.2166,11.273,50.0,1,1,normal,0
IC_5608,LOT_E,W21,9.6613,11.3264,12.5988,14.2347,2.2177,2.3069,12.2583,12.3554,50.0,1,1,normal,0
IC_5609,LOT_A,W07,11.0265,11.7263,12.7094,13.5452,2.5841,2.6234,11.7265,11.7981,50.0,1,1,normal,0
IC_5610,LOT_B,W11,9.444,10.3391,11.1836,11.6588,2.3507,2.4156,10.9664,11.0461,50.0,1,1,normal,0
IC_5611,LOT_B,W18,8.9028,10.3218,11.9482,12.4206,2.4529,2.5472,11.6323,11.7047,50.0,1,1,normal,0
IC_5612,LOT_E,W22,9.8219,11.3103,12.9625,13.7218,1.9877,2.0226,12.2046,12.3461,50.0,1,1,normal,0
IC_5613,LOT_B,W01,11.1195,12.1148,12.8625,13.4917,3.0195,3.0795,11.5794,11.5397,50.0,1,1,normal,0
IC_5614,LOT_B,W16,36.1883,38.8445,41.1082,42.0267,4.7922,4.9274,14.1895,14.4596,50.0,1,1,latent_distribution_outlier,1
IC_5615,LOT_A,W03,7.8836,9.2016,10.7785,11.3866,2.1466,2.2288,11.4452,11.4907,50.0,1,1,normal,0
IC_5616,LOT_D,W12,11.214,13.1763,14.4251,16.0014,2.5663,2.6859,11.3306,11.4079,50.0,1,1,normal,0
IC_5617,LOT_D,W22,9.074,11.0352,11.9471,12.3451,2.4894,2.6368,11.9066,12.1475,50.0,1,1,normal,0
IC_5618,LOT_D,W07,9.3986,10.6839,11.78,12.4659,2.3524,2.4194,12.0589,12.3138,50.0,1,1,normal,0
IC_5619,LOT_F,W06,12.4122,14.0301,15.6933,16.9906,2.064,2.1962,14.4896,14.5842,50.0,1,1,normal,0
IC_5620,LOT_F,W19,8.9504,10.6173,12.2596,12.8278,2.1135,2.2329,13.675,13.8254,50.0,1,1,normal,0
IC_5621,LOT_F,W22,10.6107,11.4321,12.41,13.1895,2.0486,2.1149,13.0352,12.9094,50.0,1,1,normal,0
IC_5622,LOT_A,W15,7.6905,8.5594,10.1047,10.1523,2.494,2.5277,11.5909,11.8526,50.0,1,1,normal,0
IC_5623,LOT_C,W17,12.9713,14.5009,15.8314,17.5506,2.4343,2.567,10.9562,11.3242,50.0,1,1,normal,0
IC_5624,LOT_B,W22,6.4923,8.0562,10.0798,10.7326,2.3062,2.3783,9.3637,9.6582,50.0,1,1,normal,0
IC_5625,LOT_E,W18,7.4465,8.634,9.5626,9.6461,2.2473,2.2576,13.0914,13.2832,50.0,1,1,normal,0
IC_5626,LOT_F,W18,11.4344,11.8887,12.8149,13.7457,2.4565,2.5066,12.6307,12.8249,50.0,1,1,normal,0
IC_5627,LOT_E,W23,7.6715,8.9525,10.4947,11.002,2.2598,2.369,12.1024,12.3827,50.0,1,1,normal,0
IC_5628,LOT_F,W06,10.0952,11.447,13.0371,13.2978,1.9654,2.0227,11.6721,11.9215,50.0,1,1,normal,0
IC_5629,LOT_F,W19,12.7674,13.7506,14.836,16.2069,2.3808,2.4415,13.7424,13.828,50.0,1,1,normal,0
IC_5630,LOT_E,W03,9.3131,10.6612,11.4931,13.23,2.2173,2.2976,13.1982,13.4806,50.0,1,1,normal,0
IC_5631,LOT_D,W24,46.1518,47.2769,49.0641,50.1325,5.5063,5.5092,17.6137,17.8295,50.0,1,1,latent_distribution_outlier,1
IC_5632,LOT_C,W23,10.3231,11.1877,12.0152,12.1096,1.8897,1.9474,11.5362,11.5074,50.0,1,1,normal,0
IC_5633,LOT_D,W16,10.542,11.4569,12.6469,13.0233,2.8084,2.9196,12.45,12.4362,50.0,1,1,normal,0
IC_5634,LOT_B,W10,7.0529,8.8514,9.6892,11.1778,2.497,2.6247,10.7616,11.0351,50.0,1,1,normal,0
IC_5635,LOT_C,W05,12.1094,13.9002,15.4702,16.6009,2.4527,2.5758,11.0673,11.0913,50.0,1,1,normal,0
IC_5636,LOT_C,W14,11.7406,12.5609,13.5687,13.7256,2.3462,2.4286,12.8901,12.9845,50.0,1,1,normal,0
IC_5637,LOT_B,W20,44.686,45.7956,46.4185,47.7276,5.3741,5.4238,15.204,15.2304,50.0,1,1,latent_distribution_outlier,1
IC_5638,LOT_F,W23,9.5199,10.703,12.1385,13.4123,1.8373,1.9236,13.5227,13.7608,50.0,1,1,normal,0
IC_5639,LOT_B,W16,12.1608,12.8676,13.3107,14.1674,2.7204,2.7717,12.892,12.9719,50.0,1,1,normal,0
IC_5640,LOT_A,W04,9.0919,10.6436,12.3336,12.5981,2.7246,2.7862,12.7599,12.9768,50.0,1,1,normal,0
IC_5641,LOT_E,W24,10.6606,11.604,12.7097,13.0271,2.2519,2.3179,12.7154,12.6955,50.0,1,1,normal,0
IC_5642,LOT_C,W18,11.1894,12.6149,13.6083,14.8907,2.2522,2.3176,11.6134,11.8545,50.0,1,1,normal,0
IC_5643,LOT_C,W04,10.8082,12.5596,13.9303,15.0136,2.161,2.2533,12.1776,12.313,50.0,1,1,normal,0
IC_5644,LOT_A,W23,13.1007,14.5306,15.6665,17.3332,2.3692,2.4258,13.2775,13.3422,50.0,1,1,normal,0
IC_5645,LOT_C,W20,10.9109,12.5923,13.5511,14.3177,1.8204,1.9019,13.0061,13.2547,50.0,1,1,normal,0
IC_5646,LOT_F,W07,9.3679,10.7063,11.6482,12.8579,1.872,1.9618,13.2219,13.3167,50.0,1,1,normal,0
IC_5647,LOT_B,W01,8.973,10.1165,11.3771,11.7711,2.1258,2.2286,12.4986,12.6591,50.0,1,1,normal,0
IC_5648,LOT_C,W21,13.0309,14.0046,15.1283,15.91,2.0548,2.1492,11.3135,11.3097,50.0,1,1,normal,0
IC_5649,LOT_B,W16,10.5726,11.5267,12.8293,13.3146,2.6252,2.6909,11.762,11.7608,50.0,1,1,normal,0
IC_5650,LOT_D,W10,10.5277,11.3305,11.9414,13.1516,2.6537,2.6642,11.4844,11.6618,50.0,1,1,normal,0
IC_5651,LOT_F,W03,9.6203,10.4952,11.5401,11.5987,1.7238,1.7608,12.6612,12.9034,50.0,1,1,normal,0
IC_5652,LOT_C,W11,13.8218,14.5004,15.3997,15.7576,2.1337,2.1761,11.8613,11.9454,50.0,1,1,normal,0
IC_5653,LOT_B,W02,8.3483,9.3157,10.211,10.7733,2.5921,2.6401,11.7313,11.893,50.0,1,1,normal,0
IC_5654,LOT_A,W21,10.0523,11.4153,12.3191,12.5056,2.436,2.5466,10.8067,11.0359,50.0,1,1,normal,0
IC_5655,LOT_A,W05,9.2881,10.8803,12.5254,13.5471,2.4052,2.4369,11.8834,12.014,50.0,1,1,normal,0
IC_5656,LOT_A,W15,11.0703,12.6259,14.4285,15.5692,2.7099,2.7941,11.6513,11.8989,50.0,1,1,normal,0
IC_5657,LOT_D,W22,11.448,12.0488,12.6244,13.4591,2.5889,2.6214,11.2233,11.5028,50.0,1,1,normal,0
IC_5658,LOT_D,W04,9.0079,10.0573,11.0791,12.1245,2.4495,2.5407,12.4242,12.4891,50.0,1,1,normal,0
IC_5659,LOT_E,W06,11.3158,12.4823,13.7847,14.3594,2.6456,2.7015,12.4223,12.6402,50.0,1,1,normal,0
IC_5660,LOT_A,W12,10.9007,11.9112,12.7271,13.6384,2.6359,2.6988,11.4848,11.5632,50.0,1,1,normal,0
IC_5661,LOT_A,W17,9.6455,11.2724,13.1795,13.9227,2.147,2.203,11.4898,11.6462,50.0,1,1,normal,0
IC_5662,LOT_E,W21,11.7412,13.1109,14.5658,15.6945,2.2581,2.3177,11.4275,11.6348,50.0,1,1,normal,0
IC_5663,LOT_F,W11,12.6003,14.3991,16.0346,16.8732,2.3195,2.3832,12.3318,12.4164,50.0,1,1,normal,0
IC_5664,LOT_A,W05,11.0158,12.4049,13.3161,14.3764,2.9217,3.0325,12.1544,12.386,50.0,1,1,normal,0
IC_5665,LOT_D,W06,13.6336,14.8012,15.4743,16.7351,2.5564,2.6093,12.5699,12.8623,50.0,1,1,normal,0
IC_5666,LOT_B,W09,10.6735,11.8244,13.3255,15.033,2.3306,2.4181,11.0901,11.245,50.0,1,1,normal,0
IC_5667,LOT_C,W15,10.825,11.936,13.069,13.9403,2.3746,2.4154,11.2077,11.3688,50.0,1,1,normal,0
IC_5668,LOT_C,W17,10.4619,11.84,12.7309,14.0538,2.0255,2.1031,10.6465,10.8106,50.0,1,1,normal,0
IC_5669,LOT_C,W05,12.328,14.4679,16.1192,17.0018,2.4781,2.6287,12.0674,12.2073,50.0,1,1,normal,0
IC_5670,LOT_E,W08,7.8236,9.2052,9.9023,10.7133,2.2047,2.2453,12.3617,12.599,50.0,1,1,normal,0
IC_5671,LOT_A,W16,7.8623,14.3609,47.8334,95.7895,1.8268,2.187,11.1395,12.0552,50.0,1,1,early_drifter,1
IC_5672,LOT_A,W20,8.1345,9.4618,11.1422,11.4049,2.6013,2.6769,11.4174,11.5789,50.0,1,1,normal,0
IC_5673,LOT_A,W03,8.6837,9.3536,10.2248,11.1698,2.2211,2.2756,11.7081,11.7558,50.0,1,1,normal,0
IC_5674,LOT_C,W01,9.7071,10.64,11.0569,11.6983,1.919,1.9824,12.3846,12.5572,50.0,1,1,normal,0
IC_5675,LOT_B,W20,42.5353,45.1752,47.4073,48.2021,5.365,5.5421,14.5195,14.7445,50.0,1,1,latent_distribution_outlier,1
IC_5676,LOT_E,W23,10.0698,11.3052,11.8581,13.6638,2.2153,2.2692,12.5908,12.6943,50.0,1,1,normal,0
IC_5677,LOT_A,W24,8.6339,9.8688,11.2098,12.227,2.1078,2.1636,11.1831,11.3407,50.0,1,1,normal,0
IC_5678,LOT_A,W21,12.5534,13.6543,14.8504,15.8239,2.6643,2.7458,10.5343,10.6713,50.0,1,1,normal,0
IC_5679,LOT_D,W04,7.8182,9.3054,11.0213,12.0573,2.419,2.5019,10.3953,10.6638,50.0,1,1,normal,0
IC_5680,LOT_D,W20,10.6081,11.7791,13.1042,13.8104,2.6624,2.6858,12.0629,12.2733,50.0,1,1,normal,0
IC_5681,LOT_A,W22,11.2844,12.6254,13.8329,14.1978,3.0974,3.1537,11.3652,11.3373,50.0,1,1,normal,0
IC_5682,LOT_F,W18,10.3721,12.0784,14.2999,14.7691,2.1226,2.2647,13.3009,13.5896,50.0,1,1,normal,0
IC_5683,LOT_A,W11,10.565,11.7778,13.5902,13.5071,2.2735,2.3893,10.758,10.9559,50.0,1,1,normal,0
IC_5684,LOT_E,W09,9.0044,10.0568,11.1106,12.4248,2.1518,2.1734,12.2252,12.2722,50.0,1,1,normal,0
IC_5685,LOT_C,W09,12.1862,18.0514,53.2365,96.5635,2.1466,2.4893,11.5514,12.3103,50.0,1,1,early_drifter,1
IC_5686,LOT_B,W12,8.4867,9.076,9.8612,10.4541,2.4489,2.4915,10.6284,10.7435,50.0,1,1,normal,0
IC_5687,LOT_B,W24,8.0626,9.2595,10.1274,10.9212,2.6626,2.7069,11.8905,11.8117,50.0,1,1,normal,0
IC_5688,LOT_F,W02,8.4963,9.7159,10.464,11.8539,1.9954,2.033,13.7455,13.975,50.0,1,1,normal,0
IC_5689,LOT_A,W19,8.3577,9.1416,9.9379,11.1703,2.5789,2.6647,12.0436,12.1409,50.0,1,1,normal,0
IC_5690,LOT_F,W02,9.2932,10.4807,10.8275,11.5997,1.7979,1.8469,13.8232,13.899,50.0,1,1,normal,0
IC_5691,LOT_E,W06,12.5111,13.684,15.1028,15.5203,2.481,2.5781,13.1717,13.3212,50.0,1,1,normal,0
IC_5692,LOT_E,W10,9.8727,11.3147,12.7817,13.1134,1.9062,1.9522,12.9548,13.0678,50.0,1,1,normal,0
IC_5693,LOT_B,W23,8.14,9.3131,10.0996,10.9474,2.4923,2.5413,10.2693,10.3945,50.0,1,1,normal,0
IC_5694,LOT_A,W15,8.9376,10.6062,12.0497,13.3989,2.3798,2.4869,9.903,9.9339,50.0,1,1,normal,0
IC_5695,LOT_D,W02,10.9716,11.8941,13.333,13.7107,2.1618,2.2429,12.6882,12.8607,50.0,1,1,normal,0
IC_5696,LOT_F,W11,10.894,12.3182,13.3747,14.1146,2.3873,2.4619,14.3095,14.6496,50.0,1,1,normal,0
IC_5697,LOT_C,W01,13.7319,14.3704,14.6959,14.6339,2.5143,2.5311,12.166,12.2426,50.0,1,1,normal,0
IC_5698,LOT_E,W11,13.049,13.9747,15.1298,15.1177,2.3149,2.3755,13.71,13.6682,50.0,1,1,normal,0
IC_5699,LOT_E,W08,8.0431,9.4197,10.4111,10.8993,1.6847,1.7471,12.8113,13.1564,50.0,1,1,normal,0
IC_5700,LOT_C,W14,10.9614,12.4078,14.1674,14.2339,2.047,2.1331,11.5834,11.8785,50.0,1,1,normal,0
IC_5701,LOT_E,W17,10.6448,12.4632,14.4181,15.2431,2.4879,2.5273,12.3186,12.3672,50.0,1,1,normal,0
IC_5702,LOT_C,W11,9.6338,11.0138,12.0949,13.3272,2.4566,2.5411,12.145,12.4676,50.0,1,1,normal,0
IC_5703,LOT_E,W06,11.4642,12.9269,14.2628,15.7157,2.3095,2.3525,11.9552,12.1506,50.0,1,1,normal,0
IC_5704,LOT_A,W18,7.5717,8.2479,9.2527,9.9619,2.4883,2.5396,10.9178,10.8635,50.0,1,1,normal,0
IC_5705,LOT_D,W03,10.731,12.051,13.9427,14.3377,2.3405,2.3877,11.8138,11.8818,50.0,1,1,normal,0
IC_5706,LOT_C,W01,11.9294,13.6098,15.0816,16.4681,2.4108,2.4587,12.0782,12.4037,50.0,1,1,normal,0
IC_5707,LOT_F,W03,7.1595,8.22,9.8013,10.4773,2.0369,2.0975,13.6614,13.8915,50.0,1,1,normal,0
IC_5708,LOT_F,W10,11.1443,12.149,13.6974,14.3506,1.9088,1.9698,11.7076,11.7864,50.0,1,1,normal,0
IC_5709,LOT_A,W10,33.3974,34.4872,35.4038,37.4645,4.4078,4.5122,15.0624,15.4016,50.0,1,1,latent_distribution_outlier,1
IC_5710,LOT_B,W01,5.4197,6.4824,7.8007,8.1245,2.3534,2.4414,11.078,11.3347,50.0,1,1,normal,0
IC_5711,LOT_E,W02,11.2195,12.6629,14.4608,15.1321,2.2932,2.3859,12.0426,12.3246,50.0,1,1,normal,0
IC_5712,LOT_A,W01,8.4773,9.5053,10.8289,11.5034,2.6549,2.7146,11.8345,11.9339,50.0,1,1,normal,0
IC_5713,LOT_E,W19,9.9354,11.3594,13.0738,13.2775,2.2411,2.2826,13.0668,13.3118,50.0,1,1,normal,0
IC_5714,LOT_A,W10,10.1858,11.1711,12.1797,12.2668,2.4021,2.4443,10.7641,10.9122,50.0,1,1,normal,0
IC_5715,LOT_F,W05,9.3707,11.0353,12.1781,13.2649,1.6392,1.769,15.0131,15.2677,50.0,1,1,normal,0
IC_5716,LOT_F,W11,9.7769,11.339,12.6976,13.3626,1.9296,1.968,13.2614,13.496,50.0,1,1,normal,0
IC_5717,LOT_B,W03,8.9035,9.9347,10.998,12.2987,2.1881,2.2096,11.8871,12.1683,50.0,1,1,normal,0
IC_5718,LOT_E,W19,9.7684,16.131,52.2177,98.9062,2.2517,2.613,12.7618,13.6759,50.0,1,1,early_drifter,1
IC_5719,LOT_B,W10,8.4062,9.9242,11.0892,12.9244,2.4841,2.5522,12.1042,12.2579,50.0,1,1,normal,0
IC_5720,LOT_D,W01,9.6589,10.6874,11.0383,11.71,2.0735,2.0888,10.4181,10.5834,50.0,1,1,normal,0
IC_5721,LOT_A,W12,7.8673,8.7266,9.1971,9.0127,2.4372,2.5117,11.0568,11.1507,50.0,1,1,normal,0
IC_5722,LOT_E,W08,7.5782,8.5389,9.4652,9.212,2.0007,2.0616,11.9114,11.9119,50.0,1,1,normal,0
IC_5723,LOT_F,W13,9.8241,11.3706,13.4016,14.1428,2.6447,2.7272,12.945,12.9125,50.0,1,1,normal,0
IC_5724,LOT_E,W08,11.5545,12.8443,13.4863,14.8107,2.1536,2.2147,12.2305,12.4032,50.0,1,1,normal,0
IC_5725,LOT_B,W15,11.072,12.2327,12.929,14.1373,2.3821,2.4723,11.6802,11.7071,50.0,1,1,normal,0
IC_5726,LOT_C,W05,12.0785,13.7626,15.5377,16.1423,2.1435,2.2772,13.0132,13.3489,50.0,1,1,normal,0
IC_5727,LOT_E,W19,8.3259,9.6583,10.8595,11.1958,2.4815,2.5774,12.3146,12.5216,50.0,1,1,normal,0
IC_5728,LOT_F,W21,8.4084,9.5591,10.3021,11.4696,1.8827,1.9505,13.6512,13.7349,50.0,1,1,normal,0
IC_5729,LOT_F,W08,11.5305,13.0103,14.1608,15.31,2.0775,2.1067,14.4112,14.3878,50.0,1,1,normal,0
IC_5730,LOT_B,W23,8.7645,14.1732,43.8391,86.3342,2.5824,2.9438,11.65,12.1435,50.0,1,1,early_drifter,1
IC_5731,LOT_A,W23,7.7931,9.0666,10.3041,11.8911,2.0241,2.1411,11.6903,11.7686,50.0,1,1,normal,0
IC_5732,LOT_B,W12,12.0046,13.1411,14.8531,15.4301,3.0515,3.0855,10.6045,10.7348,50.0,1,1,normal,0
IC_5733,LOT_B,W06,9.6811,11.0566,13.1507,14.3218,2.4798,2.5623,9.9631,10.1164,50.0,1,1,normal,0
IC_5734,LOT_A,W18,10.0431,11.0722,13.1213,13.2086,2.5376,2.5876,11.1255,11.1981,50.0,1,1,normal,0
IC_5735,LOT_F,W17,10.1793,10.9578,11.9293,11.3632,2.0414,2.0838,13.6778,13.8427,50.0,1,1,normal,0
IC_5736,LOT_E,W12,9.8726,11.4017,13.2006,14.466,2.0836,2.184,12.2079,12.3213,50.0,1,1,normal,0
IC_5737,LOT_B,W15,6.5087,7.99,9.3629,10.4607,2.0197,2.0778,11.5497,11.6617,50.0,1,1,normal,0
IC_5738,LOT_D,W20,8.3205,9.6179,10.9067,12.0429,2.2359,2.3272,11.5709,11.6845,50.0,1,1,normal,0
IC_5739,LOT_F,W14,10.2619,11.4523,12.4936,13.1068,2.1799,2.2974,12.1223,12.2506,50.0,1,1,normal,0
IC_5740,LOT_C,W14,12.3828,13.6835,14.0848,16.0854,1.943,2.062,12.977,13.1978,50.0,1,1,normal,0
IC_5741,LOT_E,W24,10.0637,11.1638,11.975,12.9178,2.4959,2.5395,11.9908,12.3272,50.0,1,1,normal,0
IC_5742,LOT_F,W23,10.6801,12.1133,13.095,14.0929,2.2619,2.3799,13.7138,13.6547,50.0,1,1,normal,0
IC_5743,LOT_A,W14,12.7601,13.8798,15.8303,17.048,2.9243,3.0021,12.9129,12.9556,50.0,1,1,normal,0
IC_5744,LOT_C,W04,14.3703,14.9669,15.8709,15.5362,2.3409,2.3765,13.2182,13.3861,50.0,1,1,normal,0
IC_5745,LOT_E,W05,9.1939,15.1456,47.9216,90.2371,2.1744,2.5798,11.6257,12.3527,50.0,1,1,early_drifter,1
IC_5746,LOT_F,W23,9.1158,10.6063,11.5688,12.7343,1.9166,2.035,15.3772,15.7383,50.0,1,1,normal,0
IC_5747,LOT_B,W11,11.1748,11.9689,13.1695,14.1709,3.1169,3.1283,11.5819,11.596,50.0,1,1,normal,0
IC_5748,LOT_D,W10,10.5877,11.6759,12.714,13.3057,2.7443,2.818,10.2969,10.3981,50.0,1,1,normal,0
IC_5749,LOT_B,W14,7.0026,7.9228,9.3174,9.6999,2.0899,2.1614,10.4426,10.3576,50.0,1,1,normal,0
IC_5750,LOT_C,W10,11.4331,17.2465,48.268,89.2518,2.0364,2.356,11.3693,12.1534,50.0,1,1,early_drifter,1
IC_5751,LOT_A,W15,10.7375,11.7419,12.4655,12.8586,2.5698,2.6078,12.0522,12.1738,50.0,1,1,normal,0
IC_5752,LOT_A,W14,9.9177,10.7813,11.8777,12.6629,2.9087,2.8739,10.7665,10.8039,50.0,1,1,normal,0
IC_5753,LOT_F,W22,8.5816,9.4347,10.1535,11.1023,2.281,2.3466,13.4525,13.4512,50.0,1,1,normal,0
IC_5754,LOT_A,W21,10.2966,11.8809,13.2101,13.1431,2.5371,2.6516,9.6868,9.8958,50.0,1,1,normal,0
IC_5755,LOT_A,W24,10.315,11.3245,12.7762,13.6611,2.2883,2.3177,11.0716,11.1159,50.0,1,1,normal,0
IC_5756,LOT_A,W22,10.5481,12.3201,13.5189,14.8727,2.4491,2.5424,10.4917,10.7587,50.0,1,1,normal,0
IC_5757,LOT_B,W16,7.934,8.765,9.5044,9.8767,2.1483,2.1982,11.838,11.9951,50.0,1,1,normal,0
IC_5758,LOT_F,W07,8.0226,9.195,9.4629,10.5816,1.7933,1.8818,14.0156,14.1146,50.0,1,1,normal,0
IC_5759,LOT_A,W18,12.0577,13.0651,14.9529,15.3282,2.5686,2.6014,11.7461,11.9231,50.0,1,1,normal,0
IC_5760,LOT_A,W23,8.1867,9.6872,11.1503,11.8329,2.6675,2.7752,11.9157,12.0252,50.0,1,1,normal,0
IC_5761,LOT_E,W22,10.1271,11.6729,13.3009,14.5219,2.1317,2.2623,12.9967,13.0183,50.0,1,1,normal,0
IC_5762,LOT_D,W06,9.9704,11.6973,13.1341,13.9804,2.2973,2.4066,11.0069,11.1911,50.0,1,1,normal,0
IC_5763,LOT_B,W19,9.4447,10.9207,12.6212,13.0381,2.0258,2.1257,11.529,11.775,50.0,1,1,normal,0
IC_5764,LOT_F,W11,11.4717,12.9336,13.686,14.6811,2.7215,2.8162,13.0793,13.295,50.0,1,1,normal,0
IC_5765,LOT_D,W04,10.8522,11.9943,12.8693,13.7197,2.4615,2.5399,12.0875,12.3691,50.0,1,1,normal,0
IC_5766,LOT_E,W10,9.8053,10.6846,11.548,12.2131,1.9707,1.9797,12.5791,12.7098,50.0,1,1,normal,0
IC_5767,LOT_D,W20,10.9909,12.2681,14.0645,13.9201,2.5952,2.6601,11.0113,11.1234,50.0,1,1,normal,0
IC_5768,LOT_B,W14,9.8829,11.6349,13.0982,13.74,2.6263,2.7451,12.942,13.1156,50.0,1,1,normal,0
IC_5769,LOT_D,W14,7.4721,9.0176,10.2716,11.9446,2.5806,2.674,10.7539,10.9635,50.0,1,1,normal,0
IC_5770,LOT_B,W14,7.3446,8.9925,10.0378,11.2182,2.2879,2.3961,10.3728,10.7338,50.0,1,1,normal,0
IC_5771,LOT_F,W19,8.1968,8.7459,10.4869,10.8066,2.2103,2.2421,13.1003,13.1856,50.0,1,1,normal,0
IC_5772,LOT_F,W03,7.8136,8.7584,9.9698,10.338,1.8902,1.9053,13.0653,13.2814,50.0,1,1,normal,0
IC_5773,LOT_C,W18,10.4971,11.3985,12.0265,12.9781,2.0829,2.1342,11.0345,11.1704,50.0,1,1,normal,0
IC_5774,LOT_D,W14,10.0123,10.8963,11.2043,11.8674,2.4471,2.5242,11.1296,11.2402,50.0,1,1,normal,0
IC_5775,LOT_A,W24,10.0487,11.545,12.6304,12.8557,2.5346,2.6054,11.0194,11.331,50.0,1,1,normal,0
IC_5776,LOT_A,W21,33.2875,34.7258,36.7574,38.0568,4.0788,4.1718,15.2131,15.4668,50.0,1,1,latent_distribution_outlier,1
IC_5777,LOT_A,W14,9.0323,9.6197,10.6398,11.2399,2.3256,2.3667,11.1466,11.0689,50.0,1,1,normal,0
IC_5778,LOT_F,W10,12.0049,13.6918,14.8431,15.5231,1.7946,1.9527,14.8847,15.1348,50.0,1,1,normal,0
IC_5779,LOT_B,W22,8.8594,10.1573,12.0217,12.5185,2.4313,2.5263,10.9592,10.9937,50.0,1,1,normal,0
IC_5780,LOT_F,W12,10.6004,11.8279,12.9874,13.8786,1.7701,1.9073,13.0859,13.2095,50.0,1,1,normal,0
IC_5781,LOT_D,W13,8.7184,9.185,10.3142,10.2504,2.3976,2.435,9.8255,9.7924,50.0,1,1,normal,0
IC_5782,LOT_F,W15,8.8936,9.9482,11.6975,12.5374,2.092,2.1637,12.678,12.9639,50.0,1,1,normal,0
IC_5783,LOT_E,W19,9.3415,10.5003,11.2532,12.3839,2.2549,2.3554,13.0057,13.0066,50.0,1,1,normal,0
IC_5784,LOT_D,W17,11.5042,12.9802,13.8302,14.68,2.424,2.508,13.0664,13.335,50.0,1,1,normal,0
IC_5785,LOT_F,W23,9.4496,10.3433,11.4678,11.5182,1.7142,1.7736,14.0341,14.1059,50.0,1,1,normal,0
IC_5786,LOT_F,W02,9.6552,16.2137,52.0461,99.9259,2.2372,2.6615,13.7815,14.3587,50.0,1,1,early_drifter,1
IC_5787,LOT_A,W17,8.9375,9.9732,10.8019,10.9705,2.4799,2.5058,10.8941,11.1589,50.0,1,1,normal,0
IC_5788,LOT_A,W10,10.8889,12.0469,12.4006,12.4608,2.628,2.7571,12.3214,12.6757,50.0,1,1,normal,0
IC_5789,LOT_B,W01,9.4997,10.5702,12.1655,13.5416,2.5979,2.654,12.3667,12.4295,50.0,1,1,normal,0
IC_5790,LOT_B,W05,10.3954,11.7729,12.7666,13.3352,2.6615,2.7377,11.8447,11.8915,50.0,1,1,normal,0
IC_5791,LOT_A,W10,9.1952,10.1897,11.1884,10.9946,2.7006,2.7868,11.1539,11.3859,50.0,1,1,normal,0
IC_5792,LOT_F,W08,10.0551,11.3792,12.7519,13.4917,2.58,2.6663,13.9152,14.1248,50.0,1,1,normal,0
IC_5793,LOT_B,W10,7.69,8.857,10.3241,11.9781,2.5697,2.6156,9.8352,9.9665,50.0,1,1,normal,0
IC_5794,LOT_F,W16,10.9743,11.9062,12.9489,13.0106,2.273,2.3372,13.5525,13.6277,50.0,1,1,normal,0
IC_5795,LOT_E,W15,7.3101,9.0059,10.1298,11.6973,1.759,1.8724,12.3753,12.5702,50.0,1,1,normal,0
IC_5796,LOT_F,W06,10.9268,12.6352,14.148,14.9383,2.1181,2.2166,13.0798,13.2609,50.0,1,1,normal,0
IC_5797,LOT_A,W12,10.7899,12.2581,13.4073,14.6513,2.7956,2.8298,11.672,11.7526,50.0,1,1,normal,0
IC_5798,LOT_E,W11,7.6941,8.6251,9.6258,9.9969,2.0489,2.1443,12.8919,12.9587,50.0,1,1,normal,0
IC_5799,LOT_A,W12,13.0931,13.8935,14.4708,15.5245,2.8295,2.9317,11.1512,11.2424,50.0,1,1,normal,0
IC_5800,LOT_D,W10,33.3476,35.738,37.3592,38.3753,4.1435,4.2795,14.0271,14.3966,50.0,1,1,latent_distribution_outlier,1
IC_5801,LOT_E,W10,10.295,11.2855,12.5006,12.5401,2.0103,2.0676,13.3136,13.4636,50.0,1,1,normal,0
IC_5802,LOT_C,W11,11.7931,13.1704,14.895,15.117,1.8888,1.9753,11.9119,11.9727,50.0,1,1,normal,0
IC_5803,LOT_E,W14,8.8026,10.5551,11.7978,12.6881,1.9438,2.04,11.2468,11.6287,50.0,1,1,normal,0
IC_5804,LOT_B,W22,7.8613,9.499,11.3632,12.3976,2.2657,2.3619,11.171,11.4298,50.0,1,1,normal,0
IC_5805,LOT_F,W04,10.2197,11.8733,13.5671,13.9512,1.6709,1.7861,14.9535,15.1223,50.0,1,1,normal,0
IC_5806,LOT_F,W01,12.4445,14.0224,15.7951,16.6002,2.1258,2.1961,13.3114,13.5656,50.0,1,1,normal,0
IC_5807,LOT_D,W21,8.1637,9.6052,11.32,11.6074,2.3837,2.5121,10.9572,11.293,50.0,1,1,normal,0
IC_5808,LOT_D,W16,13.3649,14.7591,16.35,16.8758,2.2952,2.3422,13.3006,13.3438,50.0,1,1,normal,0
IC_5809,LOT_B,W22,34.1261,36.0167,37.4842,37.8784,4.6897,4.8457,14.3497,14.6168,50.0,1,1,latent_distribution_outlier,1
IC_5810,LOT_B,W08,8.0051,9.181,9.8812,10.6979,2.0079,2.0747,11.0161,11.1855,50.0,1,1,normal,0
IC_5811,LOT_C,W23,11.5404,12.1742,13.0164,13.391,2.435,2.4694,11.4999,11.6884,50.0,1,1,normal,0
IC_5812,LOT_E,W01,11.0818,12.2725,13.4336,13.9162,2.2677,2.3661,13.0214,13.2,50.0,1,1,normal,0
IC_5813,LOT_E,W21,11.2314,12.4133,13.9317,15.1897,2.159,2.2182,13.2425,13.4429,50.0,1,1,normal,0
IC_5814,LOT_B,W22,7.4886,8.6167,10.0731,10.8648,1.9445,2.0515,10.2655,10.375,50.0,1,1,normal,0
IC_5815,LOT_F,W23,39.0548,40.7215,41.4249,42.7835,4.662,4.7448,16.562,16.6273,50.0,1,1,latent_distribution_outlier,1
IC_5816,LOT_E,W17,11.0881,12.2381,13.0578,13.325,1.7734,1.8231,12.8631,13.0458,50.0,1,1,normal,0
IC_5817,LOT_A,W16,12.4299,13.7505,15.8419,16.6264,2.5913,2.6729,11.6065,11.6066,50.0,1,1,normal,0
IC_5818,LOT_C,W21,11.8456,13.5354,15.0264,17.1725,2.1117,2.1997,11.2339,11.3602,50.0,1,1,normal,0
IC_5819,LOT_D,W19,9.9872,11.07,12.3134,13.467,2.7131,2.7963,11.5238,11.704,50.0,1,1,normal,0
IC_5820,LOT_F,W06,11.9684,13.375,14.7955,15.9719,2.336,2.4583,12.8333,13.0922,50.0,1,1,normal,0
IC_5821,LOT_B,W12,9.9347,10.4361,12.0198,12.3007,2.5651,2.6457,12.1523,12.2979,50.0,1,1,normal,0
IC_5822,LOT_B,W05,9.1297,10.8354,12.4146,13.0941,2.6351,2.7153,11.8608,12.0607,50.0,1,1,normal,0
IC_5823,LOT_D,W24,9.4774,10.8129,12.0919,13.5328,2.7026,2.8134,12.527,12.8181,50.0,1,1,normal,0
IC_5824,LOT_E,W14,11.9519,12.984,14.3153,14.778,2.9799,3.0714,14.0621,14.0903,50.0,1,1,normal,0
IC_5825,LOT_D,W21,11.5976,15.1493,32.4048,56.2136,2.948,3.1811,11.8401,12.4143,50.0,1,1,early_drifter,1
IC_5826,LOT_A,W18,12.5989,13.7132,13.9858,15.0396,3.0478,3.0993,11.4601,11.5477,50.0,1,1,normal,0
IC_5827,LOT_B,W06,9.8762,13.931,34.7596,62.3641,2.2049,2.4592,9.6801,10.2287,50.0,1,1,early_drifter,1
IC_5828,LOT_A,W07,9.0816,9.8528,10.9753,11.4171,2.3424,2.4008,11.2956,11.4234,50.0,1,1,normal,0
IC_5829,LOT_E,W03,44.9148,47.0598,49.8648,50.4854,5.2584,5.3927,17.1387,17.3255,50.0,1,1,latent_distribution_outlier,1
IC_5830,LOT_E,W03,76.1249,79.9067,90.0927,103.4339,7.1863,7.4207,22.2048,22.584,50.0,0,0,gross_failure,1
IC_5831,LOT_A,W08,9.1897,12.3455,29.0902,51.0415,2.5316,2.6807,10.6362,11.0326,50.0,1,1,early_drifter,1
IC_5832,LOT_F,W10,8.8812,10.5375,12.321,13.1148,2.254,2.3434,13.3487,13.3803,50.0,1,1,normal,0
IC_5833,LOT_A,W02,42.6867,43.8488,44.0363,45.8527,5.0507,5.1621,16.2243,16.3525,50.0,1,1,latent_distribution_outlier,1
IC_5834,LOT_F,W21,11.6923,13.3274,14.93,15.3519,2.1498,2.2334,13.5168,13.7349,50.0,1,1,normal,0
IC_5835,LOT_F,W21,7.6686,8.8791,9.9203,10.9542,1.939,2.0015,14.014,14.2596,50.0,1,1,normal,0
IC_5836,LOT_A,W24,8.2405,9.4474,10.9231,11.2944,2.1563,2.2545,11.1464,11.2547,50.0,1,1,normal,0
IC_5837,LOT_D,W12,12.2576,13.9684,14.9301,15.674,2.8366,2.9148,12.9883,13.3182,50.0,1,1,normal,0
IC_5838,LOT_C,W13,11.293,12.663,14.0691,14.8,2.5249,2.5899,11.6747,11.8826,50.0,1,1,normal,0
IC_5839,LOT_E,W02,9.2956,10.7523,11.7949,12.6823,2.2962,2.3915,11.5476,11.6624,50.0,1,1,normal,0
IC_5840,LOT_E,W23,10.0742,10.8347,12.0712,12.3153,2.4371,2.4688,13.1146,13.0833,50.0,1,1,normal,0
IC_5841,LOT_F,W04,10.517,11.8512,12.9001,13.5391,1.8136,1.8897,13.2516,13.3101,50.0,1,1,normal,0
IC_5842,LOT_D,W10,9.3985,10.5372,11.0583,11.9104,2.4063,2.4444,11.394,11.4754,50.0,1,1,normal,0
IC_5843,LOT_D,W20,8.4819,9.2532,10.5272,11.1067,2.0532,2.0855,9.9284,10.1908,50.0,1,1,normal,0
IC_5844,LOT_F,W16,9.0862,10.7486,12.5589,13.1612,1.7265,1.8371,12.0783,12.3847,50.0,1,1,normal,0
IC_5845,LOT_C,W10,11.9442,13.6527,15.7126,16.3624,2.3596,2.5062,12.0132,12.2134,50.0,1,1,normal,0
IC_5846,LOT_D,W13,8.2789,9.5955,11.5508,12.59,2.2546,2.3169,10.6936,10.8288,50.0,1,1,normal,0
IC_5847,LOT_E,W19,9.5308,10.3824,11.3271,11.7806,2.1039,2.1538,11.2014,11.3124,50.0,1,1,normal,0
IC_5848,LOT_A,W06,9.4152,10.9536,13.0493,13.5509,2.7277,2.827,11.1545,11.3074,50.0,1,1,normal,0
IC_5849,LOT_D,W14,10.912,12.2138,13.5227,14.7246,2.4477,2.5057,12.7213,13.0106,50.0,1,1,normal,0
IC_5850,LOT_E,W10,12.4139,14.0672,15.6724,16.4114,2.5092,2.6397,12.8377,13.2238,50.0,1,1,normal,0
IC_5851,LOT_A,W14,9.2252,10.7307,12.3056,13.0827,2.3131,2.4172,10.781,10.9793,50.0,1,1,normal,0
IC_5852,LOT_C,W10,10.6524,12.1011,13.1107,15.124,2.0295,2.1389,11.2475,11.2577,50.0,1,1,normal,0
IC_5853,LOT_D,W23,10.6555,11.7384,12.0867,12.9508,2.5882,2.674,12.0415,12.3895,50.0,1,1,normal,0
IC_5854,LOT_B,W20,7.7862,8.9152,10.0806,10.2249,2.6929,2.789,9.4725,9.5107,50.0,1,1,normal,0
IC_5855,LOT_D,W20,9.2073,9.7463,10.8982,11.4308,2.6339,2.6503,11.2311,11.1032,50.0,1,1,normal,0
IC_5856,LOT_B,W23,5.6609,7.2782,8.9207,10.4492,2.5292,2.621,11.5836,11.7924,50.0,1,1,normal,0
IC_5857,LOT_E,W22,9.959,11.4238,12.9284,13.6486,1.8175,1.9028,11.7385,11.9145,50.0,1,1,normal,0
IC_5858,LOT_C,W18,11.6638,12.2114,13.518,13.7092,2.341,2.397,12.9449,12.9435,50.0,1,1,normal,0
IC_5859,LOT_E,W02,11.6308,13.0553,14.8158,15.8255,2.3765,2.4344,12.1493,12.4283,50.0,1,1,normal,0
IC_5860,LOT_F,W17,12.1408,13.0088,13.868,14.1771,1.9247,1.9889,14.1758,14.4336,50.0,1,1,normal,0
IC_5861,LOT_F,W07,12.8364,14.524,15.7827,17.3946,2.1637,2.2416,13.5671,13.6548,50.0,1,1,normal,0
IC_5862,LOT_C,W06,14.3031,15.7954,17.4645,17.7934,2.2947,2.4437,13.2517,13.3665,50.0,1,1,normal,0
IC_5863,LOT_C,W05,11.1663,11.8643,12.6964,13.4315,2.1113,2.1285,11.4474,11.594,50.0,1,1,normal,0
IC_5864,LOT_E,W13,10.409,12.1707,13.8348,15.3732,2.0885,2.1593,13.0644,13.1804,50.0,1,1,normal,0
IC_5865,LOT_C,W14,11.1485,12.7428,13.9361,14.9954,2.4689,2.5459,11.213,11.5205,50.0,1,1,normal,0
IC_5866,LOT_B,W04,9.0681,10.763,12.0575,13.8367,2.9981,3.0728,11.8911,12.1326,50.0,1,1,normal,0
IC_5867,LOT_F,W12,10.295,11.3345,11.9867,13.1645,1.973,2.0059,13.6912,13.83,50.0,1,1,normal,0
IC_5868,LOT_D,W09,10.3613,11.3666,12.5104,12.9827,2.4301,2.5096,11.5913,11.6262,50.0,1,1,normal,0
IC_5869,LOT_B,W06,43.5249,45.0037,46.6256,47.7235,5.4582,5.5744,16.0994,16.3721,50.0,1,1,latent_distribution_outlier,1
IC_5870,LOT_E,W10,10.2785,11.5631,13.2186,14.1717,2.3723,2.3999,14.2808,14.4938,50.0,1,1,normal,0
IC_5871,LOT_B,W22,7.8001,9.6321,10.8796,12.4408,2.2991,2.4043,11.9153,12.0988,50.0,1,1,normal,0
IC_5872,LOT_F,W16,10.8368,12.3573,13.4524,14.5371,2.5055,2.5805,12.5269,12.6817,50.0,1,1,normal,0
IC_5873,LOT_E,W01,6.5186,7.6446,7.9507,9.1296,1.5773,1.6208,12.8374,12.9853,50.0,1,1,normal,0
IC_5874,LOT_D,W21,8.5841,9.9144,11.4225,12.2257,2.8116,2.8914,11.6572,11.9425,50.0,1,1,normal,0
IC_5875,LOT_C,W19,11.6333,13.4989,14.7775,15.7516,2.2276,2.3283,10.1802,10.372,50.0,1,1,normal,0
IC_5876,LOT_D,W09,10.1952,11.7396,13.3572,13.6193,2.4977,2.6081,12.4922,12.7501,50.0,1,1,normal,0
IC_5877,LOT_C,W09,11.0721,14.8188,34.9186,61.0978,2.2204,2.4645,11.6788,12.1494,50.0,1,1,early_drifter,1
IC_5878,LOT_A,W14,6.4136,7.4843,8.5303,9.0678,2.0185,2.0729,11.8218,11.9271,50.0,1,1,normal,0
IC_5879,LOT_C,W15,11.0121,12.0846,12.7206,13.6824,2.3972,2.4912,12.3497,12.4505,50.0,1,1,normal,0
IC_5880,LOT_F,W12,8.8549,10.3092,11.603,12.6684,2.1587,2.2952,11.8756,12.1483,50.0,1,1,normal,0
IC_5881,LOT_A,W09,8.1366,9.0793,9.3402,10.7394,2.3262,2.3942,11.0045,11.2012,50.0,1,1,normal,0
IC_5882,LOT_A,W10,7.0575,8.6461,9.4301,9.6474,2.4703,2.5198,10.1942,10.4287,50.0,1,1,normal,0
IC_5883,LOT_F,W03,9.2104,9.7998,10.7382,12.362,1.9968,2.0687,12.7831,12.8566,50.0,1,1,normal,0
IC_5884,LOT_B,W14,9.0907,10.4122,11.6398,12.3199,2.9986,3.0344,10.6147,10.6884,50.0,1,1,normal,0
IC_5885,LOT_E,W16,11.3957,12.7081,13.6517,15.4638,2.5701,2.6104,13.5371,13.6515,50.0,1,1,normal,0
IC_5886,LOT_F,W21,13.1472,14.8816,16.613,18.0693,2.4752,2.6108,14.2259,14.4685,50.0,1,1,normal,0
IC_5887,LOT_E,W11,9.2235,9.9203,10.8309,11.7074,1.9035,1.9232,10.7963,10.8104,50.0,1,1,normal,0
IC_5888,LOT_E,W10,10.7108,11.4448,12.5189,12.6622,2.1199,2.2042,12.0418,12.015,50.0,1,1,normal,0
IC_5889,LOT_C,W21,11.4137,12.4364,13.9194,14.6033,2.4364,2.5284,10.4403,10.6002,50.0,1,1,normal,0
IC_5890,LOT_F,W10,9.5909,10.755,11.393,11.4743,1.8214,1.8642,11.9326,12.2026,50.0,1,1,normal,0
IC_5891,LOT_F,W16,12.6024,13.9473,15.2286,17.1935,2.3551,2.4563,13.4943,13.6163,50.0,1,1,normal,0
IC_5892,LOT_E,W24,9.8711,11.482,12.2357,13.7386,2.5079,2.5726,12.5297,12.7113,50.0,1,1,normal,0
IC_5893,LOT_B,W18,8.9297,10.3424,11.4161,12.2563,2.3413,2.3983,10.1373,10.2163,50.0,1,1,normal,0
IC_5894,LOT_C,W16,11.1276,12.3785,13.9738,14.439,2.2116,2.2953,10.9437,11.214,50.0,1,1,normal,0
IC_5895,LOT_B,W06,8.7482,9.8002,10.4786,11.9618,2.1669,2.1241,10.2249,10.4124,50.0,1,1,normal,0
IC_5896,LOT_A,W02,9.1981,10.2638,11.0619,11.7982,2.4935,2.536,10.375,10.5578,50.0,1,1,normal,0
IC_5897,LOT_B,W02,6.8682,8.0524,9.7177,10.9075,2.1136,2.1385,11.3637,11.6387,50.0,1,1,normal,0
IC_5898,LOT_B,W19,8.6998,10.4574,11.5704,13.7728,2.4012,2.4454,10.1162,10.1739,50.0,1,1,normal,0
IC_5899,LOT_B,W23,6.939,8.0468,9.3622,9.7144,2.3466,2.4065,11.3759,11.5965,50.0,1,1,normal,0
IC_5900,LOT_D,W20,8.4104,9.5695,9.9407,11.0113,2.1372,2.2215,10.7919,11.0134,50.0,1,1,normal,0
IC_5901,LOT_B,W01,7.4987,8.2535,9.1203,9.7515,2.1875,2.2433,11.3587,11.4484,50.0,1,1,normal,0
IC_5902,LOT_F,W22,10.3838,11.6934,12.7567,14.0596,1.9308,1.9933,13.4241,13.6206,50.0,1,1,normal,0
IC_5903,LOT_D,W01,8.5881,9.7446,10.5144,10.9871,2.4242,2.5226,11.4862,11.698,50.0,1,1,normal,0
IC_5904,LOT_B,W20,8.3292,9.9888,11.4803,12.3999,2.4412,2.5705,10.7365,10.9189,50.0,1,1,normal,0
IC_5905,LOT_C,W16,11.7133,12.7335,13.8052,14.729,2.3038,2.3132,11.7933,11.834,50.0,1,1,normal,0
IC_5906,LOT_F,W05,10.9561,12.1189,12.9985,14.1363,2.1929,2.247,14.6871,14.9097,50.0,1,1,normal,0
IC_5907,LOT_E,W04,10.685,11.6607,12.8256,13.546,2.1284,2.1564,13.7904,13.9732,50.0,1,1,normal,0
IC_5908,LOT_E,W06,11.0926,12.6866,14.3337,15.2989,2.8122,2.9294,11.3064,11.2253,50.0,1,1,normal,0
IC_5909,LOT_C,W08,12.1802,13.3825,14.5228,15.7079,2.3501,2.423,11.9097,12.0186,50.0,1,1,normal,0
IC_5910,LOT_C,W22,10.3927,11.8684,13.449,14.9502,2.0719,2.1298,12.9699,13.165,50.0,1,1,normal,0
IC_5911,LOT_F,W17,10.2854,11.0029,12.1166,12.789,2.8734,2.8702,12.5692,12.8112,50.0,1,1,normal,0
IC_5912,LOT_B,W01,44.4395,46.4106,48.2643,49.229,4.931,5.0711,15.9198,16.2488,50.0,1,1,latent_distribution_outlier,1
IC_5913,LOT_E,W18,6.9337,8.171,9.4745,10.4652,1.7197,1.7852,11.2633,11.5586,50.0,1,1,normal,0
IC_5914,LOT_F,W04,11.7673,17.724,50.5741,94.2586,2.1529,2.5359,14.3881,15.2394,50.0,1,1,early_drifter,1
IC_5915,LOT_A,W21,7.2505,8.5588,10.0937,10.1092,2.7318,2.7951,11.3278,11.5911,50.0,1,1,normal,0
IC_5916,LOT_E,W24,8.5754,9.2562,9.9512,10.3234,2.0819,2.1394,11.9086,11.9813,50.0,1,1,normal,0
IC_5917,LOT_D,W12,10.7681,11.753,12.4828,13.1737,2.8881,3.0198,12.3346,12.4006,50.0,1,1,normal,0
IC_5918,LOT_B,W24,9.2583,10.933,12.3744,13.2432,2.6114,2.7505,11.0801,11.3155,50.0,1,1,normal,0
IC_5919,LOT_B,W16,10.4531,11.9602,13.7199,14.4356,1.6705,1.7445,10.386,10.4828,50.0,1,1,normal,0
IC_5920,LOT_B,W06,10.3921,11.3656,11.9666,12.8084,2.9478,3.0023,11.6187,11.8004,50.0,1,1,normal,0
IC_5921,LOT_D,W05,10.1717,11.8342,13.4805,14.6177,2.3819,2.4711,12.6793,12.7155,50.0,1,1,normal,0
IC_5922,LOT_F,W04,10.259,11.052,12.6018,13.6443,1.9528,2.0157,12.1157,12.2482,50.0,1,1,normal,0
IC_5923,LOT_D,W11,12.0098,13.6963,15.0721,16.2881,2.4316,2.6022,10.3346,10.5941,50.0,1,1,normal,0
IC_5924,LOT_B,W19,7.9113,9.0734,10.1067,10.8044,2.3571,2.3874,12.5025,12.6433,50.0,1,1,normal,0
IC_5925,LOT_D,W04,8.6781,10.511,12.1676,13.2301,2.2148,2.3366,12.8834,13.0099,50.0,1,1,normal,0
IC_5926,LOT_E,W11,9.4146,10.5386,11.3563,12.7201,2.6656,2.6979,12.1211,12.2792,50.0,1,1,normal,0
IC_5927,LOT_E,W10,9.6912,10.9115,12.3547,13.1857,2.2758,2.3473,11.7172,11.6572,50.0,1,1,normal,0
IC_5928,LOT_A,W03,9.9077,10.7172,12.127,12.6395,2.2437,2.2858,11.3107,11.4167,50.0,1,1,normal,0
IC_5929,LOT_E,W22,8.5848,9.5674,10.8425,11.8824,2.0533,2.1033,12.3685,12.3978,50.0,1,1,normal,0
IC_5930,LOT_D,W02,11.2343,12.0145,12.6006,13.2208,2.6392,2.7326,10.595,10.7025,50.0,1,1,normal,0
IC_5931,LOT_F,W12,10.3369,11.7046,12.978,14.4607,1.6257,1.7272,14.4083,14.5711,50.0,1,1,normal,0
IC_5932,LOT_C,W15,10.763,11.538,12.4376,13.005,2.1655,2.1862,11.327,11.4337,50.0,1,1,normal,0
IC_5933,LOT_F,W14,11.0977,11.8595,12.6608,13.4135,2.5193,2.5697,14.0667,14.2334,50.0,1,1,normal,0
IC_5934,LOT_B,W24,9.0067,10.3716,11.8079,12.469,2.6049,2.7001,12.6021,12.9119,50.0,1,1,normal,0
IC_5935,LOT_D,W14,7.9971,9.143,10.2836,10.9986,2.3436,2.4202,9.9543,9.863,50.0,1,1,normal,0
IC_5936,LOT_A,W24,7.776,9.3692,11.0688,11.78,2.6137,2.7076,11.0111,11.1945,50.0,1,1,normal,0
IC_5937,LOT_F,W22,10.8256,11.581,12.0086,13.3334,2.0034,2.0529,13.4384,13.6331,50.0,1,1,normal,0
IC_5938,LOT_F,W22,10.4438,11.203,12.2641,12.8604,2.2847,2.3402,12.7999,13.0508,50.0,1,1,normal,0
IC_5939,LOT_D,W11,10.0905,11.569,12.7591,14.5592,2.458,2.5575,11.7633,11.9485,50.0,1,1,normal,0
IC_5940,LOT_D,W08,9.4682,14.1913,37.0596,69.8626,2.4605,2.7789,12.0062,12.4968,50.0,1,1,early_drifter,1
IC_5941,LOT_F,W22,12.6425,13.5284,14.5222,14.7468,2.2307,2.2567,15.2499,15.3542,50.0,1,1,normal,0
IC_5942,LOT_B,W14,7.8904,9.0094,10.2077,11.5972,1.8804,1.9238,10.1687,10.3141,50.0,1,1,normal,0
IC_5943,LOT_F,W20,9.9919,11.0294,12.0639,12.4595,1.7725,1.8495,13.3822,13.4852,50.0,1,1,normal,0
IC_5944,LOT_F,W05,12.2307,13.2509,14.411,14.3863,2.272,2.3397,13.2479,13.2963,50.0,1,1,normal,0
IC_5945,LOT_F,W15,12.6721,14.0747,15.151,15.3828,2.2244,2.333,13.6949,13.8768,50.0,1,1,normal,0
IC_5946,LOT_F,W18,40.9721,42.2187,43.7592,44.7706,5.0394,5.0547,18.3794,18.5122,50.0,1,1,latent_distribution_outlier,1
IC_5947,LOT_F,W13,9.2553,10.2058,12.2279,12.4818,2.3383,2.3842,13.5891,13.8964,50.0,1,1,normal,0
IC_5948,LOT_A,W21,33.296,34.8475,37.3434,38.3154,4.4509,4.5829,17.0226,17.275,50.0,1,1,latent_distribution_outlier,1
IC_5949,LOT_D,W09,11.1061,12.4882,13.7354,14.8287,3.0411,3.1163,11.1985,11.3761,50.0,1,1,normal,0
IC_5950,LOT_C,W17,13.2836,14.0708,14.8796,15.4535,2.3934,2.4833,12.4875,12.6722,50.0,1,1,normal,0
IC_5951,LOT_C,W24,12.1994,14.1003,15.5672,16.8552,2.3423,2.4145,11.4182,11.5386,50.0,1,1,normal,0
IC_5952,LOT_C,W05,12.7057,14.17,15.7961,17.0732,2.3557,2.4533,11.2854,11.4662,50.0,1,1,normal,0
IC_5953,LOT_E,W16,57.5503,61.5801,77.7799,104.5641,5.9755,6.2563,19.6538,19.9563,50.0,0,0,gross_failure,1
IC_5954,LOT_B,W16,9.0844,11.0003,12.7283,13.2507,2.3685,2.4762,11.9817,12.1292,50.0,1,1,normal,0
IC_5955,LOT_E,W15,10.4246,11.6988,12.6636,13.2087,2.6237,2.7286,13.0845,13.3422,50.0,1,1,normal,0
IC_5956,LOT_A,W05,7.933,8.6013,9.684,9.5443,2.3509,2.3485,11.7409,11.6096,50.0,1,1,normal,0
IC_5957,LOT_A,W22,10.9702,12.2212,13.9097,15.3826,2.4191,2.5407,11.7993,11.9928,50.0,1,1,normal,0
IC_5958,LOT_F,W20,38.6687,39.9479,40.9744,40.8022,4.087,4.1837,18.4563,18.4906,50.0,1,1,latent_distribution_outlier,1
IC_5959,LOT_B,W12,9.7858,15.1897,43.1064,80.014,2.9122,3.2422,11.0892,11.8121,50.0,1,1,early_drifter,1
IC_5960,LOT_F,W06,11.1896,12.123,13.3193,14.6847,2.2926,2.3741,13.9514,14.0684,50.0,1,1,normal,0
IC_5961,LOT_C,W22,12.4559,13.8531,14.6126,15.5692,2.1488,2.2664,12.8436,12.8914,50.0,1,1,normal,0
IC_5962,LOT_F,W04,7.9424,9.0235,9.9002,10.6777,1.8776,1.9309,14.8246,14.8877,50.0,1,1,normal,0
IC_5963,LOT_E,W18,12.2308,13.4259,14.3146,15.2083,2.5129,2.5615,11.9275,12.0726,50.0,1,1,normal,0
IC_5964,LOT_D,W20,9.3489,10.2949,12.057,12.3401,2.3933,2.4606,11.7308,11.7669,50.0,1,1,normal,0
IC_5965,LOT_E,W05,11.4311,12.1261,13.491,13.841,2.1051,2.1839,13.3485,13.4534,50.0,1,1,normal,0
IC_5966,LOT_C,W12,11.6499,16.9018,43.515,80.7819,2.1398,2.4597,11.2965,11.9553,50.0,1,1,early_drifter,1
IC_5967,LOT_C,W16,9.4785,11.0748,12.3622,12.5608,2.3208,2.3882,11.7928,12.2176,50.0,1,1,normal,0
IC_5968,LOT_E,W15,11.5384,12.6885,13.5159,14.4136,1.998,2.0548,13.7191,13.791,50.0,1,1,normal,0
IC_5969,LOT_A,W18,9.6906,11.0559,12.4015,13.0738,2.3827,2.4408,10.7126,10.9628,50.0,1,1,normal,0
IC_5970,LOT_D,W15,9.0727,10.6006,11.966,13.2486,2.2206,2.2526,12.0248,12.1862,50.0,1,1,normal,0
IC_5971,LOT_C,W23,11.4409,12.5456,13.8752,14.8952,2.1482,2.1882,11.5953,11.7268,50.0,1,1,normal,0
IC_5972,LOT_A,W23,9.5941,10.4817,11.5498,12.6014,2.4661,2.542,12.1557,12.2595,50.0,1,1,normal,0
IC_5973,LOT_C,W09,10.3598,11.6151,12.6677,13.5436,2.1837,2.3102,11.1455,11.2909,50.0,1,1,normal,0
IC_5974,LOT_D,W02,9.6872,10.4501,11.1676,12.3769,2.4893,2.5354,11.425,11.5596,50.0,1,1,normal,0
IC_5975,LOT_B,W01,45.2966,46.4149,48.2499,49.693,5.5102,5.5955,17.0202,17.2047,50.0,1,1,latent_distribution_outlier,1
IC_5976,LOT_F,W16,32.3759,33.8623,35.5413,36.6322,3.8242,3.8868,17.1934,17.3921,50.0,1,1,latent_distribution_outlier,1
IC_5977,LOT_B,W06,8.1686,8.9582,10.3745,11.4233,2.561,2.5552,11.8305,11.9798,50.0,1,1,normal,0
IC_5978,LOT_B,W06,7.0,13.3767,48.9656,96.8406,1.9384,2.3245,11.3212,12.2427,50.0,1,1,early_drifter,1
IC_5979,LOT_F,W09,11.0755,12.0908,13.5437,14.0711,2.4649,2.5451,11.8613,11.9516,50.0,1,1,normal,0
IC_5980,LOT_D,W14,12.7874,14.3493,15.8256,17.1932,2.7857,2.8256,11.8255,12.1453,50.0,1,1,normal,0
IC_5981,LOT_C,W08,11.1149,12.7352,13.3004,13.8454,2.0368,2.1956,13.2315,13.4706,50.0,1,1,normal,0
IC_5982,LOT_B,W10,8.6125,9.5815,10.0611,10.9822,2.4193,2.5319,11.5449,11.6884,50.0,1,1,normal,0
IC_5983,LOT_E,W04,10.39,11.2934,12.5598,12.6192,2.5141,2.4965,12.6481,12.6458,50.0,1,1,normal,0
IC_5984,LOT_B,W22,6.7619,8.4492,9.6938,10.2487,2.6649,2.7736,10.9873,11.1803,50.0,1,1,normal,0
IC_5985,LOT_B,W21,9.8102,11.2331,12.2884,12.7291,2.4791,2.5705,10.6734,10.7305,50.0,1,1,normal,0
IC_5986,LOT_E,W15,12.3834,13.8145,14.646,15.9803,2.6548,2.7046,12.1184,12.3213,50.0,1,1,normal,0
IC_5987,LOT_F,W13,10.7287,11.7911,12.7052,13.1071,2.7152,2.7661,13.972,14.0216,50.0,1,1,normal,0
IC_5988,LOT_C,W22,11.7271,13.2881,13.9227,15.0551,2.024,2.1181,11.6718,11.8463,50.0,1,1,normal,0
IC_5989,LOT_D,W15,8.8419,9.9988,11.5441,11.7985,2.2688,2.2779,11.1141,11.1725,50.0,1,1,normal,0
IC_5990,LOT_D,W10,11.4996,13.2082,14.6322,16.4414,2.4927,2.5668,11.4686,11.6555,50.0,1,1,normal,0
IC_5991,LOT_E,W21,7.7976,8.5923,9.5569,10.1912,1.5387,1.6264,12.6792,12.6711,50.0,1,1,normal,0
IC_5992,LOT_A,W17,11.1288,11.7089,12.715,13.4995,2.6196,2.6204,10.5929,10.6039,50.0,1,1,normal,0
IC_5993,LOT_B,W12,8.3516,9.5655,10.6881,11.5511,2.3091,2.367,11.5975,11.8334,50.0,1,1,normal,0
IC_5994,LOT_F,W02,8.5848,9.6505,10.1217,10.5745,1.6841,1.7848,12.7276,12.898,50.0,1,1,normal,0
IC_5995,LOT_B,W03,11.1118,12.2465,13.5305,14.4857,2.4425,2.5013,11.5494,11.7046,50.0,1,1,normal,0
IC_5996,LOT_A,W24,37.2126,39.7753,42.4257,42.7492,4.9794,5.0997,15.6947,16.1495,50.0,1,1,latent_distribution_outlier,1
IC_5997,LOT_F,W14,9.1551,10.9526,12.4341,13.8144,2.4272,2.5312,14.0093,14.2081,50.0,1,1,normal,0
IC_5998,LOT_D,W09,10.6133,11.6235,12.6734,14.128,2.2226,2.2823,12.3019,12.4868,50.0,1,1,normal,0
IC_5999,LOT_F,W05,10.377,11.5185,13.0527,14.1589,1.8483,1.8454,12.6505,12.8337,50.0,1,1,normal,0
IC_6000,LOT_A,W06,40.8276,42.3379,44.1118,45.6421,4.7848,4.8311,15.8782,16.1369,50.0,1,1,latent_distribution_outlier,1
IC_6001,LOT_E,W09,13.8653,15.1597,15.8364,16.7746,2.3891,2.4557,12.7229,13.0304,50.0,1,1,normal,0
IC_6002,LOT_B,W17,7.894,9.2548,10.2143,10.7741,1.9533,2.0629,10.0099,10.0605,50.0,1,1,normal,0
IC_6003,LOT_D,W07,9.8615,10.751,11.7687,12.1137,2.3452,2.3363,12.574,12.6001,50.0,1,1,normal,0
IC_6004,LOT_C,W23,12.1255,13.4713,15.0461,14.9817,2.3843,2.419,10.8474,11.264,50.0,1,1,normal,0
IC_6005,LOT_B,W04,11.9744,13.3905,15.0919,15.941,2.7923,2.8642,12.0769,12.3405,50.0,1,1,normal,0
IC_6006,LOT_E,W17,8.624,9.6393,10.8944,11.1179,2.0559,2.1707,12.5517,12.584,50.0,1,1,normal,0
IC_6007,LOT_A,W18,11.8206,13.3103,14.6663,14.9589,2.862,2.9449,10.8104,11.036,50.0,1,1,normal,0
IC_6008,LOT_A,W02,12.369,13.9364,15.1875,15.8939,2.7948,2.8355,10.7131,10.8527,50.0,1,1,normal,0
IC_6009,LOT_A,W14,7.7247,8.8048,9.9194,11.0634,2.5033,2.575,10.7098,10.6697,50.0,1,1,normal,0
IC_6010,LOT_D,W20,10.3298,11.4323,12.4147,14.3753,2.3366,2.4339,11.7835,11.8992,50.0,1,1,normal,0
IC_6011,LOT_F,W11,33.1835,35.3426,36.7168,37.0274,4.0492,4.2101,15.6457,15.7793,50.0,1,1,latent_distribution_outlier,1
IC_6012,LOT_B,W14,8.9403,9.787,10.6038,11.1742,2.4277,2.4734,11.2923,11.2426,50.0,1,1,normal,0
IC_6013,LOT_A,W13,10.8797,12.2786,13.2556,14.5663,2.6424,2.7522,10.7898,10.8179,50.0,1,1,normal,0
IC_6014,LOT_A,W23,9.0953,10.4406,11.6333,12.9531,2.7401,2.8376,10.9919,11.1849,50.0,1,1,normal,0
IC_6015,LOT_D,W01,11.5097,12.6834,13.4324,14.3762,2.4727,2.5342,12.4628,12.713,50.0,1,1,normal,0
IC_6016,LOT_A,W13,8.0684,9.4857,10.7632,11.3444,1.9813,2.0522,11.2018,11.4249,50.0,1,1,normal,0
IC_6017,LOT_E,W10,11.6174,12.6919,14.0737,14.3537,1.6692,1.7623,12.9596,13.3346,50.0,1,1,normal,0
IC_6018,LOT_E,W05,11.3894,12.8575,14.7174,15.8696,2.3027,2.3836,13.4398,13.4619,50.0,1,1,normal,0
IC_6019,LOT_C,W03,12.7645,13.8897,14.9154,16.3006,2.3447,2.3772,12.7032,12.9136,50.0,1,1,normal,0
IC_6020,LOT_A,W02,7.8039,8.8792,10.3862,10.8086,2.5953,2.639,11.1697,11.5022,50.0,1,1,normal,0
IC_6021,LOT_E,W15,8.2918,9.1467,9.7536,10.6767,1.9499,1.9469,11.1528,11.1319,50.0,1,1,normal,0
IC_6022,LOT_A,W10,8.8438,10.4768,12.1336,13.4644,2.3601,2.4846,10.4343,10.6389,50.0,1,1,normal,0
IC_6023,LOT_C,W03,11.4779,12.5065,13.766,14.3434,1.8422,1.9381,10.6705,10.7356,50.0,1,1,normal,0
IC_6024,LOT_A,W14,9.5639,10.9329,11.835,12.0935,2.5686,2.6454,11.5796,11.6716,50.0,1,1,normal,0
IC_6025,LOT_E,W20,8.9114,10.3829,11.9421,12.7573,2.3448,2.4914,11.8128,11.9873,50.0,1,1,normal,0
IC_6026,LOT_B,W04,9.0695,10.0636,10.7303,11.7513,2.7011,2.7945,10.3347,10.4718,50.0,1,1,normal,0
IC_6027,LOT_A,W17,10.6144,11.9844,13.6665,14.5009,2.5113,2.5825,12.5678,12.7714,50.0,1,1,normal,0
IC_6028,LOT_D,W21,9.8036,10.6785,11.3362,11.6145,2.9934,3.0041,11.5495,11.7575,50.0,1,1,normal,0
IC_6029,LOT_B,W09,7.4226,9.0512,9.7121,10.634,2.507,2.5975,9.9468,10.1955,50.0,1,1,normal,0
IC_6030,LOT_D,W18,10.8973,12.5248,14.3494,14.6574,2.7173,2.806,12.4224,12.4943,50.0,1,1,normal,0
IC_6031,LOT_D,W12,10.274,11.2841,12.1506,12.0873,2.4224,2.456,11.9391,11.9245,50.0,1,1,normal,0
IC_6032,LOT_F,W04,12.38,13.6651,15.4723,16.2113,2.1197,2.2414,12.839,13.0243,50.0,1,1,normal,0
IC_6033,LOT_A,W22,12.1061,13.2296,14.2508,15.0353,3.2305,3.28,11.7006,11.9248,50.0,1,1,normal,0
IC_6034,LOT_A,W08,11.0105,11.8624,12.6357,13.0597,2.4849,2.5284,11.3789,11.4157,50.0,1,1,normal,0
IC_6035,LOT_E,W06,10.8416,11.5375,12.1161,13.0498,2.4089,2.4509,12.5051,12.63,50.0,1,1,normal,0
IC_6036,LOT_D,W13,9.2133,9.8874,10.6981,11.3803,2.4471,2.5378,12.5184,12.7804,50.0,1,1,normal,0
IC_6037,LOT_D,W12,12.0916,17.0276,43.6416,77.8596,2.7512,3.0182,12.4391,12.8928,50.0,1,1,early_drifter,1
IC_6038,LOT_D,W09,7.6344,8.9406,10.398,10.9099,2.019,2.107,11.7853,11.8938,50.0,1,1,normal,0
IC_6039,LOT_C,W18,9.9087,10.6669,11.6652,11.9447,2.0931,2.1865,11.6612,11.6835,50.0,1,1,normal,0
IC_6040,LOT_C,W23,9.8811,11.1891,12.1389,12.5419,1.8056,1.9318,11.7682,11.9193,50.0,1,1,normal,0
IC_6041,LOT_B,W02,10.686,12.0922,13.7112,15.2116,2.2948,2.3763,10.9107,11.1497,50.0,1,1,normal,0
IC_6042,LOT_E,W10,7.8876,9.4654,10.0624,10.7306,2.211,2.2762,11.948,12.075,50.0,1,1,normal,0
IC_6043,LOT_E,W17,9.4163,10.4662,11.1439,11.8983,1.7019,1.7587,12.1104,12.2305,50.0,1,1,normal,0
IC_6044,LOT_A,W08,38.1025,38.9926,40.5333,42.4558,4.8511,4.8925,15.2473,15.3876,50.0,1,1,latent_distribution_outlier,1
IC_6045,LOT_E,W16,8.9858,10.0357,10.7875,11.217,2.1216,2.1483,11.6706,12.0365,50.0,1,1,normal,0
IC_6046,LOT_A,W14,7.6577,8.488,9.1867,10.1342,2.6552,2.697,11.7767,11.7461,50.0,1,1,normal,0
IC_6047,LOT_A,W12,8.54,9.4382,10.7607,11.886,2.6431,2.6848,11.8264,11.9321,50.0,1,1,normal,0
IC_6048,LOT_A,W01,9.7081,10.8934,11.6645,12.301,1.9053,1.99,10.9139,10.9685,50.0,1,1,normal,0
IC_6049,LOT_E,W12,32.8299,34.0412,36.4208,36.0605,4.0449,4.08,15.1903,15.4318,50.0,1,1,latent_distribution_outlier,1
IC_6050,LOT_A,W04,9.336,11.0274,12.965,12.7294,2.129,2.2536,11.4383,11.5946,50.0,1,1,normal,0
IC_6051,LOT_D,W15,10.3258,11.7567,12.8792,14.0047,2.5143,2.5641,12.5169,12.6691,50.0,1,1,normal,0
IC_6052,LOT_A,W15,10.6279,12.1332,13.4434,14.3725,2.9818,3.0827,11.0218,11.0611,50.0,1,1,normal,0
IC_6053,LOT_A,W13,8.4342,9.9546,11.5974,12.9334,2.9758,3.0491,11.6459,11.8353,50.0,1,1,normal,0
IC_6054,LOT_F,W03,10.8514,12.4766,14.3209,14.5586,1.3343,1.486,14.9695,15.0864,50.0,1,1,normal,0
IC_6055,LOT_B,W21,9.2178,10.6752,12.3852,12.5814,3.0275,3.1164,9.0843,9.0813,50.0,1,1,normal,0
IC_6056,LOT_C,W07,12.3885,13.7856,14.389,15.7515,2.1283,2.2303,11.9625,12.2593,50.0,1,1,normal,0
IC_6057,LOT_E,W22,10.5691,11.9913,13.4595,13.6527,2.1332,2.2127,13.1376,13.2532,50.0,1,1,normal,0
IC_6058,LOT_B,W03,8.9738,9.5634,10.5397,11.6829,2.4581,2.5565,13.2338,13.2679,50.0,1,1,normal,0
IC_6059,LOT_D,W12,8.2932,9.3339,10.1507,10.488,2.5529,2.5796,11.7697,11.9343,50.0,1,1,normal,0
IC_6060,LOT_B,W14,43.5689,44.791,45.7209,46.6745,5.7221,5.7713,16.9836,17.0851,50.0,1,1,latent_distribution_outlier,1
IC_6061,LOT_B,W07,9.5202,10.5071,11.9995,12.6867,2.3045,2.3845,11.9008,12.2088,50.0,1,1,normal,0
IC_6062,LOT_B,W14,8.0976,9.2958,10.8132,11.2467,2.783,2.8759,10.6282,10.6868,50.0,1,1,normal,0
IC_6063,LOT_E,W07,9.7407,10.6734,11.6029,11.7959,2.1375,2.1994,11.1773,11.3072,50.0,1,1,normal,0
IC_6064,LOT_B,W17,6.7467,7.8757,9.3646,9.9607,2.3067,2.3916,11.3732,11.4446,50.0,1,1,normal,0
IC_6065,LOT_D,W06,9.0653,9.9273,11.5042,11.7313,2.6902,2.6727,11.4614,11.4802,50.0,1,1,normal,0
IC_6066,LOT_B,W02,7.0034,8.5238,10.3987,11.6588,2.3223,2.3934,9.6798,10.0039,50.0,1,1,normal,0
IC_6067,LOT_D,W21,8.8899,10.6258,11.7372,12.8334,2.4274,2.5428,11.7369,12.1219,50.0,1,1,normal,0
IC_6068,LOT_F,W02,11.6889,12.573,13.4278,14.0683,2.2316,2.2834,14.5327,14.5224,50.0,1,1,normal,0
IC_6069,LOT_F,W23,9.4194,10.4882,11.9646,11.9185,2.1461,2.2364,12.6331,12.8637,50.0,1,1,normal,0
IC_6070,LOT_F,W14,8.0745,8.9983,9.9199,9.9606,1.9134,2.0506,14.9306,15.0681,50.0,1,1,normal,0
IC_6071,LOT_B,W08,6.1287,7.2915,9.1696,9.7076,1.7735,1.822,9.4317,9.6227,50.0,1,1,normal,0
IC_6072,LOT_E,W22,10.0472,11.1366,12.6355,12.9853,1.9653,2.0485,11.9436,12.0966,50.0,1,1,normal,0
IC_6073,LOT_E,W23,9.4564,10.9514,12.3119,12.9577,2.0658,2.1541,11.949,12.0613,50.0,1,1,normal,0
IC_6074,LOT_B,W17,8.3327,9.4849,10.2937,10.5922,2.195,2.2831,9.5037,9.6884,50.0,1,1,normal,0
IC_6075,LOT_F,W01,9.8658,15.6843,46.822,87.7741,1.6454,2.0089,13.5433,14.2017,50.0,1,1,early_drifter,1
IC_6076,LOT_A,W22,10.0615,10.5195,11.646,11.6544,2.5447,2.576,10.6131,10.4132,50.0,1,1,normal,0
IC_6077,LOT_A,W02,9.8903,13.1655,32.4114,55.0268,2.3605,2.557,11.5204,11.9168,50.0,1,1,early_drifter,1
IC_6078,LOT_C,W02,11.5516,12.6803,13.2298,14.2615,2.06,2.1361,11.895,12.0754,50.0,1,1,normal,0
IC_6079,LOT_A,W03,11.4163,12.0533,12.7918,12.6232,2.6433,2.6175,12.3744,12.3846,50.0,1,1,normal,0
IC_6080,LOT_F,W22,9.6346,10.8433,12.0667,12.689,2.122,2.155,13.5923,13.6138,50.0,1,1,normal,0
IC_6081,LOT_A,W23,11.7421,13.4092,15.2165,16.132,2.9586,3.0417,12.5368,12.6375,50.0,1,1,normal,0
IC_6082,LOT_E,W20,10.1112,11.0613,12.1958,12.0676,2.2435,2.3259,11.694,11.7573,50.0,1,1,normal,0
IC_6083,LOT_E,W24,10.4816,15.0175,41.8395,78.3055,2.3129,2.5966,12.5836,13.1747,50.0,1,1,early_drifter,1
IC_6084,LOT_A,W04,8.6057,10.0365,11.4703,12.3319,2.4326,2.5104,11.0783,11.358,50.0,1,1,normal,0
IC_6085,LOT_F,W08,9.1443,10.6207,11.99,13.2976,2.1058,2.2112,12.8738,12.9397,50.0,1,1,normal,0
IC_6086,LOT_B,W01,9.6458,10.9449,12.3373,12.9164,2.2828,2.3505,10.9407,11.1298,50.0,1,1,normal,0
IC_6087,LOT_A,W04,10.7971,11.3046,12.2282,12.9661,2.0477,2.0334,11.1139,11.231,50.0,1,1,normal,0
IC_6088,LOT_E,W06,11.9181,12.7987,13.7458,14.6287,2.6134,2.6841,12.7594,12.9045,50.0,1,1,normal,0
IC_6089,LOT_A,W05,7.8768,9.255,10.4979,11.3101,2.5725,2.6632,10.6911,11.0431,50.0,1,1,normal,0
IC_6090,LOT_E,W03,12.6139,14.0189,15.5802,16.4939,2.5078,2.62,13.0431,13.1395,50.0,1,1,normal,0
IC_6091,LOT_F,W12,9.3627,10.3524,11.7499,12.3059,1.8032,1.8565,11.1958,11.3035,50.0,1,1,normal,0
IC_6092,LOT_E,W17,12.4073,13.4068,14.0487,14.589,2.663,2.782,12.7502,12.9549,50.0,1,1,normal,0
IC_6093,LOT_C,W17,10.6706,11.5392,12.0645,13.3844,1.9117,2.0252,10.5988,10.724,50.0,1,1,normal,0
IC_6094,LOT_A,W14,10.0222,11.6028,12.8547,13.7529,2.654,2.7725,11.0272,11.3546,50.0,1,1,normal,0
IC_6095,LOT_B,W09,7.3198,8.7104,9.4558,10.717,2.1447,2.2769,9.8218,9.9048,50.0,1,1,normal,0
IC_6096,LOT_B,W12,9.5959,10.8393,11.513,12.669,1.9356,2.0091,12.6694,12.7682,50.0,1,1,normal,0
IC_6097,LOT_B,W14,8.7888,9.4666,10.2333,11.0476,2.2007,2.263,11.6732,11.6031,50.0,1,1,normal,0
IC_6098,LOT_A,W01,11.3804,12.8264,14.5114,15.5093,2.5146,2.5259,11.9495,11.9751,50.0,1,1,normal,0
IC_6099,LOT_D,W05,11.4583,12.5562,13.6438,14.2738,2.7601,2.7849,12.0007,12.0434,50.0,1,1,normal,0
IC_6100,LOT_D,W09,9.834,11.3575,12.6163,13.6861,2.614,2.6697,13.0924,13.1561,50.0,1,1,normal,0
IC_6101,LOT_F,W10,12.4728,14.1313,16.0252,16.4925,2.1773,2.2725,14.1293,14.3311,50.0,1,1,normal,0
IC_6102,LOT_C,W18,8.6056,10.033,10.9542,11.6822,1.9621,2.0927,11.0338,11.0103,50.0,1,1,normal,0
IC_6103,LOT_B,W16,10.8062,11.5731,13.132,13.3148,2.5912,2.6307,11.0168,11.1501,50.0,1,1,normal,0
IC_6104,LOT_D,W09,13.9744,15.6172,17.0161,18.682,2.8822,2.9403,13.0264,13.0884,50.0,1,1,normal,0
IC_6105,LOT_B,W06,6.3542,8.0082,9.8975,10.4558,2.4557,2.5468,10.3486,10.7901,50.0,1,1,normal,0
IC_6106,LOT_E,W16,11.4442,12.3022,13.3312,13.8397,2.324,2.3939,12.1634,12.4388,50.0,1,1,normal,0
IC_6107,LOT_A,W21,8.1293,9.2986,10.0816,11.0338,2.3203,2.404,10.9298,11.2024,50.0,1,1,normal,0
IC_6108,LOT_D,W19,11.4698,13.1474,13.7672,14.3197,2.3536,2.4258,10.4755,10.5045,50.0,1,1,normal,0
IC_6109,LOT_F,W05,11.9583,13.1893,14.427,15.8748,2.3015,2.3486,14.2437,14.1979,50.0,1,1,normal,0
IC_6110,LOT_B,W04,9.7378,10.8525,11.7002,12.4936,2.288,2.3248,10.5136,10.7542,50.0,1,1,normal,0
IC_6111,LOT_B,W16,7.0,13.003,47.295,90.4188,2.4176,2.8256,10.3249,11.1653,50.0,1,1,early_drifter,1
IC_6112,LOT_E,W10,10.6992,17.4057,52.5223,99.6947,2.1112,2.5194,13.3327,14.1221,50.0,1,1,early_drifter,1
IC_6113,LOT_A,W23,10.9645,12.2838,13.4695,14.5381,2.7604,2.8617,12.9697,13.0445,50.0,1,1,normal,0
IC_6114,LOT_D,W19,10.1614,11.6761,12.3228,14.1969,2.8788,2.9145,12.5517,12.7291,50.0,1,1,normal,0
IC_6115,LOT_F,W16,12.2373,13.2897,14.2251,15.0018,2.4839,2.5085,12.0471,12.0974,50.0,1,1,normal,0
IC_6116,LOT_E,W02,9.2039,10.222,11.4599,12.1361,2.1035,2.2151,12.1506,12.0901,50.0,1,1,normal,0
IC_6117,LOT_F,W16,11.0619,12.0592,12.9113,13.3173,2.2402,2.3268,13.2664,13.4916,50.0,1,1,normal,0
IC_6118,LOT_E,W24,12.5526,13.1811,14.6004,14.1874,2.2989,2.3251,13.4403,13.5079,50.0,1,1,normal,0
IC_6119,LOT_D,W01,10.502,12.3478,13.6905,15.7411,2.7872,2.9212,12.1659,12.3118,50.0,1,1,normal,0
IC_6120,LOT_C,W01,61.7001,71.5026,87.9424,114.1925,6.1923,6.8239,21.1442,22.3491,50.0,0,0,gross_failure,1
IC_6121,LOT_A,W15,9.6166,11.3239,12.7505,13.5466,2.9449,3.0521,11.5436,11.7158,50.0,1,1,normal,0
IC_6122,LOT_B,W12,7.3304,8.8475,10.3337,10.9768,2.4086,2.5415,9.8714,10.1425,50.0,1,1,normal,0
IC_6123,LOT_A,W14,9.1346,10.5479,12.7622,13.6766,2.6315,2.6879,11.0557,11.0961,50.0,1,1,normal,0
IC_6124,LOT_D,W13,13.6534,14.0436,15.0965,15.7354,2.9475,2.9892,13.0195,13.0962,50.0,1,1,normal,0
IC_6125,LOT_F,W08,14.6967,16.4762,17.9431,18.7863,2.8506,2.9142,13.3228,13.4045,50.0,1,1,normal,0
IC_6126,LOT_B,W15,10.5047,12.0243,13.517,14.3269,3.0108,3.0836,9.6493,9.9193,50.0,1,1,normal,0
IC_6127,LOT_C,W05,10.7078,12.4984,13.2595,14.6433,2.2467,2.3794,12.5754,12.728,50.0,1,1,normal,0
IC_6128,LOT_F,W02,42.3786,43.5551,44.3432,46.6502,4.4736,4.5664,19.1968,19.53,50.0,1,1,latent_distribution_outlier,1
IC_6129,LOT_B,W16,7.238,8.3396,9.9002,10.4777,2.4179,2.4752,10.1954,10.3342,50.0,1,1,normal,0
IC_6130,LOT_F,W03,10.5074,11.3013,12.6117,13.8339,2.1844,2.2076,14.2303,14.4789,50.0,1,1,normal,0
IC_6131,LOT_C,W24,9.5784,10.9492,13.0631,13.2019,1.9193,1.995,11.0041,11.2585,50.0,1,1,normal,0
IC_6132,LOT_D,W23,10.7126,12.0783,14.0059,14.8362,2.4376,2.5104,11.6301,11.6776,50.0,1,1,normal,0
IC_6133,LOT_E,W14,11.1335,11.9378,12.8032,13.0127,2.4463,2.4954,13.4601,13.5967,50.0,1,1,normal,0
IC_6134,LOT_A,W16,8.0767,9.4438,10.3494,11.9578,2.4118,2.4567,11.1301,11.3418,50.0,1,1,normal,0
IC_6135,LOT_B,W19,5.4681,6.4764,7.6734,8.2114,2.2556,2.2668,9.4879,9.5125,50.0,1,1,normal,0
IC_6136,LOT_F,W23,10.7925,11.5708,12.5158,12.8208,2.291,2.3061,12.7347,12.5231,50.0,1,1,normal,0
IC_6137,LOT_B,W21,8.1624,9.6084,10.731,11.8678,2.2028,2.3295,9.8599,10.079,50.0,1,1,normal,0
IC_6138,LOT_F,W21,9.9639,10.7896,11.8415,12.458,2.1844,2.2243,14.1998,14.329,50.0,1,1,normal,0
IC_6139,LOT_E,W14,9.2377,10.0831,11.1213,12.1266,2.0619,2.0873,11.5782,11.729,50.0,1,1,normal,0
IC_6140,LOT_A,W22,37.5587,39.9601,41.4826,44.6002,4.8715,5.034,15.681,15.8609,50.0,1,1,latent_distribution_outlier,1
IC_6141,LOT_E,W05,9.0838,10.5629,11.5815,12.9665,2.6395,2.7122,12.3689,12.4295,50.0,1,1,normal,0
IC_6142,LOT_A,W11,8.6909,9.1755,10.1379,10.9808,2.5165,2.5095,10.064,10.1311,50.0,1,1,normal,0
IC_6143,LOT_C,W05,10.0527,11.3706,12.7908,13.4502,1.9765,2.0718,10.7173,10.9598,50.0,1,1,normal,0
IC_6144,LOT_E,W19,12.833,16.9214,41.3038,75.1517,2.4608,2.6884,13.5488,14.0921,50.0,1,1,early_drifter,1
IC_6145,LOT_B,W05,34.2157,35.8766,37.8165,37.1837,4.4815,4.5735,13.8018,13.9666,50.0,1,1,latent_distribution_outlier,1
IC_6146,LOT_D,W08,7.4473,8.696,10.3503,10.6495,2.359,2.4099,9.4779,9.7641,50.0,1,1,normal,0
IC_6147,LOT_D,W09,8.6794,10.2643,11.1595,12.7334,2.5982,2.6965,11.6983,11.8257,50.0,1,1,normal,0
IC_6148,LOT_F,W15,10.0252,11.5294,12.7818,13.4369,1.6126,1.6786,13.4733,13.7587,50.0,1,1,normal,0
IC_6149,LOT_F,W06,12.3661,14.0154,15.3682,16.8414,2.4115,2.5036,14.9312,15.0763,50.0,1,1,normal,0
IC_6150,LOT_B,W23,61.1455,65.8809,71.0305,100.1509,6.7379,7.0192,19.5097,20.1958,50.0,0,0,gross_failure,1
IC_6151,LOT_C,W12,11.8101,13.3619,15.2206,15.4236,2.2818,2.3629,12.4846,12.5304,50.0,1,1,normal,0
IC_6152,LOT_E,W06,8.1218,9.4445,11.0342,11.3125,2.0757,2.1923,12.8163,12.9126,50.0,1,1,normal,0
IC_6153,LOT_F,W02,10.0933,11.0607,12.5187,12.6431,2.1468,2.2538,13.3157,13.4247,50.0,1,1,normal,0
IC_6154,LOT_A,W18,7.0,11.3636,36.1559,69.7812,2.302,2.5453,11.1066,11.6961,50.0,1,1,early_drifter,1
IC_6155,LOT_C,W11,11.4068,12.4537,13.7949,14.8971,2.2034,2.287,11.8254,11.9573,50.0,1,1,normal,0
IC_6156,LOT_E,W13,9.34,10.6735,12.4318,13.0477,2.0454,2.1675,11.85,11.99,50.0,1,1,normal,0
IC_6157,LOT_A,W19,10.5407,12.1032,13.2026,13.988,2.3768,2.4642,10.8883,11.2311,50.0,1,1,normal,0
IC_6158,LOT_B,W02,6.5818,8.0816,9.8134,10.8001,2.5231,2.5956,11.7747,11.7543,50.0,1,1,normal,0
IC_6159,LOT_A,W17,9.6936,10.8972,11.6549,13.0124,2.6231,2.7198,10.6724,10.7143,50.0,1,1,normal,0
IC_6160,LOT_D,W23,9.6015,11.3858,12.8974,13.8817,2.4517,2.5704,11.8233,11.9024,50.0,1,1,normal,0
IC_6161,LOT_D,W24,7.6993,9.0425,9.1565,9.8562,2.5814,2.63,11.0041,11.3272,50.0,1,1,normal,0
IC_6162,LOT_D,W14,10.0731,11.1273,12.8413,13.2426,2.1653,2.222,13.5434,13.6455,50.0,1,1,normal,0
IC_6163,LOT_C,W22,13.6573,14.4345,15.5266,16.0637,2.2277,2.2305,12.2411,12.4053,50.0,1,1,normal,0
IC_6164,LOT_C,W14,11.0621,11.9827,13.2646,13.3975,2.4371,2.4719,10.4216,10.7183,50.0,1,1,normal,0
IC_6165,LOT_E,W22,6.702,7.8977,9.4374,10.5475,1.7593,1.8382,10.9862,11.2221,50.0,1,1,normal,0
IC_6166,LOT_F,W20,10.8546,12.1213,13.2692,14.2627,2.391,2.5101,13.108,13.3621,50.0,1,1,normal,0
IC_6167,LOT_D,W18,9.4235,11.0159,12.8354,13.9526,2.9481,3.0233,11.0169,11.1515,50.0,1,1,normal,0
IC_6168,LOT_C,W10,39.6264,41.4213,43.2091,44.4042,4.3694,4.5008,15.7373,15.8952,50.0,1,1,latent_distribution_outlier,1
IC_6169,LOT_B,W09,8.0251,9.1151,10.3764,11.106,2.6426,2.7064,9.7031,9.6732,50.0,1,1,normal,0
IC_6170,LOT_F,W17,9.2815,10.1798,10.9893,11.7006,1.7642,1.7888,13.9665,14.0462,50.0,1,1,normal,0
IC_6171,LOT_D,W23,9.434,10.216,10.9332,12.0958,2.3902,2.4406,11.0727,11.0219,50.0,1,1,normal,0
IC_6172,LOT_F,W15,10.9988,11.774,12.1804,12.9107,2.4561,2.492,13.7881,14.0408,50.0,1,1,normal,0
IC_6173,LOT_B,W21,8.0692,13.5493,41.0961,77.3346,2.4813,2.8058,11.626,12.2751,50.0,1,1,early_drifter,1
IC_6174,LOT_A,W09,8.3312,9.4265,10.1219,11.3846,2.5233,2.5862,11.1844,11.4331,50.0,1,1,normal,0
IC_6175,LOT_C,W05,9.935,11.5765,13.1317,12.8519,2.2101,2.3141,12.2434,12.4032,50.0,1,1,normal,0
IC_6176,LOT_C,W23,11.598,13.1913,14.7803,15.0436,2.1106,2.228,11.3241,11.4969,50.0,1,1,normal,0
IC_6177,LOT_D,W20,9.2457,10.2915,11.8669,12.3953,2.0196,2.1167,11.4597,11.4857,50.0,1,1,normal,0
IC_6178,LOT_F,W24,11.3708,12.7491,14.3727,14.8724,2.4987,2.5772,13.8082,14.079,50.0,1,1,normal,0
IC_6179,LOT_B,W24,9.9705,11.3011,12.8469,13.5566,2.9251,3.0597,10.3552,10.6442,50.0,1,1,normal,0
IC_6180,LOT_B,W05,10.42,14.1723,34.0229,58.3051,2.519,2.7368,11.0905,11.4274,50.0,1,1,early_drifter,1
IC_6181,LOT_E,W07,10.6491,12.0089,13.6224,14.0853,2.2095,2.2677,11.3877,11.5151,50.0,1,1,normal,0
IC_6182,LOT_F,W04,11.5526,12.8077,13.9375,14.4104,1.9868,2.0715,13.5793,13.6898,50.0,1,1,normal,0
IC_6183,LOT_D,W11,9.6731,10.9017,11.9461,12.2996,2.2782,2.3879,12.6764,12.7816,50.0,1,1,normal,0
IC_6184,LOT_B,W09,7.7957,8.5625,9.7278,10.444,2.7782,2.8159,9.8126,9.8663,50.0,1,1,normal,0
IC_6185,LOT_A,W12,6.2965,8.2285,9.2772,9.962,2.3941,2.5112,10.0628,10.5308,50.0,1,1,normal,0
IC_6186,LOT_E,W23,10.5015,12.0675,13.9486,15.0568,2.3603,2.453,12.7441,13.0773,50.0,1,1,normal,0
IC_6187,LOT_F,W19,11.3435,12.8664,14.5891,15.58,2.0827,2.2062,12.5623,12.6048,50.0,1,1,normal,0
IC_6188,LOT_A,W23,8.283,9.746,11.5714,12.273,2.3717,2.3752,10.856,11.1134,50.0,1,1,normal,0
IC_6189,LOT_B,W16,5.6361,7.1131,8.2838,9.6259,1.816,1.9425,10.7304,10.8918,50.0,1,1,normal,0
IC_6190,LOT_E,W04,8.1997,9.0882,9.9952,10.3604,1.4741,1.4924,13.5452,13.6347,50.0,1,1,normal,0
IC_6191,LOT_B,W17,11.2132,12.3911,13.3987,13.423,1.8677,1.9055,11.2656,11.6598,50.0,1,1,normal,0
IC_6192,LOT_E,W18,10.3473,11.6923,12.5185,13.4753,2.1307,2.18,12.8968,13.2013,50.0,1,1,normal,0
IC_6193,LOT_F,W24,11.1279,11.7586,13.0273,13.3209,2.18,2.2622,13.1842,13.234,50.0,1,1,normal,0
IC_6194,LOT_F,W13,11.7424,15.1096,31.9312,55.8243,1.6624,1.8112,13.9284,14.3308,50.0,1,1,early_drifter,1
IC_6195,LOT_F,W03,9.7184,11.4685,12.4042,13.8432,2.5666,2.6324,13.7574,14.1684,50.0,1,1,normal,0
IC_6196,LOT_F,W16,10.9897,12.3862,14.5275,16.0073,1.6452,1.7005,14.0412,14.2832,50.0,1,1,normal,0
IC_6197,LOT_E,W13,11.3537,16.2313,42.3377,75.6722,2.5144,2.7747,13.3045,14.0626,50.0,1,1,early_drifter,1
IC_6198,LOT_B,W12,10.6366,11.8275,12.3962,13.0644,2.6369,2.7268,11.4389,11.5781,50.0,1,1,normal,0
IC_6199,LOT_E,W14,9.7293,11.3896,13.0993,13.2747,1.7219,1.8454,12.6462,12.7458,50.0,1,1,normal,0
IC_6200,LOT_C,W22,12.2551,13.3353,14.6799,16.1225,2.2697,2.3488,11.6687,11.7149,50.0,1,1,normal,0
IC_6201,LOT_D,W15,10.6744,11.6064,13.6151,14.3643,2.6513,2.7305,11.9297,12.0344,50.0,1,1,normal,0
IC_6202,LOT_C,W02,11.46,12.3708,12.8649,13.6984,1.9248,2.022,11.853,11.8725,50.0,1,1,normal,0
IC_6203,LOT_C,W12,12.943,14.6071,15.8494,17.3055,2.1565,2.2384,11.5068,11.7269,50.0,1,1,normal,0
IC_6204,LOT_F,W03,12.1142,13.4276,14.8474,15.6958,1.8969,1.9548,14.1829,14.3441,50.0,1,1,normal,0
IC_6205,LOT_A,W11,10.6637,14.0167,32.2138,59.4012,2.3612,2.5714,11.2439,11.585,50.0,1,1,early_drifter,1
IC_6206,LOT_E,W03,11.2281,12.8613,14.5415,15.1616,2.1514,2.2976,13.4133,13.6247,50.0,1,1,normal,0
IC_6207,LOT_C,W15,12.3572,13.9343,15.4585,16.5077,2.4928,2.6533,12.0094,12.1197,50.0,1,1,normal,0
IC_6208,LOT_B,W23,8.7652,10.3197,11.6449,12.3029,2.6282,2.6939,11.0971,11.2179,50.0,1,1,normal,0
IC_6209,LOT_A,W05,7.6318,9.0375,10.5283,12.124,2.301,2.3939,11.3389,11.5494,50.0,1,1,normal,0
IC_6210,LOT_B,W04,12.6797,13.9714,15.0588,15.8958,2.7984,2.8493,11.0792,11.2504,50.0,1,1,normal,0
IC_6211,LOT_F,W08,7.9345,8.9593,10.2044,10.7082,1.9392,2.0557,13.6439,13.751,50.0,1,1,normal,0
IC_6212,LOT_D,W18,10.6705,11.9087,13.2339,14.1092,2.403,2.4467,12.1007,12.352,50.0,1,1,normal,0
IC_6213,LOT_E,W05,7.9644,9.3223,10.1761,11.181,1.8749,1.9898,11.8744,11.992,50.0,1,1,normal,0
IC_6214,LOT_C,W20,12.7664,14.2056,16.0328,16.2903,2.2054,2.221,12.9602,13.1175,50.0,1,1,normal,0
IC_6215,LOT_D,W03,10.9059,12.2145,13.6569,14.4344,2.6609,2.7503,12.7448,12.8894,50.0,1,1,normal,0
IC_6216,LOT_C,W05,11.0364,12.6375,14.1911,14.9229,2.1648,2.2718,11.8391,12.0972,50.0,1,1,normal,0
IC_6217,LOT_A,W17,7.2015,8.9819,10.287,10.7509,2.272,2.4164,11.6887,11.8645,50.0,1,1,normal,0
IC_6218,LOT_A,W04,11.0915,12.2899,13.7188,14.069,2.624,2.7151,10.8075,10.8996,50.0,1,1,normal,0
IC_6219,LOT_A,W21,9.833,11.3079,13.0224,13.3144,2.319,2.3633,11.3622,11.4262,50.0,1,1,normal,0
IC_6220,LOT_F,W06,8.6533,9.7599,11.1521,12.015,1.4489,1.5116,12.9374,13.2623,50.0,1,1,normal,0
IC_6221,LOT_D,W21,9.1032,10.3205,11.9856,13.048,2.25,2.3037,11.5944,11.5658,50.0,1,1,normal,0
IC_6222,LOT_E,W17,11.2748,11.9183,12.5459,13.0544,2.4659,2.4998,12.8154,12.9987,50.0,1,1,normal,0
IC_6223,LOT_C,W21,9.8283,13.3656,31.3448,55.4141,2.536,2.7591,13.2492,13.5996,50.0,1,1,early_drifter,1
IC_6224,LOT_A,W17,11.1066,12.2383,13.0897,14.1067,2.8636,2.9641,12.6998,12.7289,50.0,1,1,normal,0
IC_6225,LOT_B,W18,10.143,11.329,13.5694,14.4071,2.3726,2.4348,12.7209,12.832,50.0,1,1,normal,0
IC_6226,LOT_D,W23,8.3815,9.5697,11.1309,12.0074,2.5777,2.5737,11.822,12.058,50.0,1,1,normal,0
IC_6227,LOT_E,W14,7.9612,9.0578,10.5132,11.2185,1.5806,1.6369,12.2037,12.3688,50.0,1,1,normal,0
IC_6228,LOT_B,W07,7.8246,8.4602,8.9242,9.366,2.3311,2.401,11.4791,11.653,50.0,1,1,normal,0
IC_6229,LOT_B,W10,8.3567,9.8719,11.5235,12.7674,2.1435,2.2319,10.2694,10.4465,50.0,1,1,normal,0
IC_6230,LOT_D,W12,38.0817,40.9459,43.4655,44.158,4.6272,4.7812,16.0752,16.2087,50.0,1,1,latent_distribution_outlier,1
IC_6231,LOT_D,W06,9.1284,14.7733,46.6606,88.0072,2.4627,2.7228,11.3935,12.1985,50.0,1,1,early_drifter,1
IC_6232,LOT_C,W16,39.7408,41.6895,43.2079,43.9064,4.4885,4.6023,15.8356,15.9813,50.0,1,1,latent_distribution_outlier,1
IC_6233,LOT_D,W18,9.3911,10.3586,11.0021,11.8009,2.4165,2.4527,13.4417,13.7272,50.0,1,1,normal,0
IC_6234,LOT_D,W12,5.933,7.6546,9.1795,10.1122,2.0134,2.138,11.6349,11.8572,50.0,1,1,normal,0
IC_6235,LOT_B,W23,11.0214,11.6842,12.2232,13.3987,2.4094,2.4052,11.6516,11.7698,50.0,1,1,normal,0
IC_6236,LOT_A,W22,9.5639,10.758,12.012,12.9248,2.1282,2.2066,11.3135,11.5056,50.0,1,1,normal,0
IC_6237,LOT_E,W21,10.5693,14.0132,32.1096,57.9524,2.154,2.3581,12.6693,13.3422,50.0,1,1,early_drifter,1
IC_6238,LOT_C,W02,8.363,9.3024,10.0683,11.212,1.9553,2.0295,9.8418,9.8789,50.0,1,1,normal,0
IC_6239,LOT_C,W02,10.6723,11.8277,12.9827,13.2371,2.1107,2.2099,12.5129,12.6518,50.0,1,1,normal,0
IC_6240,LOT_B,W12,10.5036,11.4481,12.2869,13.1289,2.6259,2.6585,11.0183,11.1018,50.0,1,1,normal,0
IC_6241,LOT_A,W24,9.959,11.5383,13.2756,13.8616,2.4644,2.5545,11.8901,12.1627,50.0,1,1,normal,0
IC_6242,LOT_F,W15,10.0908,11.234,12.1473,13.6759,2.1979,2.2992,13.4738,13.6473,50.0,1,1,normal,0
IC_6243,LOT_B,W14,7.9183,9.3865,10.9679,12.3693,2.3763,2.4617,12.1181,12.2337,50.0,1,1,normal,0
IC_6244,LOT_E,W12,9.2277,10.5144,10.8289,12.4351,2.4125,2.4342,12.4705,12.7226,50.0,1,1,normal,0
IC_6245,LOT_C,W16,11.1952,12.3588,13.223,14.1532,2.1975,2.2513,11.5757,11.4836,50.0,1,1,normal,0
IC_6246,LOT_B,W13,37.2817,38.5466,40.7819,40.5662,4.4097,4.4777,14.0309,14.2363,50.0,1,1,latent_distribution_outlier,1
IC_6247,LOT_C,W05,12.1169,13.0833,14.1011,14.5953,2.5701,2.6201,11.0258,11.0617,50.0,1,1,normal,0
IC_6248,LOT_A,W09,11.557,12.727,13.6438,14.2564,3.0739,3.0756,10.9325,11.1378,50.0,1,1,normal,0
IC_6249,LOT_A,W11,7.9389,13.2162,38.5693,74.2095,1.8423,2.165,11.6673,12.3025,50.0,1,1,early_drifter,1
IC_6250,LOT_F,W10,10.7034,12.0334,12.8539,14.5331,1.7376,1.7942,13.0391,13.422,50.0,1,1,normal,0
IC_6251,LOT_E,W03,8.9934,9.8831,10.9217,11.7432,1.9261,1.9639,12.2856,12.5541,50.0,1,1,normal,0
IC_6252,LOT_C,W21,10.7927,12.1748,13.9831,15.1807,2.2104,2.2717,11.6384,11.8075,50.0,1,1,normal,0
IC_6253,LOT_C,W03,11.1799,12.5422,14.1055,15.3941,2.097,2.2166,12.2469,12.2865,50.0,1,1,normal,0
IC_6254,LOT_C,W19,9.9357,11.7887,13.3069,14.4644,1.9334,2.0505,11.75,11.86,50.0,1,1,normal,0
IC_6255,LOT_B,W01,10.5923,11.4006,12.1618,12.9579,2.5866,2.6518,11.4816,11.5218,50.0,1,1,normal,0
IC_6256,LOT_E,W10,11.1545,12.049,12.5341,12.7058,2.0621,2.1107,11.4235,11.5033,50.0,1,1,normal,0
IC_6257,LOT_D,W23,9.6591,11.0272,12.6019,13.515,2.6052,2.6501,11.6105,11.7264,50.0,1,1,normal,0
IC_6258,LOT_A,W15,10.2803,11.7371,12.9665,13.7413,2.4049,2.4982,10.6969,11.0027,50.0,1,1,normal,0
IC_6259,LOT_E,W16,7.1594,8.1779,8.9731,10.519,2.1859,2.2225,11.3445,11.449,50.0,1,1,normal,0
IC_6260,LOT_B,W12,7.4696,8.5285,9.396,10.4683,2.1318,2.178,11.1269,11.2476,50.0,1,1,normal,0
IC_6261,LOT_F,W13,12.137,13.8506,15.5047,16.4793,2.3518,2.3954,14.623,14.6903,50.0,1,1,normal,0
IC_6262,LOT_D,W11,8.6197,9.7584,10.6376,11.6676,2.3143,2.3869,13.1638,13.3281,50.0,1,1,normal,0
IC_6263,LOT_C,W12,10.1588,11.7065,13.2033,14.6366,1.9852,2.0056,12.6497,12.8364,50.0,1,1,normal,0
IC_6264,LOT_C,W16,13.7368,14.8206,15.9502,17.7632,2.2837,2.294,11.5644,11.7326,50.0,1,1,normal,0
IC_6265,LOT_D,W21,11.5324,12.8942,14.2279,14.8016,2.7516,2.8597,11.7155,11.8241,50.0,1,1,normal,0
IC_6266,LOT_F,W03,13.8499,14.7857,16.1989,16.6854,2.439,2.4718,13.4213,13.7403,50.0,1,1,normal,0
IC_6267,LOT_C,W22,11.627,12.5258,13.8408,14.377,2.5988,2.6281,11.4019,11.4475,50.0,1,1,normal,0
IC_6268,LOT_F,W01,10.6919,12.7352,14.3299,14.3672,1.9352,2.0532,12.3814,12.6135,50.0,1,1,normal,0
IC_6269,LOT_F,W18,13.0574,14.5468,16.3596,17.5291,2.1328,2.206,14.5233,14.6614,50.0,1,1,normal,0
IC_6270,LOT_D,W04,11.1508,12.5899,14.1867,15.5355,2.475,2.5709,11.6456,11.8667,50.0,1,1,normal,0
IC_6271,LOT_B,W01,5.9996,7.2997,7.9936,9.2008,1.7433,1.7874,10.8732,11.0075,50.0,1,1,normal,0
IC_6272,LOT_A,W11,11.6877,13.3138,15.1739,15.7595,2.8581,2.9876,11.2003,11.4222,50.0,1,1,normal,0
IC_6273,LOT_B,W09,6.3179,7.675,8.8872,10.4017,2.4726,2.5411,9.5807,9.6534,50.0,1,1,normal,0
IC_6274,LOT_F,W18,9.41,10.4395,11.2832,10.9885,1.978,2.0293,12.1103,12.3271,50.0,1,1,normal,0
IC_6275,LOT_C,W09,11.4974,13.1744,14.8527,15.702,1.9885,2.1209,11.9091,12.0382,50.0,1,1,normal,0
IC_6276,LOT_D,W11,11.2813,12.9977,14.9871,15.7735,2.3969,2.5247,11.1638,11.1463,50.0,1,1,normal,0
IC_6277,LOT_E,W21,13.1281,14.92,16.1936,16.5381,2.6571,2.761,12.6822,12.9678,50.0,1,1,normal,0
IC_6278,LOT_F,W13,12.4834,13.9876,15.9704,17.1765,2.0848,2.2221,13.1786,13.4089,50.0,1,1,normal,0
IC_6279,LOT_E,W14,9.7941,11.2526,12.2317,13.0287,1.7815,1.8048,11.3816,11.3579,50.0,1,1,normal,0
IC_6280,LOT_F,W21,9.9698,11.4442,12.4374,13.8827,2.0255,2.1179,14.8584,14.9469,50.0,1,1,normal,0
IC_6281,LOT_D,W11,8.2912,9.8779,11.2095,11.8378,2.3257,2.404,11.6478,11.8025,50.0,1,1,normal,0
IC_6282,LOT_C,W19,12.1031,12.8872,13.7765,13.8843,2.1258,2.2133,10.9415,11.1543,50.0,1,1,normal,0
IC_6283,LOT_C,W24,10.6697,11.8066,13.1574,14.2998,2.3856,2.4266,12.2325,12.1923,50.0,1,1,normal,0
IC_6284,LOT_E,W08,9.0312,9.6074,10.4511,11.4279,1.9727,1.9714,12.12,12.0104,50.0,1,1,normal,0
IC_6285,LOT_A,W19,54.0733,58.4924,65.467,80.1774,6.5902,6.8249,18.1874,18.6995,50.0,0,0,gross_failure,1
IC_6286,LOT_C,W16,11.5829,12.4388,13.5771,14.1758,2.4053,2.493,12.3427,12.2776,50.0,1,1,normal,0
IC_6287,LOT_E,W23,10.6175,11.3048,12.341,13.2979,2.2948,2.348,12.3635,12.4825,50.0,1,1,normal,0
IC_6288,LOT_F,W13,8.9054,10.4055,12.1638,13.3348,2.1074,2.2012,13.5,13.6556,50.0,1,1,normal,0
IC_6289,LOT_D,W15,11.5344,12.3142,12.9482,12.8984,2.7631,2.8135,11.1385,11.1136,50.0,1,1,normal,0
IC_6290,LOT_E,W06,7.1797,8.0767,9.5682,9.5053,1.5495,1.6713,11.8205,11.7885,50.0,1,1,normal,0
IC_6291,LOT_C,W24,11.5725,12.6813,13.7671,13.9746,2.4168,2.4803,10.4461,10.5173,50.0,1,1,normal,0
IC_6292,LOT_C,W03,15.1923,16.4147,18.6081,18.5658,2.3052,2.3796,11.9903,11.9551,50.0,1,1,normal,0
IC_6293,LOT_B,W21,10.3273,11.3495,11.6164,13.0067,2.9808,3.059,12.4915,12.4791,50.0,1,1,normal,0
IC_6294,LOT_E,W21,4.2172,5.8757,7.9278,8.1855,1.8387,1.9799,11.8335,12.032,50.0,1,1,normal,0
IC_6295,LOT_A,W06,11.763,13.4425,14.7074,15.7454,2.7327,2.8273,11.7564,12.1897,50.0,1,1,normal,0
IC_6296,LOT_A,W19,10.2784,16.3381,50.5112,97.3726,2.7009,3.0765,10.3741,10.9907,50.0,1,1,early_drifter,1
IC_6297,LOT_D,W10,10.1341,10.8721,11.9958,11.5871,2.6285,2.6406,12.0723,12.1485,50.0,1,1,normal,0
IC_6298,LOT_B,W17,6.7674,8.0325,9.5293,10.6546,2.1428,2.2742,10.5505,10.6267,50.0,1,1,normal,0
IC_6299,LOT_F,W20,10.2408,11.4424,13.1119,14.1602,1.9853,2.0443,13.4704,13.4127,50.0,1,1,normal,0
IC_6300,LOT_B,W24,10.0516,11.3796,12.8391,13.9315,2.7797,2.8444,10.883,11.0149,50.0,1,1,normal,0
IC_6301,LOT_A,W24,10.2215,11.3966,12.3295,13.6965,2.6631,2.7337,12.1069,12.3482,50.0,1,1,normal,0
IC_6302,LOT_A,W03,10.635,12.218,13.7506,14.713,2.4132,2.5736,11.1537,11.4538,50.0,1,1,normal,0
IC_6303,LOT_A,W12,11.1955,12.8349,13.5955,14.4371,2.5034,2.6215,12.4231,12.6833,50.0,1,1,normal,0
IC_6304,LOT_D,W03,9.3153,10.4229,12.1508,13.1098,2.3516,2.4374,12.4499,12.6073,50.0,1,1,normal,0
IC_6305,LOT_E,W17,9.6648,10.6246,12.2448,12.8981,2.4339,2.5311,12.3832,12.5239,50.0,1,1,normal,0
IC_6306,LOT_E,W23,9.1326,9.8595,10.9053,11.6433,2.3243,2.3711,12.7915,12.9623,50.0,1,1,normal,0
IC_6307,LOT_E,W22,10.1925,11.2124,11.9395,12.9242,2.1525,2.2039,11.5934,11.666,50.0,1,1,normal,0
IC_6308,LOT_F,W22,11.8579,12.8091,13.7655,14.5705,2.5918,2.6573,13.4841,13.6906,50.0,1,1,normal,0
IC_6309,LOT_B,W07,40.6648,41.6443,43.5844,43.7627,4.5508,4.6195,14.881,15.2101,50.0,1,1,latent_distribution_outlier,1
IC_6310,LOT_A,W02,10.7593,12.2662,12.9215,14.8271,2.3622,2.4661,11.8584,12.2083,50.0,1,1,normal,0
IC_6311,LOT_F,W01,11.6399,12.6266,13.8433,14.1348,2.5122,2.6053,13.2156,13.2198,50.0,1,1,normal,0
IC_6312,LOT_C,W22,13.0206,13.8662,14.968,16.2422,2.3826,2.4167,11.2055,11.281,50.0,1,1,normal,0
IC_6313,LOT_D,W04,8.0828,9.0283,10.159,10.906,2.0459,2.0629,11.6863,11.7645,50.0,1,1,normal,0
IC_6314,LOT_E,W05,12.3837,13.2864,14.5789,15.0791,2.3516,2.4237,12.6299,12.6058,50.0,1,1,normal,0
IC_6315,LOT_D,W24,14.0,17.6048,38.1715,62.2943,2.82,3.0114,13.1009,13.5102,50.0,1,1,early_drifter,1
IC_6316,LOT_A,W23,7.5212,9.3188,10.7397,11.2885,2.443,2.5596,10.1169,10.494,50.0,1,1,normal,0
IC_6317,LOT_D,W24,12.1924,13.6932,14.7274,15.9912,2.5788,2.6641,12.1406,12.211,50.0,1,1,normal,0
IC_6318,LOT_D,W07,8.8565,9.9063,10.9505,11.2353,2.6236,2.6737,10.907,11.0541,50.0,1,1,normal,0
IC_6319,LOT_A,W15,9.5238,10.7742,12.6593,12.688,2.4512,2.5066,11.5624,11.7219,50.0,1,1,normal,0
IC_6320,LOT_D,W08,10.3093,10.7894,12.0415,12.7775,2.4947,2.5826,11.643,11.8015,50.0,1,1,normal,0
IC_6321,LOT_C,W09,44.454,46.3619,47.3021,48.3724,4.7766,4.8812,17.2765,17.4669,50.0,1,1,latent_distribution_outlier,1
IC_6322,LOT_A,W07,7.8981,8.8956,9.6531,9.8361,2.1621,2.2138,11.2048,11.2139,50.0,1,1,normal,0
IC_6323,LOT_D,W03,9.9602,11.6494,13.4486,14.3123,2.0598,2.1501,10.9535,11.2648,50.0,1,1,normal,0
IC_6324,LOT_E,W13,10.862,12.385,13.83,15.8531,2.4266,2.5237,11.8528,11.889,50.0,1,1,normal,0
IC_6325,LOT_D,W20,10.1117,11.7193,13.3147,14.0786,2.2309,2.3792,12.0316,12.0325,50.0,1,1,normal,0
IC_6326,LOT_C,W08,11.9421,13.1892,14.3022,14.7375,2.4294,2.4754,10.1399,10.394,50.0,1,1,normal,0
IC_6327,LOT_F,W03,11.4227,12.4028,13.8631,14.7066,2.52,2.6115,14.5334,14.7278,50.0,1,1,normal,0
IC_6328,LOT_A,W02,8.2283,9.3784,10.4736,11.9874,2.8223,2.9087,10.528,10.7267,50.0,1,1,normal,0
IC_6329,LOT_F,W10,10.6881,12.4327,13.91,15.0589,2.2179,2.3434,12.9211,12.9839,50.0,1,1,normal,0
IC_6330,LOT_A,W14,10.0274,10.9743,12.3934,12.7191,2.3963,2.4812,11.3092,11.324,50.0,1,1,normal,0
IC_6331,LOT_C,W08,11.713,12.8418,13.8777,15.0919,2.0796,2.1497,11.6222,11.8436,50.0,1,1,normal,0
IC_6332,LOT_D,W04,8.6239,9.5441,10.8885,11.624,2.1022,2.1693,11.6472,11.8682,50.0,1,1,normal,0
IC_6333,LOT_C,W18,10.8506,12.4963,13.986,14.7748,2.2805,2.3539,10.8623,10.999,50.0,1,1,normal,0
IC_6334,LOT_D,W05,11.1036,14.918,38.0437,66.1361,2.6598,2.8551,11.6462,12.0379,50.0,1,1,early_drifter,1
IC_6335,LOT_C,W24,12.0594,13.7482,15.7867,16.4926,2.5771,2.6885,12.7883,12.9686,50.0,1,1,normal,0
IC_6336,LOT_B,W24,14.1586,15.7521,17.0789,17.6827,2.6553,2.741,13.6886,13.6727,50.0,1,1,normal,0
IC_6337,LOT_D,W02,11.3187,12.1735,12.5765,13.7475,2.3879,2.3952,11.5697,11.8539,50.0,1,1,normal,0
IC_6338,LOT_F,W13,13.1645,14.3639,15.3631,15.5343,2.0652,2.1618,13.8744,13.8903,50.0,1,1,normal,0
IC_6339,LOT_F,W20,9.4485,10.8324,12.5104,13.4929,2.0247,2.0887,11.4506,11.4928,50.0,1,1,normal,0
IC_6340,LOT_C,W02,11.7808,13.4772,15.4694,15.8305,2.2732,2.3733,12.2401,12.5022,50.0,1,1,normal,0
IC_6341,LOT_A,W23,8.994,9.7549,11.2412,11.1674,2.831,2.8649,11.1801,11.279,50.0,1,1,normal,0
IC_6342,LOT_A,W14,9.062,10.4176,12.2622,13.0983,2.4882,2.4727,11.289,11.3806,50.0,1,1,normal,0
IC_6343,LOT_F,W23,9.4888,10.8862,12.8531,13.7213,2.5797,2.6767,12.6288,12.8863,50.0,1,1,normal,0
IC_6344,LOT_F,W03,8.0995,8.9728,9.6305,10.4408,2.042,2.0782,12.3055,12.5501,50.0,1,1,normal,0
IC_6345,LOT_F,W13,11.4474,12.7697,13.6543,14.7312,1.9369,1.9893,13.818,13.8667,50.0,1,1,normal,0
IC_6346,LOT_F,W07,9.2087,10.1491,11.4871,13.3437,1.9463,1.9676,13.7066,13.8593,50.0,1,1,normal,0
IC_6347,LOT_A,W19,12.398,14.1529,15.9071,16.5335,2.8935,3.0155,12.1446,12.4713,50.0,1,1,normal,0
IC_6348,LOT_A,W13,7.6133,9.2102,10.6155,11.6336,2.3165,2.4361,11.2134,11.5289,50.0,1,1,normal,0
IC_6349,LOT_F,W05,12.5226,13.9659,15.4721,16.1954,2.0481,2.1576,14.5775,14.7933,50.0,1,1,normal,0
IC_6350,LOT_C,W18,34.8278,35.9921,37.005,39.1259,4.0312,4.1297,14.7261,14.9272,50.0,1,1,latent_distribution_outlier,1
IC_6351,LOT_C,W02,13.4018,14.4847,14.7652,15.7673,2.4558,2.5622,11.4947,11.7054,50.0,1,1,normal,0
IC_6352,LOT_B,W18,10.392,11.1366,12.8731,12.7855,2.8749,2.9073,10.4068,10.4115,50.0,1,1,normal,0
IC_6353,LOT_D,W13,10.7364,15.642,41.6483,76.9378,2.4898,2.7704,12.1808,12.7323,50.0,1,1,early_drifter,1
IC_6354,LOT_B,W13,6.1794,7.9081,9.0117,9.6126,2.113,2.2144,10.395,10.7339,50.0,1,1,normal,0
IC_6355,LOT_F,W17,9.0749,10.094,11.4932,12.142,1.4251,1.4762,14.2663,14.3708,50.0,1,1,normal,0
IC_6356,LOT_F,W06,7.2056,8.6847,9.8995,11.4652,1.6338,1.7687,10.8991,11.1071,50.0,1,1,normal,0
IC_6357,LOT_B,W07,7.6005,8.7299,10.5794,11.1001,2.2126,2.2827,9.5417,9.5909,50.0,1,1,normal,0
IC_6358,LOT_F,W15,10.8416,14.8515,37.2141,69.5544,2.0657,2.3283,14.5094,15.1773,50.0,1,1,early_drifter,1
IC_6359,LOT_A,W22,10.2321,11.0144,11.9434,12.5818,2.8415,2.8705,12.3496,12.4082,50.0,1,1,normal,0
IC_6360,LOT_F,W23,8.5334,9.7596,11.223,11.8836,1.9993,2.1069,12.1604,12.3003,50.0,1,1,normal,0
IC_6361,LOT_E,W13,11.9733,12.7681,13.7512,14.1991,2.2211,2.2546,13.9322,14.0493,50.0,1,1,normal,0
IC_6362,LOT_A,W23,7.441,8.7269,9.2701,9.9394,2.3581,2.3772,11.0613,11.2513,50.0,1,1,normal,0
IC_6363,LOT_C,W14,10.1639,11.3826,13.0876,13.7094,1.9433,2.0441,11.1649,11.2578,50.0,1,1,normal,0
IC_6364,LOT_E,W17,10.4466,11.5726,13.0518,13.5844,1.8382,1.909,11.6698,11.8514,50.0,1,1,normal,0
IC_6365,LOT_B,W23,6.5304,8.04,9.7614,10.7422,2.1793,2.2797,9.4991,9.5635,50.0,1,1,normal,0
IC_6366,LOT_E,W15,9.1517,10.1492,11.6474,12.1832,2.3097,2.3787,12.8077,12.9096,50.0,1,1,normal,0
IC_6367,LOT_C,W17,10.7266,11.783,12.5521,12.666,2.2361,2.2564,10.5415,10.6361,50.0,1,1,normal,0
IC_6368,LOT_C,W22,9.0571,10.431,11.9393,12.3357,2.1254,2.2157,10.5552,10.8444,50.0,1,1,normal,0
IC_6369,LOT_B,W09,10.9469,17.0126,50.9206,93.6017,2.4386,2.8098,11.4164,12.0475,50.0,1,1,early_drifter,1
IC_6370,LOT_A,W11,9.1162,9.9725,10.6139,11.3753,2.7905,2.9101,10.5624,10.522,50.0,1,1,normal,0
IC_6371,LOT_D,W23,10.4471,11.969,14.035,14.3559,2.3268,2.443,11.4218,11.7725,50.0,1,1,normal,0
IC_6372,LOT_E,W05,12.1704,12.9735,13.9211,15.0785,2.646,2.6613,12.8303,12.9132,50.0,1,1,normal,0
IC_6373,LOT_C,W02,13.8072,15.5316,17.0349,17.9647,2.1305,2.2119,11.8754,12.0897,50.0,1,1,normal,0
IC_6374,LOT_E,W21,8.6917,9.6904,11.0932,11.2912,2.4683,2.5346,11.4077,11.4686,50.0,1,1,normal,0
IC_6375,LOT_C,W01,10.3463,11.7505,13.3222,14.5026,2.3071,2.3734,11.5267,11.6847,50.0,1,1,normal,0
IC_6376,LOT_F,W09,10.8321,11.7639,13.202,14.1776,1.9898,2.0371,13.0884,13.1282,50.0,1,1,normal,0
IC_6377,LOT_D,W14,9.7804,11.3484,13.156,14.3146,2.4463,2.5026,10.1764,10.284,50.0,1,1,normal,0
IC_6378,LOT_E,W14,9.6664,10.6501,11.528,12.312,2.2672,2.2738,12.3176,12.4322,50.0,1,1,normal,0
IC_6379,LOT_A,W07,8.5626,9.5554,10.6261,11.396,2.5496,2.6491,11.0475,11.1691,50.0,1,1,normal,0
IC_6380,LOT_F,W19,10.6172,11.8307,13.0824,13.5058,2.2476,2.3181,12.5645,12.9107,50.0,1,1,normal,0
IC_6381,LOT_E,W04,12.2864,13.4382,14.7361,15.3299,2.655,2.6955,13.8038,14.1267,50.0,1,1,normal,0
IC_6382,LOT_D,W04,7.7138,8.5537,9.5695,10.3741,2.4334,2.4999,11.6172,11.6672,50.0,1,1,normal,0
IC_6383,LOT_F,W23,8.7525,11.7587,28.0571,49.8662,1.7488,1.9685,14.5136,14.8995,50.0,1,1,early_drifter,1
IC_6384,LOT_B,W04,8.8253,10.2551,11.5841,12.2723,2.4598,2.5449,10.2591,10.5733,50.0,1,1,normal,0
IC_6385,LOT_E,W06,34.773,36.883,39.1952,39.9055,4.1143,4.2036,17.2496,17.4779,50.0,1,1,latent_distribution_outlier,1
IC_6386,LOT_C,W23,11.227,12.8223,14.981,15.9693,2.2125,2.3161,12.2299,12.385,50.0,1,1,normal,0
IC_6387,LOT_F,W12,10.8108,12.4462,14.1656,15.0501,2.3561,2.491,11.8845,11.9741,50.0,1,1,normal,0
IC_6388,LOT_F,W17,10.5586,11.5124,12.3802,12.5933,2.4099,2.554,14.1527,14.0867,50.0,1,1,normal,0
IC_6389,LOT_D,W07,9.6281,15.1235,46.3061,89.1441,2.1351,2.4538,11.2017,11.7254,50.0,1,1,early_drifter,1
IC_6390,LOT_D,W01,9.5213,10.5847,12.6395,13.8718,2.3119,2.322,11.7293,11.846,50.0,1,1,normal,0
IC_6391,LOT_B,W23,11.4464,12.3222,14.8568,14.8617,2.3684,2.4474,12.9368,12.9797,50.0,1,1,normal,0
IC_6392,LOT_B,W21,9.3433,13.1475,34.2731,63.9579,2.3783,2.6073,9.8476,10.3164,50.0,1,1,early_drifter,1
IC_6393,LOT_D,W12,10.5533,11.9794,13.4847,14.6867,2.6517,2.7115,12.2248,12.4058,50.0,1,1,normal,0
IC_6394,LOT_E,W20,11.8485,13.2897,14.453,15.4157,2.3996,2.4714,11.469,11.6714,50.0,1,1,normal,0
IC_6395,LOT_D,W08,11.2478,12.1365,13.5226,14.6838,2.4218,2.4814,11.9554,12.1095,50.0,1,1,normal,0
IC_6396,LOT_E,W07,11.5823,12.5269,12.7996,13.0655,2.1095,2.1347,12.166,12.4511,50.0,1,1,normal,0
IC_6397,LOT_F,W10,12.5148,13.2386,14.3724,15.0883,2.1305,2.1401,14.7776,14.8389,50.0,1,1,normal,0
IC_6398,LOT_C,W18,11.0318,12.0412,12.6647,13.146,2.023,2.1001,12.4141,12.5015,50.0,1,1,normal,0
IC_6399,LOT_B,W07,5.1972,5.9203,7.1611,8.5382,2.2493,2.2618,10.2955,10.3729,50.0,1,1,normal,0
IC_6400,LOT_C,W13,11.5052,12.2057,13.7203,13.577,2.0567,2.0707,13.2085,13.297,50.0,1,1,normal,0
IC_6401,LOT_C,W21,10.7089,12.1958,13.5011,14.8988,2.2062,2.2914,11.3259,11.5428,50.0,1,1,normal,0
IC_6402,LOT_B,W12,5.436,6.9286,8.4283,9.7359,2.459,2.6048,9.0794,9.2382,50.0,1,1,normal,0
IC_6403,LOT_A,W24,10.3412,15.6217,43.8656,80.0228,2.5207,2.8545,11.395,12.0803,50.0,1,1,early_drifter,1
IC_6404,LOT_E,W07,9.1153,10.4225,11.1789,11.8241,1.8472,1.9099,11.6107,11.8709,50.0,1,1,normal,0
IC_6405,LOT_D,W02,11.415,12.1223,12.926,13.4101,2.7123,2.7259,12.5293,12.888,50.0,1,1,normal,0
IC_6406,LOT_B,W10,8.9918,10.2933,11.2296,12.3984,2.9297,2.9718,10.4119,10.6141,50.0,1,1,normal,0
IC_6407,LOT_B,W12,9.9754,11.6412,13.117,14.4997,3.0336,3.1524,10.869,10.9805,50.0,1,1,normal,0
IC_6408,LOT_C,W03,10.2298,11.3077,11.9868,12.6897,2.1342,2.2052,11.489,11.7026,50.0,1,1,normal,0
IC_6409,LOT_A,W15,10.2943,15.2382,44.0558,81.8553,2.8333,3.1268,12.0178,12.6357,50.0,1,1,early_drifter,1
IC_6410,LOT_F,W15,8.8536,9.6325,10.4903,11.1459,2.5046,2.5887,12.6646,12.6396,50.0,1,1,normal,0
IC_6411,LOT_E,W03,12.6223,13.593,14.4024,15.1024,2.1514,2.2037,12.5504,12.6634,50.0,1,1,normal,0
IC_6412,LOT_D,W01,11.8729,13.1478,14.1529,14.995,2.5381,2.5982,10.4684,10.4666,50.0,1,1,normal,0
IC_6413,LOT_B,W01,9.0861,9.834,10.91,11.6904,2.9075,2.9693,11.5049,11.6351,50.0,1,1,normal,0
IC_6414,LOT_D,W04,10.0369,11.4604,13.1088,13.9298,2.3748,2.4923,11.2386,11.4871,50.0,1,1,normal,0
IC_6415,LOT_F,W22,9.6785,11.6114,13.0041,13.847,2.5282,2.6283,12.8561,13.168,50.0,1,1,normal,0
IC_6416,LOT_B,W11,7.3334,8.6611,9.6951,11.0063,2.1158,2.1424,9.2538,9.3994,50.0,1,1,normal,0
IC_6417,LOT_F,W02,13.4904,14.7596,15.9395,17.1195,2.4474,2.556,13.3556,13.3469,50.0,1,1,normal,0
IC_6418,LOT_E,W22,7.6533,8.7111,10.1968,10.7569,2.1276,2.1718,12.2526,12.4316,50.0,1,1,normal,0
IC_6419,LOT_A,W15,7.9696,8.8531,10.5267,10.5627,2.3042,2.299,11.0552,11.1805,50.0,1,1,normal,0
IC_6420,LOT_A,W08,7.4013,8.7853,9.4229,10.5284,2.366,2.4556,11.1186,11.2652,50.0,1,1,normal,0
IC_6421,LOT_A,W12,9.0144,12.3176,30.4239,55.0251,2.5442,2.703,12.5637,12.8912,50.0,1,1,early_drifter,1
IC_6422,LOT_D,W04,8.9348,14.7383,45.1203,87.7359,2.5978,2.9266,12.6764,13.5592,50.0,1,1,early_drifter,1
IC_6423,LOT_A,W09,8.8202,10.4429,12.1214,13.0042,2.4975,2.6317,12.102,12.3308,50.0,1,1,normal,0
IC_6424,LOT_D,W03,8.867,10.1811,12.1031,13.1802,2.3265,2.4033,11.7621,11.8515,50.0,1,1,normal,0
IC_6425,LOT_B,W08,10.5189,11.9502,12.6091,14.037,2.6835,2.7624,11.07,11.1131,50.0,1,1,normal,0
IC_6426,LOT_D,W22,8.5031,13.6129,42.272,80.629,2.1378,2.421,11.6869,12.2958,50.0,1,1,early_drifter,1
IC_6427,LOT_E,W10,12.0473,13.3943,14.6545,16.267,2.0455,2.1375,13.0158,13.3382,50.0,1,1,normal,0
IC_6428,LOT_B,W07,7.5245,8.7291,10.3128,11.0741,2.4486,2.4055,12.5583,12.6136,50.0,1,1,normal,0
IC_6429,LOT_F,W12,9.7801,11.5882,13.2255,14.2148,1.6993,1.8427,13.6842,13.8725,50.0,1,1,normal,0
IC_6430,LOT_F,W17,9.6032,10.4435,11.4084,11.9383,2.0312,2.1677,12.5991,12.7799,50.0,1,1,normal,0
IC_6431,LOT_A,W09,8.1887,11.2736,29.0863,51.6994,2.6351,2.7923,10.5655,11.0986,50.0,1,1,early_drifter,1
IC_6432,LOT_A,W09,7.2105,9.1265,10.9568,12.0029,1.7818,1.8674,9.1421,9.2095,50.0,1,1,normal,0
IC_6433,LOT_D,W22,9.4077,10.767,11.3132,12.5324,2.4307,2.5176,11.7242,11.6807,50.0,1,1,normal,0
IC_6434,LOT_C,W22,10.093,11.8843,13.3131,13.8611,1.9765,2.057,12.2468,12.643,50.0,1,1,normal,0
IC_6435,LOT_F,W24,10.5553,11.7824,12.8024,13.6408,2.0189,2.0512,14.2119,14.3915,50.0,1,1,normal,0
IC_6436,LOT_F,W03,13.9403,15.5961,16.7099,17.9854,2.3629,2.486,12.41,12.6284,50.0,1,1,normal,0
IC_6437,LOT_B,W24,7.7885,8.4496,9.0621,9.9317,2.4546,2.505,11.3604,11.4622,50.0,1,1,normal,0
IC_6438,LOT_A,W01,8.6281,9.7758,11.1625,11.9537,2.5352,2.668,11.3656,11.5737,50.0,1,1,normal,0
IC_6439,LOT_B,W17,9.9019,10.9911,11.7216,12.6159,2.6541,2.7795,10.8875,11.1753,50.0,1,1,normal,0
IC_6440,LOT_E,W05,11.1784,12.6029,14.1342,14.2805,2.5917,2.6803,12.2593,12.4444,50.0,1,1,normal,0
IC_6441,LOT_D,W18,9.7563,15.9801,47.8006,90.4197,2.6593,3.0081,12.6214,13.4239,50.0,1,1,early_drifter,1
IC_6442,LOT_E,W15,8.6658,10.1649,11.2925,12.5924,2.1704,2.2681,12.3533,12.3428,50.0,1,1,normal,0
IC_6443,LOT_F,W09,7.9386,8.6679,9.6691,9.4189,1.9404,2.0178,12.6451,12.5411,50.0,1,1,normal,0
IC_6444,LOT_D,W19,10.7975,12.4582,13.8931,15.0628,2.8426,2.9422,11.3773,11.783,50.0,1,1,normal,0
IC_6445,LOT_C,W07,12.6243,13.793,14.2792,14.246,2.1346,2.2267,12.3106,12.4693,50.0,1,1,normal,0
IC_6446,LOT_E,W06,8.1455,9.4959,10.8249,10.877,2.078,2.1618,11.9741,12.1346,50.0,1,1,normal,0
IC_6447,LOT_F,W19,9.8467,11.6783,12.6088,14.3928,2.3185,2.4542,12.9364,13.286,50.0,1,1,normal,0
IC_6448,LOT_D,W13,11.7827,13.0794,14.4462,15.2329,2.5069,2.5958,13.1174,13.369,50.0,1,1,normal,0
IC_6449,LOT_A,W16,9.4171,11.1052,12.9014,13.5687,2.7986,2.8945,11.7541,11.9921,50.0,1,1,normal,0
IC_6450,LOT_F,W04,10.9643,12.0616,13.5068,14.3738,2.7269,2.7702,13.5735,13.7206,50.0,1,1,normal,0
IC_6451,LOT_C,W16,12.8877,13.9306,14.9435,15.6556,2.5313,2.5985,13.0175,13.2217,50.0,1,1,normal,0
IC_6452,LOT_B,W10,9.5565,10.4658,11.3446,12.3964,2.6932,2.7311,11.9786,12.253,50.0,1,1,normal,0
IC_6453,LOT_D,W18,10.6723,14.9844,39.9333,71.1039,2.8915,3.1727,12.0233,12.404,50.0,1,1,early_drifter,1
IC_6454,LOT_B,W04,10.7453,11.4339,12.2353,12.8321,2.8333,2.8699,11.6163,11.6772,50.0,1,1,normal,0
IC_6455,LOT_A,W23,13.2908,14.8571,15.9206,17.0591,2.8345,2.9315,13.6865,13.8902,50.0,1,1,normal,0
IC_6456,LOT_F,W20,10.711,12.0295,13.8534,14.2757,1.7782,1.8225,14.1983,14.2319,50.0,1,1,normal,0
IC_6457,LOT_D,W16,7.0894,8.2253,8.5398,9.7516,2.3291,2.4136,11.2689,11.3422,50.0,1,1,normal,0
IC_6458,LOT_F,W21,8.8831,9.9289,10.8941,12.3387,1.698,1.7907,13.7864,13.9235,50.0,1,1,normal,0
IC_6459,LOT_C,W14,10.9966,14.5383,33.5759,59.1915,2.6041,2.7925,13.3049,13.7034,50.0,1,1,early_drifter,1
IC_6460,LOT_F,W16,37.9045,40.1052,42.6694,44.0479,4.4852,4.6873,16.7909,16.9451,50.0,1,1,latent_distribution_outlier,1
IC_6461,LOT_D,W12,6.9334,8.0709,9.4424,10.3231,1.9692,2.0402,11.6643,11.8666,50.0,1,1,normal,0
IC_6462,LOT_B,W21,10.3252,13.8495,33.3284,59.306,2.2803,2.5254,11.3235,11.7592,50.0,1,1,early_drifter,1
IC_6463,LOT_F,W03,11.621,12.9239,14.207,14.8502,1.9545,2.0197,12.4381,12.4639,50.0,1,1,normal,0
IC_6464,LOT_F,W06,42.5801,43.826,44.9959,45.0781,4.7502,4.7957,18.451,18.5659,50.0,1,1,latent_distribution_outlier,1
IC_6465,LOT_C,W20,13.0922,14.2997,16.0965,16.9617,2.1877,2.2651,13.165,13.3192,50.0,1,1,normal,0
IC_6466,LOT_F,W04,12.3458,13.4534,14.4044,15.4746,2.7313,2.8122,13.9667,13.9852,50.0,1,1,normal,0
IC_6467,LOT_A,W08,9.0508,9.8224,10.2272,11.2732,2.6658,2.7011,10.852,11.1228,50.0,1,1,normal,0
IC_6468,LOT_A,W04,8.1417,8.8935,10.555,10.2991,2.0186,2.0785,11.1133,10.9748,50.0,1,1,normal,0
IC_6469,LOT_C,W20,11.215,12.5426,13.9303,14.3018,2.2689,2.3965,11.5248,11.6529,50.0,1,1,normal,0
IC_6470,LOT_D,W14,9.6518,10.6341,11.9243,12.493,2.4471,2.4755,11.8911,11.9284,50.0,1,1,normal,0
IC_6471,LOT_D,W04,11.1403,12.2285,12.9583,13.3555,2.4455,2.5534,11.815,11.8939,50.0,1,1,normal,0
IC_6472,LOT_D,W22,9.906,11.1762,12.6073,13.8162,2.5092,2.6023,11.2258,11.4779,50.0,1,1,normal,0
IC_6473,LOT_D,W02,9.5311,10.9642,12.9122,13.113,2.4048,2.4945,12.1234,12.3384,50.0,1,1,normal,0
IC_6474,LOT_C,W07,12.1375,13.3396,14.6083,15.2702,2.0474,2.1309,11.4376,11.7148,50.0,1,1,normal,0
IC_6475,LOT_A,W04,11.5764,12.9094,14.9489,15.6214,2.8981,2.9383,12.2096,12.5058,50.0,1,1,normal,0
IC_6476,LOT_C,W20,10.8981,12.0689,13.5955,13.6818,2.3815,2.4283,11.3754,11.6283,50.0,1,1,normal,0
IC_6477,LOT_D,W13,10.5268,11.9716,13.427,14.6144,2.1886,2.2861,12.5554,12.6875,50.0,1,1,normal,0
IC_6478,LOT_B,W19,10.3296,11.6455,12.8808,13.571,2.6556,2.6991,12.9213,13.0712,50.0,1,1,normal,0
IC_6479,LOT_F,W04,11.4509,12.314,13.0424,13.3858,1.9386,2.002,14.0723,14.2795,50.0,1,1,normal,0
IC_6480,LOT_D,W22,10.1646,11.0724,12.2362,12.756,2.6699,2.7499,12.4214,12.535,50.0,1,1,normal,0
IC_6481,LOT_A,W05,9.1145,9.9234,10.5421,11.0376,2.5804,2.571,11.0302,10.9428,50.0,1,1,normal,0
IC_6482,LOT_B,W09,6.9031,8.3313,9.7519,10.3149,2.6302,2.7241,10.1604,10.3285,50.0,1,1,normal,0
IC_6483,LOT_D,W12,10.6003,14.2151,33.7306,59.7827,2.3018,2.4675,11.3155,11.6396,50.0,1,1,early_drifter,1
IC_6484,LOT_B,W20,6.1803,7.1163,9.0658,9.0596,2.3476,2.4307,9.5921,9.6954,50.0,1,1,normal,0
IC_6485,LOT_F,W21,10.7252,12.0453,12.644,13.0828,2.0523,2.0997,13.6888,13.9697,50.0,1,1,normal,0
IC_6486,LOT_B,W09,7.3919,8.2307,9.9962,10.6146,2.6884,2.7173,10.2849,10.4203,50.0,1,1,normal,0
IC_6487,LOT_D,W09,12.4055,13.9993,15.5634,16.648,2.6296,2.7454,10.7406,10.8244,50.0,1,1,normal,0
IC_6488,LOT_A,W18,8.2519,9.5986,11.518,13.1849,2.2478,2.3239,11.3948,11.4617,50.0,1,1,normal,0
IC_6489,LOT_A,W02,11.0445,12.2553,13.0471,13.4163,2.3898,2.4581,10.1184,10.1378,50.0,1,1,normal,0
IC_6490,LOT_E,W01,10.5119,11.5288,12.7675,14.0028,2.5346,2.6138,12.3238,12.3888,50.0,1,1,normal,0
IC_6491,LOT_A,W18,9.5302,11.1013,12.6377,13.027,2.4277,2.5271,11.3784,11.5622,50.0,1,1,normal,0
IC_6492,LOT_E,W11,8.5259,9.9995,10.7014,12.1257,2.4889,2.6173,12.6996,12.9365,50.0,1,1,normal,0
IC_6493,LOT_C,W19,10.3657,11.5828,12.7063,13.1338,2.3949,2.4585,11.5515,11.4432,50.0,1,1,normal,0
IC_6494,LOT_D,W14,9.2599,10.102,11.3171,11.9973,2.5479,2.591,11.1904,10.9173,50.0,1,1,normal,0
IC_6495,LOT_D,W11,9.3884,10.4346,11.2289,12.5542,2.5787,2.6184,11.0355,11.0186,50.0,1,1,normal,0
IC_6496,LOT_D,W22,8.0907,8.899,10.2254,10.4486,2.1925,2.2924,12.336,12.3285,50.0,1,1,normal,0
IC_6497,LOT_C,W09,11.1183,11.8098,12.5912,12.9743,2.0773,2.1127,12.2096,12.2218,50.0,1,1,normal,0
IC_6498,LOT_D,W05,9.7627,10.5858,11.0364,11.9382,2.586,2.6386,11.6303,11.7999,50.0,1,1,normal,0
IC_6499,LOT_D,W18,8.985,10.2896,11.561,12.495,2.2375,2.387,11.9101,11.9128,50.0,1,1,normal,0
IC_6500,LOT_E,W19,9.8245,10.8191,12.1147,12.3598,2.241,2.2673,13.345,13.613,50.0,1,1,normal,0
IC_6501,LOT_B,W14,6.4169,7.617,9.4946,10.0533,2.5296,2.5996,10.3954,10.4073,50.0,1,1,normal,0
IC_6502,LOT_B,W01,7.0,10.5447,30.2054,55.5286,1.8185,2.0544,10.0138,10.4265,50.0,1,1,early_drifter,1
IC_6503,LOT_B,W12,7.0678,8.5413,9.9621,11.2415,2.6239,2.7254,11.42,11.5181,50.0,1,1,normal,0
IC_6504,LOT_E,W19,13.7197,14.7475,16.2352,15.5992,2.615,2.5972,13.3109,13.473,50.0,1,1,normal,0
IC_6505,LOT_A,W24,8.2675,10.0005,11.5309,12.5713,2.3166,2.4071,11.7585,12.0342,50.0,1,1,normal,0
IC_6506,LOT_C,W22,12.7273,14.1479,14.763,14.9709,2.3043,2.3671,11.7901,12.1461,50.0,1,1,normal,0
IC_6507,LOT_F,W06,7.085,8.8002,10.8312,11.3269,2.3443,2.4493,13.5329,13.6522,50.0,1,1,normal,0
IC_6508,LOT_E,W09,10.9291,12.0709,12.9592,13.1312,2.2332,2.3304,12.9455,12.9309,50.0,1,1,normal,0
IC_6509,LOT_E,W06,9.4642,10.6997,12.3676,13.1129,2.2499,2.3414,11.5352,11.7481,50.0,1,1,normal,0
IC_6510,LOT_A,W16,46.0351,47.4095,49.2328,50.1425,5.53,5.6201,17.6901,18.0371,50.0,1,1,latent_distribution_outlier,1
IC_6511,LOT_F,W19,10.1577,11.6099,13.4617,13.4414,1.5977,1.7211,13.3491,13.4588,50.0,1,1,normal,0
IC_6512,LOT_E,W24,11.5157,12.7334,13.4683,14.4708,2.1699,2.2226,12.2941,12.4488,50.0,1,1,normal,0
IC_6513,LOT_C,W13,10.3739,11.6098,12.5526,12.3096,2.3081,2.3737,11.2293,11.3744,50.0,1,1,normal,0
IC_6514,LOT_A,W06,11.6985,12.2167,13.3061,13.8823,2.4321,2.4636,11.2413,11.4378,50.0,1,1,normal,0
IC_6515,LOT_E,W08,12.4511,14.1961,15.5092,16.1725,2.6656,2.829,12.3265,12.5701,50.0,1,1,normal,0
IC_6516,LOT_A,W17,8.2475,9.1665,10.0598,10.8189,2.3108,2.3535,11.4205,11.444,50.0,1,1,normal,0
IC_6517,LOT_E,W16,8.1799,9.4858,10.8888,12.045,2.34,2.4644,12.656,12.6743,50.0,1,1,normal,0
IC_6518,LOT_C,W21,9.8827,10.7405,11.3527,12.1564,1.8469,1.9129,10.546,10.7508,50.0,1,1,normal,0
IC_6519,LOT_C,W14,9.719,10.745,11.7794,13.1345,2.3384,2.4359,11.8345,12.0157,50.0,1,1,normal,0
IC_6520,LOT_D,W04,10.4729,11.5569,12.3787,12.7427,2.3743,2.4413,10.2844,10.3739,50.0,1,1,normal,0
IC_6521,LOT_E,W24,8.4021,9.5604,10.5139,11.2784,2.3118,2.3871,12.2764,12.4436,50.0,1,1,normal,0
IC_6522,LOT_A,W02,9.6062,10.4956,11.991,12.438,2.2062,2.276,12.3381,12.3696,50.0,1,1,normal,0
IC_6523,LOT_D,W03,12.2764,13.649,14.8429,15.3478,2.6425,2.7349,11.7151,11.9563,50.0,1,1,normal,0
IC_6524,LOT_C,W09,11.4312,12.5687,13.4744,13.9809,2.3219,2.41,10.9994,11.0605,50.0,1,1,normal,0
IC_6525,LOT_A,W07,10.2979,10.9561,11.7003,12.9416,2.2091,2.287,10.7397,10.8479,50.0,1,1,normal,0
IC_6526,LOT_A,W13,9.1854,10.3382,11.8775,12.8205,2.3891,2.5099,10.6124,10.8527,50.0,1,1,normal,0
IC_6527,LOT_E,W01,9.9882,10.6715,11.7966,12.9735,2.0781,2.1236,13.4837,13.6264,50.0,1,1,normal,0
IC_6528,LOT_F,W20,11.0224,11.6671,12.2498,11.9903,1.9558,1.995,15.4827,15.5132,50.0,1,1,normal,0
IC_6529,LOT_B,W11,8.8017,10.3616,11.7169,12.9166,2.0141,2.0764,11.7762,11.9714,50.0,1,1,normal,0
IC_6530,LOT_D,W12,12.0507,13.7537,15.1532,17.097,2.6337,2.7907,11.9108,12.2759,50.0,1,1,normal,0
IC_6531,LOT_C,W24,14.2831,15.6019,16.2863,17.5678,2.1616,2.2784,11.7259,11.7131,50.0,1,1,normal,0
IC_6532,LOT_A,W11,9.0008,9.8789,11.257,12.2894,2.8154,2.8363,11.6391,11.9205,50.0,1,1,normal,0
IC_6533,LOT_B,W10,5.1689,6.8471,8.5408,9.6575,1.9721,2.0901,8.666,8.9345,50.0,1,1,normal,0
IC_6534,LOT_D,W10,10.6282,12.2063,13.8686,14.919,2.7558,2.8642,11.8049,11.9068,50.0,1,1,normal,0
IC_6535,LOT_F,W16,10.9238,12.308,14.3551,14.488,1.7615,1.8324,13.6777,13.8404,50.0,1,1,normal,0
IC_6536,LOT_D,W04,12.247,13.5279,15.3598,16.3705,2.6115,2.6606,12.571,12.7104,50.0,1,1,normal,0
IC_6537,LOT_C,W16,10.9181,11.759,12.5475,13.4696,1.9465,1.9911,10.9425,11.0589,50.0,1,1,normal,0
IC_6538,LOT_C,W18,11.1751,11.9548,12.9696,13.648,1.8116,1.9347,10.8217,11.0136,50.0,1,1,normal,0
IC_6539,LOT_E,W14,9.6994,10.6209,11.3536,11.746,2.1746,2.2066,12.882,12.8705,50.0,1,1,normal,0
IC_6540,LOT_E,W15,14.0414,15.433,16.3984,16.7776,2.337,2.4411,12.1762,12.3475,50.0,1,1,normal,0
IC_6541,LOT_A,W09,8.4902,9.5751,11.4937,12.1036,2.6746,2.7772,10.0522,10.1161,50.0,1,1,normal,0
IC_6542,LOT_B,W01,10.4436,11.7385,12.7762,13.4696,2.2909,2.3523,12.0034,12.2025,50.0,1,1,normal,0
IC_6543,LOT_C,W16,61.4208,63.4565,80.4082,95.4366,6.4166,6.5252,19.4799,19.6876,50.0,0,0,gross_failure,1
IC_6544,LOT_B,W09,11.5277,12.4271,13.6094,14.119,2.3076,2.3954,12.6441,12.7167,50.0,1,1,normal,0
IC_6545,LOT_B,W07,10.0021,10.8525,11.9016,11.9388,2.4052,2.5048,12.3656,12.5647,50.0,1,1,normal,0
IC_6546,LOT_C,W07,11.1916,12.6736,13.9305,14.8866,2.0669,2.1164,11.5294,11.7505,50.0,1,1,normal,0
IC_6547,LOT_F,W21,11.2603,12.4928,13.8382,14.8102,1.9167,1.9585,13.3861,13.5836,50.0,1,1,normal,0
IC_6548,LOT_C,W11,10.8352,12.4353,13.6513,14.3223,2.1568,2.2488,11.5446,11.6908,50.0,1,1,normal,0
IC_6549,LOT_F,W21,9.4998,10.1906,11.5566,12.9435,2.5898,2.671,13.3338,13.4834,50.0,1,1,normal,0
IC_6550,LOT_D,W23,9.4635,10.6985,11.903,13.0605,2.3405,2.4145,11.1218,11.1419,50.0,1,1,normal,0
IC_6551,LOT_D,W20,11.333,12.4815,14.0626,14.6216,2.2793,2.3338,13.2067,13.4107,50.0,1,1,normal,0
IC_6552,LOT_C,W04,12.4409,13.7896,15.3624,15.5118,2.3142,2.4613,12.0921,12.1543,50.0,1,1,normal,0
IC_6553,LOT_B,W03,10.2824,15.9005,45.6121,86.0965,2.7331,3.0374,11.8716,12.5125,50.0,1,1,early_drifter,1
IC_6554,LOT_C,W12,44.2429,45.9829,48.17,49.2796,4.7983,4.9133,15.5449,15.7697,50.0,1,1,latent_distribution_outlier,1
IC_6555,LOT_E,W03,12.2029,13.792,15.8656,16.9285,2.3592,2.4858,13.2244,13.4506,50.0,1,1,normal,0
IC_6556,LOT_A,W17,10.6461,11.8083,12.5433,13.0859,3.0408,3.0829,11.0318,11.1672,50.0,1,1,normal,0
IC_6557,LOT_C,W22,10.4032,11.6425,12.3359,13.315,2.0703,2.1436,10.5826,10.7784,50.0,1,1,normal,0
IC_6558,LOT_F,W05,9.3548,10.5373,11.5215,12.1556,1.9535,1.98,13.3731,13.652,50.0,1,1,normal,0
IC_6559,LOT_B,W01,11.7466,12.6376,13.7642,14.5399,2.6434,2.7204,10.8086,10.7949,50.0,1,1,normal,0
IC_6560,LOT_E,W24,11.3026,12.9914,13.9304,15.3102,2.7323,2.8415,11.6957,11.853,50.0,1,1,normal,0
IC_6561,LOT_A,W15,11.2674,12.6346,13.6283,14.1824,2.9235,2.9756,10.7611,11.0017,50.0,1,1,normal,0
IC_6562,LOT_F,W16,10.366,11.8447,13.3985,13.8708,1.5748,1.6602,12.6074,12.9044,50.0,1,1,normal,0
IC_6563,LOT_D,W23,10.5995,12.1114,13.5785,15.0744,2.8148,2.9528,10.6914,10.7704,50.0,1,1,normal,0
IC_6564,LOT_F,W02,10.7047,11.9213,13.3112,14.3033,1.862,1.9301,12.3104,12.2513,50.0,1,1,normal,0
IC_6565,LOT_F,W09,12.2477,13.713,14.923,15.5914,2.5606,2.6243,13.6569,13.845,50.0,1,1,normal,0
IC_6566,LOT_B,W07,8.1007,9.2866,10.5145,10.8442,2.2646,2.3744,11.3291,11.4628,50.0,1,1,normal,0
IC_6567,LOT_D,W04,8.8509,12.0889,29.4321,53.8981,2.4887,2.6639,10.8792,11.0641,50.0,1,1,early_drifter,1
IC_6568,LOT_B,W08,8.1383,9.0184,10.3476,10.7804,2.2071,2.2612,12.4553,12.6134,50.0,1,1,normal,0
IC_6569,LOT_E,W20,12.6145,13.8324,14.9326,15.356,2.4444,2.5636,13.0246,13.4145,50.0,1,1,normal,0
IC_6570,LOT_E,W12,9.7871,11.2665,13.152,13.9743,2.4859,2.5864,12.134,12.2748,50.0,1,1,normal,0
IC_6571,LOT_B,W19,7.7052,9.1057,10.0943,11.3734,2.7231,2.8467,13.0766,13.3188,50.0,1,1,normal,0
IC_6572,LOT_F,W22,11.6627,13.2474,14.4475,15.9847,1.5823,1.6865,13.4627,13.6593,50.0,1,1,normal,0
IC_6573,LOT_F,W13,9.4591,10.5603,11.9917,13.2892,2.4376,2.5095,12.209,12.4297,50.0,1,1,normal,0
IC_6574,LOT_D,W24,9.5099,11.0364,12.1481,13.641,2.7792,2.8842,11.7232,11.8525,50.0,1,1,normal,0
IC_6575,LOT_A,W19,10.7037,12.4215,13.734,15.1658,2.6352,2.7243,11.0373,11.3455,50.0,1,1,normal,0
IC_6576,LOT_C,W08,13.513,14.2519,15.2328,16.333,2.5752,2.5937,11.8277,11.9137,50.0,1,1,normal,0
IC_6577,LOT_B,W18,9.233,10.5011,11.4419,12.7248,2.5973,2.6477,11.9525,12.0271,50.0,1,1,normal,0
IC_6578,LOT_B,W09,72.0734,81.4523,93.1939,120.8374,7.2258,7.7846,19.0878,20.1159,50.0,0,0,gross_failure,1
IC_6579,LOT_C,W15,12.5086,13.2728,14.7853,15.6912,2.2416,2.2984,10.58,10.7889,50.0,1,1,normal,0
IC_6580,LOT_D,W16,9.9258,11.5959,12.981,14.5549,2.3848,2.4719,11.6494,11.9018,50.0,1,1,normal,0
IC_6581,LOT_C,W20,9.9927,11.1238,11.8094,12.5841,2.5273,2.6098,10.9208,10.8671,50.0,1,1,normal,0
IC_6582,LOT_D,W20,8.5794,9.4166,10.6132,10.5071,2.5293,2.5473,11.1196,11.0946,50.0,1,1,normal,0
IC_6583,LOT_B,W04,8.7839,9.7827,10.8844,11.6779,2.3717,2.4771,12.0611,12.2109,50.0,1,1,normal,0
IC_6584,LOT_C,W05,12.1126,13.7831,15.2329,15.8396,2.3101,2.4279,11.9053,12.1377,50.0,1,1,normal,0
IC_6585,LOT_A,W05,12.7711,13.8356,15.8638,16.2442,2.9284,2.9849,10.5769,10.7014,50.0,1,1,normal,0
IC_6586,LOT_B,W01,8.4086,9.4744,10.7115,10.9201,2.4705,2.5215,10.383,10.519,50.0,1,1,normal,0
IC_6587,LOT_D,W24,8.6549,10.1055,10.8476,11.4863,2.7873,2.8281,11.9888,12.0535,50.0,1,1,normal,0
IC_6588,LOT_B,W02,8.7716,10.1828,11.7544,13.025,2.8291,2.9607,10.4276,10.5827,50.0,1,1,normal,0
IC_6589,LOT_E,W10,10.4189,12.0466,13.1808,14.2476,2.2741,2.3331,12.1583,12.5596,50.0,1,1,normal,0
IC_6590,LOT_A,W11,8.3155,9.4299,10.6994,11.4986,2.6463,2.7032,11.153,11.3994,50.0,1,1,normal,0
IC_6591,LOT_C,W23,10.5256,11.5132,13.0917,13.5159,2.2708,2.3054,11.3441,11.2375,50.0,1,1,normal,0
IC_6592,LOT_B,W09,7.8564,13.1901,43.8214,85.1686,2.5479,2.8309,10.4582,11.1117,50.0,1,1,early_drifter,1
IC_6593,LOT_F,W09,8.1366,13.6076,42.0589,82.1856,1.967,2.3196,13.4394,14.241,50.0,1,1,early_drifter,1
IC_6594,LOT_F,W07,10.7569,11.6333,12.8246,12.5281,2.6399,2.6767,12.7272,12.7733,50.0,1,1,normal,0
IC_6595,LOT_D,W19,8.2029,9.8811,11.5292,12.1882,2.1535,2.2107,12.8776,13.105,50.0,1,1,normal,0
IC_6596,LOT_B,W02,9.5571,10.6472,11.9223,12.7304,2.65,2.718,11.0681,11.1374,50.0,1,1,normal,0
IC_6597,LOT_C,W23,14.5748,15.3621,16.3873,17.4922,1.9679,2.0337,11.2862,11.2752,50.0,1,1,normal,0
IC_6598,LOT_B,W10,9.3108,10.6884,12.6119,13.6076,2.3967,2.4976,10.7526,10.8597,50.0,1,1,normal,0
IC_6599,LOT_B,W16,59.6998,63.7168,81.4376,94.2497,6.34,6.5393,19.0211,19.4372,50.0,0,0,gross_failure,1
IC_6600,LOT_E,W10,11.4048,12.3397,13.4269,14.2169,2.109,2.1684,13.8282,14.0407,50.0,1,1,normal,0
IC_6601,LOT_E,W02,12.3294,13.6972,14.9448,15.3957,2.4014,2.5676,12.4315,12.6692,50.0,1,1,normal,0
IC_6602,LOT_D,W04,12.3206,13.1198,13.9377,14.8621,3.1494,3.2313,11.3569,11.6159,50.0,1,1,normal,0
IC_6603,LOT_D,W11,36.266,37.7997,39.004,39.2574,4.6788,4.8019,16.8592,17.1757,50.0,1,1,latent_distribution_outlier,1
IC_6604,LOT_F,W21,11.4745,17.4387,47.1032,90.0154,2.3549,2.7374,11.9815,12.7042,50.0,1,1,early_drifter,1
IC_6605,LOT_F,W18,9.3199,10.9275,12.8023,13.7911,2.2682,2.3766,14.6088,14.7851,50.0,1,1,normal,0
IC_6606,LOT_C,W12,11.8691,12.6014,13.5583,14.4995,1.8437,1.9356,10.7349,10.7985,50.0,1,1,normal,0
IC_6607,LOT_D,W02,11.7272,13.2677,14.7797,15.8191,2.37,2.5088,12.3853,12.6109,50.0,1,1,normal,0
IC_6608,LOT_C,W24,13.9129,15.4774,17.4217,17.8274,2.3026,2.4193,11.6473,11.8549,50.0,1,1,normal,0
IC_6609,LOT_E,W23,7.9536,8.8337,9.4208,9.9298,1.7984,1.8556,11.6526,11.6817,50.0,1,1,normal,0
IC_6610,LOT_A,W11,9.3792,10.289,10.9555,12.063,2.6511,2.7076,12.3737,12.5901,50.0,1,1,normal,0
IC_6611,LOT_E,W13,8.3357,9.2173,10.9985,11.5607,1.7422,1.8178,11.4535,11.6877,50.0,1,1,normal,0
IC_6612,LOT_B,W09,8.9325,10.576,12.041,14.0195,2.4819,2.5651,13.548,13.4855,50.0,1,1,normal,0
IC_6613,LOT_A,W04,6.7489,8.4363,9.5802,10.6921,2.2721,2.3691,9.6583,9.9301,50.0,1,1,normal,0
IC_6614,LOT_D,W24,39.8,41.1735,42.2696,44.3603,4.8091,4.952,16.6236,16.7553,50.0,1,1,latent_distribution_outlier,1
IC_6615,LOT_B,W16,7.0402,8.502,9.8982,10.7821,2.5583,2.6014,11.3238,11.6506,50.0,1,1,normal,0
IC_6616,LOT_A,W23,9.2738,10.7128,11.9227,13.8745,2.4873,2.5802,11.1224,11.2511,50.0,1,1,normal,0
IC_6617,LOT_F,W04,11.9388,13.3372,14.653,15.8746,1.7259,1.8522,14.3922,14.5665,50.0,1,1,normal,0
IC_6618,LOT_E,W10,12.3784,13.8147,15.5351,15.6453,2.6683,2.7253,12.3735,12.5857,50.0,1,1,normal,0
IC_6619,LOT_F,W03,11.2212,12.6708,13.2204,13.9835,2.0287,2.0919,13.8571,14.1145,50.0,1,1,normal,0
IC_6620,LOT_D,W04,8.5112,9.8367,11.7644,13.4392,2.5752,2.6886,10.5601,10.589,50.0,1,1,normal,0
IC_6621,LOT_D,W05,11.3402,13.0206,15.0587,16.146,2.1679,2.2767,11.1958,11.3365,50.0,1,1,normal,0
IC_6622,LOT_B,W14,8.1196,9.6447,11.5308,12.3421,2.221,2.3278,11.0275,11.4317,50.0,1,1,normal,0
IC_6623,LOT_E,W18,36.202,38.429,41.3111,42.7252,4.4916,4.6055,15.4164,15.7651,50.0,1,1,latent_distribution_outlier,1
IC_6624,LOT_C,W14,9.8375,14.4677,42.9377,80.9698,1.9737,2.2272,11.6837,12.2619,50.0,1,1,early_drifter,1
IC_6625,LOT_D,W18,10.516,11.5827,12.2568,13.0045,2.7507,2.8735,10.7605,10.9535,50.0,1,1,normal,0
IC_6626,LOT_E,W05,9.2044,10.8691,12.5274,13.6852,2.1065,2.2002,13.0819,13.254,50.0,1,1,normal,0
IC_6627,LOT_A,W04,7.0476,8.954,10.4068,11.6551,2.0989,2.2318,11.8188,12.0061,50.0,1,1,normal,0
IC_6628,LOT_C,W21,12.7309,14.0905,15.2228,16.7092,2.321,2.451,13.0406,13.2042,50.0,1,1,normal,0
IC_6629,LOT_E,W04,10.2354,11.4398,12.278,13.5376,1.8591,1.8832,13.0585,13.0789,50.0,1,1,normal,0
IC_6630,LOT_B,W23,8.6483,9.9709,11.4,12.2597,2.4905,2.5647,11.4823,11.4321,50.0,1,1,normal,0
IC_6631,LOT_E,W20,7.9789,9.083,10.0944,10.6767,1.5728,1.6348,11.3005,11.3574,50.0,1,1,normal,0
IC_6632,LOT_B,W01,8.9679,9.7128,10.7268,11.537,2.4231,2.4065,9.7161,9.8373,50.0,1,1,normal,0
IC_6633,LOT_E,W15,7.7682,9.2433,10.2305,11.4783,2.0789,2.1834,12.0653,12.2324,50.0,1,1,normal,0
IC_6634,LOT_C,W11,11.3179,12.8862,14.6014,15.704,1.977,2.0824,11.4563,11.6989,50.0,1,1,normal,0
IC_6635,LOT_B,W23,9.3102,10.8244,12.2909,13.2277,2.6059,2.6495,12.7183,12.9389,50.0,1,1,normal,0
IC_6636,LOT_B,W21,9.931,10.8141,12.1487,12.7536,2.6811,2.7343,10.8429,10.7117,50.0,1,1,normal,0
IC_6637,LOT_E,W13,8.8571,9.7296,11.2458,11.3385,2.0182,2.0718,12.4565,12.4992,50.0,1,1,normal,0
IC_6638,LOT_F,W17,72.632,81.2768,89.0011,111.7993,7.2565,7.7292,23.0647,23.8495,50.0,0,0,gross_failure,1
IC_6639,LOT_F,W21,13.5691,14.4095,15.8574,17.0122,2.0736,2.116,13.2299,13.4343,50.0,1,1,normal,0
IC_6640,LOT_F,W08,9.6573,11.2832,12.8622,13.2381,2.1951,2.2945,13.2892,13.5198,50.0,1,1,normal,0
IC_6641,LOT_E,W01,8.1989,9.5585,10.2919,11.8891,1.8281,1.8721,12.0562,12.1956,50.0,1,1,normal,0
IC_6642,LOT_D,W03,11.6319,12.6737,13.4494,14.2417,2.3234,2.4255,12.1463,12.3679,50.0,1,1,normal,0
IC_6643,LOT_B,W06,10.3687,12.0665,13.519,14.7092,2.6289,2.7131,11.311,11.5172,50.0,1,1,normal,0
IC_6644,LOT_B,W11,8.8358,9.8884,11.2282,11.785,2.6627,2.7367,10.3001,10.4609,50.0,1,1,normal,0
IC_6645,LOT_A,W17,6.9076,8.1667,9.0138,9.7324,2.3357,2.4341,10.9798,11.1135,50.0,1,1,normal,0
IC_6646,LOT_C,W15,10.3562,10.9668,12.3386,12.7565,2.1616,2.2891,11.1239,11.1804,50.0,1,1,normal,0
IC_6647,LOT_D,W10,7.531,8.5287,9.2473,10.1072,2.1846,2.2119,11.7449,11.7777,50.0,1,1,normal,0
IC_6648,LOT_B,W22,7.4769,8.5534,9.778,10.5152,2.5955,2.6637,10.5768,10.6086,50.0,1,1,normal,0
IC_6649,LOT_E,W22,7.9118,9.3116,10.569,11.79,1.837,1.8856,14.4025,14.5253,50.0,1,1,normal,0
IC_6650,LOT_B,W03,7.7889,9.1543,10.3403,12.2315,2.55,2.7087,12.6992,13.0247,50.0,1,1,normal,0
IC_6651,LOT_E,W09,9.2695,9.9274,10.68,10.3972,2.1592,2.1819,12.6296,12.8336,50.0,1,1,normal,0
IC_6652,LOT_C,W14,11.9172,12.9297,13.8865,15.1826,2.137,2.1752,12.2493,12.3904,50.0,1,1,normal,0
IC_6653,LOT_D,W14,12.6407,13.6113,14.5337,14.7994,3.0182,3.0958,12.2264,12.404,50.0,1,1,normal,0
IC_6654,LOT_B,W12,10.1787,11.3532,11.6871,12.0207,2.4462,2.5229,11.2852,11.4933,50.0,1,1,normal,0
IC_6655,LOT_D,W07,11.9788,16.3653,41.0006,75.6936,2.6048,2.8514,11.1325,11.7692,50.0,1,1,early_drifter,1
IC_6656,LOT_A,W14,10.3341,11.5833,12.9886,13.5955,2.5502,2.6254,13.0829,13.17,50.0,1,1,normal,0
IC_6657,LOT_E,W07,8.9196,13.689,42.4811,82.7784,2.1554,2.4289,12.481,12.8981,50.0,1,1,early_drifter,1
IC_6658,LOT_B,W12,9.2937,10.5498,11.6446,12.9778,2.8362,2.8707,11.7822,11.9938,50.0,1,1,normal,0
IC_6659,LOT_C,W13,11.274,12.7627,14.704,14.992,2.3456,2.4723,11.7751,11.9025,50.0,1,1,normal,0
IC_6660,LOT_C,W11,11.0244,16.1665,46.5042,87.6027,1.9311,2.2263,11.8499,12.5257,50.0,1,1,early_drifter,1
IC_6661,LOT_A,W13,45.2662,47.2728,49.2378,50.9071,5.4869,5.6056,16.7673,17.057,50.0,1,1,latent_distribution_outlier,1
IC_6662,LOT_E,W20,10.3639,11.2272,11.9547,12.4224,2.3078,2.3749,12.9997,13.2504,50.0,1,1,normal,0
IC_6663,LOT_C,W10,12.6648,13.8522,15.2264,15.7674,2.466,2.5122,11.73,11.8713,50.0,1,1,normal,0
IC_6664,LOT_C,W22,10.6832,12.4662,13.985,14.4624,1.7997,1.8796,11.8178,11.8811,50.0,1,1,normal,0
IC_6665,LOT_F,W15,11.4399,12.7868,14.4242,15.5858,1.8102,1.8941,13.4531,13.6347,50.0,1,1,normal,0
IC_6666,LOT_F,W10,77.1752,81.6609,88.4928,109.3833,7.4351,7.6738,24.1309,24.6224,50.0,0,0,gross_failure,1
IC_6667,LOT_F,W13,13.0903,14.0601,15.5394,15.7375,2.0513,2.1344,13.8811,13.987,50.0,1,1,normal,0
IC_6668,LOT_D,W05,10.3725,12.0233,13.255,14.1157,2.4372,2.5811,11.4731,11.6829,50.0,1,1,normal,0
IC_6669,LOT_C,W13,35.0806,36.7992,38.7257,40.3183,3.9779,4.0428,15.1951,15.441,50.0,1,1,latent_distribution_outlier,1
IC_6670,LOT_E,W11,11.115,12.4536,14.1319,14.5207,2.4505,2.5429,11.62,11.8365,50.0,1,1,normal,0
IC_6671,LOT_D,W07,10.7253,12.2389,12.2431,13.8147,2.4921,2.5658,10.9446,10.9487,50.0,1,1,normal,0
IC_6672,LOT_F,W21,9.4855,11.0435,12.4623,13.5344,2.0763,2.1384,13.0104,13.2558,50.0,1,1,normal,0
IC_6673,LOT_B,W13,9.3624,11.172,12.5716,14.2251,2.6931,2.7947,11.5234,11.8572,50.0,1,1,normal,0
IC_6674,LOT_E,W09,11.3698,12.4366,13.4095,14.1636,2.3665,2.4032,12.8182,12.9475,50.0,1,1,normal,0
IC_6675,LOT_D,W19,8.8599,10.1938,11.5611,12.8603,2.621,2.7096,12.4397,12.5648,50.0,1,1,normal,0
IC_6676,LOT_D,W04,13.6757,14.7879,15.9035,16.4142,3.0992,3.2149,10.9665,11.0213,50.0,1,1,normal,0
IC_6677,LOT_E,W06,11.8202,12.6571,13.5788,13.5726,1.9967,2.0734,12.1011,12.1405,50.0,1,1,normal,0
IC_6678,LOT_F,W16,10.4412,15.4864,43.0607,80.2847,2.1112,2.4985,13.7156,14.3615,50.0,1,1,early_drifter,1
IC_6679,LOT_C,W22,8.0872,9.6907,11.7189,12.0529,2.0863,2.171,10.3081,10.3928,50.0,1,1,normal,0
IC_6680,LOT_B,W12,10.3636,11.2794,12.5423,12.701,2.2545,2.3388,11.5375,11.5492,50.0,1,1,normal,0
IC_6681,LOT_A,W13,9.1118,9.993,11.0701,12.1238,2.4947,2.5505,11.6407,11.6495,50.0,1,1,normal,0
IC_6682,LOT_F,W23,12.4635,13.0078,13.9543,14.1297,2.1945,2.2471,12.8559,13.1406,50.0,1,1,normal,0
IC_6683,LOT_B,W07,8.3487,9.4158,11.1672,11.2056,2.7475,2.8676,9.0068,9.1331,50.0,1,1,normal,0
IC_6684,LOT_E,W22,11.5874,12.5426,13.5417,14.1029,2.5092,2.5766,12.8504,12.7924,50.0,1,1,normal,0
IC_6685,LOT_B,W09,9.7806,11.4695,13.0786,13.8512,2.842,2.9424,9.1633,9.368,50.0,1,1,normal,0
IC_6686,LOT_D,W17,8.869,10.5824,11.904,12.721,2.6085,2.7212,11.4199,11.7751,50.0,1,1,normal,0
IC_6687,LOT_D,W14,8.6757,9.8211,10.2507,10.8104,2.2183,2.2975,12.6034,12.6553,50.0,1,1,normal,0
IC_6688,LOT_F,W24,9.6374,10.9787,12.2562,12.2727,1.5547,1.6887,12.7501,12.855,50.0,1,1,normal,0
IC_6689,LOT_F,W15,9.719,11.0385,11.9946,13.2556,2.397,2.5199,12.3387,12.4675,50.0,1,1,normal,0
IC_6690,LOT_D,W09,10.6724,12.1146,13.9808,14.7182,2.7956,2.8697,11.6947,11.8363,50.0,1,1,normal,0
IC_6691,LOT_D,W22,10.3166,11.7416,13.5763,15.2093,2.5435,2.6162,11.6103,11.6385,50.0,1,1,normal,0
IC_6692,LOT_C,W12,10.9961,11.7752,12.7915,12.6775,2.4697,2.503,11.0326,10.9348,50.0,1,1,normal,0
IC_6693,LOT_A,W02,9.3485,10.08,11.0718,11.8644,2.4776,2.5604,10.2273,10.3754,50.0,1,1,normal,0
IC_6694,LOT_B,W11,8.9595,10.2898,11.5284,12.2184,2.6398,2.7287,11.9938,12.1272,50.0,1,1,normal,0
IC_6695,LOT_B,W17,11.493,12.5701,13.8103,14.9347,2.7083,2.7548,11.072,11.0902,50.0,1,1,normal,0
IC_6696,LOT_B,W12,8.6136,9.6917,10.6184,10.9061,2.4837,2.5808,12.8207,13.029,50.0,1,1,normal,0
IC_6697,LOT_A,W12,11.7072,12.6429,13.8031,14.4391,2.7897,2.8284,10.7938,11.0293,50.0,1,1,normal,0
IC_6698,LOT_D,W14,10.6632,11.6809,12.7758,13.2221,2.2691,2.3389,11.2247,11.4672,50.0,1,1,normal,0
IC_6699,LOT_E,W04,7.6549,8.9289,9.7343,10.1299,1.9979,2.0454,12.5407,12.4912,50.0,1,1,normal,0
IC_6700,LOT_F,W12,8.951,10.7221,12.1454,13.9639,2.0381,2.1342,12.9156,13.2,50.0,1,1,normal,0
IC_6701,LOT_E,W10,11.8902,13.6687,14.8496,16.0236,2.3683,2.508,12.833,13.0317,50.0,1,1,normal,0
IC_6702,LOT_E,W12,8.4206,9.8348,10.6314,12.4068,2.1926,2.3238,11.9938,12.1676,50.0,1,1,normal,0
IC_6703,LOT_D,W13,9.5868,10.7398,12.1846,12.5721,2.1748,2.2296,11.5101,11.6299,50.0,1,1,normal,0
IC_6704,LOT_C,W23,10.2385,11.2733,12.8509,14.3008,2.1429,2.2074,12.3541,12.445,50.0,1,1,normal,0
IC_6705,LOT_B,W01,8.6994,10.0668,11.2696,12.3024,2.4332,2.5679,11.5692,11.8067,50.0,1,1,normal,0
IC_6706,LOT_F,W23,11.2108,12.4479,13.8875,14.4137,1.8366,1.9465,12.4715,12.6603,50.0,1,1,normal,0
IC_6707,LOT_C,W16,8.6657,10.0929,12.4467,13.0099,2.008,2.027,12.237,12.2691,50.0,1,1,normal,0
IC_6708,LOT_B,W18,9.138,10.3911,12.0164,12.3794,2.2854,2.3679,12.2344,12.4475,50.0,1,1,normal,0
IC_6709,LOT_B,W03,6.8694,8.4886,10.4523,11.6456,2.449,2.5663,11.2474,11.4876,50.0,1,1,normal,0
IC_6710,LOT_B,W24,11.9995,13.5347,14.9659,16.635,2.596,2.7321,11.7526,12.1329,50.0,1,1,normal,0
IC_6711,LOT_D,W03,9.8686,11.7583,13.3864,14.2244,2.1514,2.2565,11.3475,11.6332,50.0,1,1,normal,0
IC_6712,LOT_E,W21,10.8176,12.3931,13.4543,14.7376,2.389,2.5198,12.8026,12.9168,50.0,1,1,normal,0
IC_6713,LOT_A,W08,7.945,8.9564,9.9907,10.0932,2.9229,3.0116,11.9005,11.9365,50.0,1,1,normal,0
IC_6714,LOT_F,W18,10.1216,11.7687,13.2609,14.5149,2.0674,2.2196,11.8214,12.1381,50.0,1,1,normal,0
IC_6715,LOT_C,W19,9.7702,11.0003,11.4234,12.1789,1.7036,1.7912,12.6072,12.8078,50.0,1,1,normal,0
IC_6716,LOT_C,W24,13.8682,14.7586,15.4984,16.4519,2.1456,2.2106,11.8818,12.0808,50.0,1,1,normal,0
IC_6717,LOT_C,W01,9.7312,11.1996,12.8993,13.7535,2.2959,2.3872,11.4041,11.7888,50.0,1,1,normal,0
IC_6718,LOT_C,W21,11.0169,11.6673,12.3936,13.5664,2.1274,2.2308,12.1996,12.2246,50.0,1,1,normal,0
IC_6719,LOT_C,W23,12.2054,13.3249,14.3741,15.386,2.5426,2.648,11.0767,11.1617,50.0,1,1,normal,0
IC_6720,LOT_C,W10,12.1787,13.7657,15.3896,16.3497,1.8349,1.9198,11.2876,11.4731,50.0,1,1,normal,0
IC_6721,LOT_D,W15,9.8285,10.5092,11.3787,12.0505,2.227,2.236,11.9172,11.9446,50.0,1,1,normal,0
IC_6722,LOT_B,W01,6.6274,7.4647,9.4297,8.9504,2.2641,2.3105,11.0749,11.2254,50.0,1,1,normal,0
IC_6723,LOT_E,W07,11.1866,12.725,14.644,15.1665,2.2148,2.2576,14.0883,14.268,50.0,1,1,normal,0
IC_6724,LOT_B,W23,9.5224,11.101,12.1466,13.1991,2.2894,2.3957,9.8445,10.2099,50.0,1,1,normal,0
IC_6725,LOT_C,W23,13.0027,14.29,15.5214,16.0154,2.6323,2.7013,11.5981,11.6402,50.0,1,1,normal,0
IC_6726,LOT_F,W13,9.7491,11.0786,11.8057,13.3405,1.8728,1.9811,13.8387,13.9609,50.0,1,1,normal,0
IC_6727,LOT_E,W08,11.4023,12.7384,13.8881,15.3792,2.1622,2.256,12.3705,12.4837,50.0,1,1,normal,0
IC_6728,LOT_A,W04,8.9396,13.2446,36.9094,68.9056,2.9725,3.221,11.3871,11.9566,50.0,1,1,early_drifter,1
IC_6729,LOT_D,W18,13.1557,14.3697,16.0032,17.2809,2.7816,2.8292,11.7602,12.0038,50.0,1,1,normal,0
IC_6730,LOT_D,W08,12.7389,14.0439,14.3988,15.9042,2.5366,2.6159,11.3603,11.7304,50.0,1,1,normal,0
IC_6731,LOT_D,W15,10.8007,11.8528,13.1763,13.7806,2.5484,2.6323,12.4113,12.5837,50.0,1,1,normal,0
IC_6732,LOT_B,W16,10.11,11.6899,13.1759,14.4126,2.3682,2.501,10.9066,11.2508,50.0,1,1,normal,0
IC_6733,LOT_A,W09,7.5254,9.3436,10.3875,11.511,2.3165,2.3589,10.1883,10.3086,50.0,1,1,normal,0
IC_6734,LOT_F,W03,11.3247,12.8178,14.579,14.5581,2.1549,2.2396,12.3897,12.5039,50.0,1,1,normal,0
IC_6735,LOT_F,W19,9.7787,11.3454,13.5473,14.257,2.4717,2.5692,12.7346,13.0099,50.0,1,1,normal,0
IC_6736,LOT_D,W12,10.1102,11.1153,11.609,13.043,2.0926,2.1694,11.1698,11.2677,50.0,1,1,normal,0
IC_6737,LOT_C,W18,11.1563,12.5106,13.675,14.2563,2.087,2.1153,11.8183,12.0226,50.0,1,1,normal,0
IC_6738,LOT_B,W22,11.3191,12.0342,12.6933,13.1956,2.4917,2.5879,11.923,11.932,50.0,1,1,normal,0
IC_6739,LOT_E,W07,10.3099,11.5025,12.8115,13.4567,2.4429,2.4922,12.6709,12.995,50.0,1,1,normal,0
IC_6740,LOT_E,W11,7.9439,9.2517,10.9665,11.5732,2.2183,2.2902,11.8671,11.8619,50.0,1,1,normal,0
IC_6741,LOT_C,W03,12.4434,13.8081,15.2522,15.8046,2.3746,2.4714,11.6779,11.8017,50.0,1,1,normal,0
IC_6742,LOT_F,W20,9.7174,10.9616,12.6173,13.3211,1.8558,1.9588,13.1447,13.4306,50.0,1,1,normal,0
IC_6743,LOT_A,W14,11.2748,12.3352,13.611,13.5671,2.5365,2.5854,10.7778,11.0227,50.0,1,1,normal,0
IC_6744,LOT_D,W10,10.4487,12.1118,13.5266,14.5428,2.3424,2.4452,12.05,12.0787,50.0,1,1,normal,0
IC_6745,LOT_F,W12,37.8683,38.7377,39.8423,41.8463,4.2835,4.3038,20.0362,20.0904,50.0,1,1,latent_distribution_outlier,1
IC_6746,LOT_E,W06,12.7689,13.9087,14.7026,16.1801,2.6067,2.5995,13.2007,13.4166,50.0,1,1,normal,0
IC_6747,LOT_F,W15,12.8025,14.5676,15.7411,15.6511,2.4363,2.5277,13.7297,14.1089,50.0,1,1,normal,0
IC_6748,LOT_B,W02,10.6616,11.9882,13.4271,14.4439,2.8475,2.9381,12.1095,12.2102,50.0,1,1,normal,0
IC_6749,LOT_C,W14,11.1262,12.7883,14.2354,15.69,2.0873,2.1412,11.9543,12.1517,50.0,1,1,normal,0
IC_6750,LOT_C,W11,12.085,13.4391,14.6612,15.4889,2.3584,2.4742,11.8273,11.9061,50.0,1,1,normal,0
IC_6751,LOT_D,W02,8.3671,9.0971,10.2269,10.8865,2.1751,2.2199,11.9965,11.9702,50.0,1,1,normal,0
IC_6752,LOT_E,W02,9.1116,9.9924,11.4745,12.3091,2.0979,2.1745,12.5888,12.6668,50.0,1,1,normal,0
IC_6753,LOT_D,W17,11.4625,13.104,14.5297,16.0004,2.2721,2.3427,12.2529,12.3572,50.0,1,1,normal,0
IC_6754,LOT_E,W14,10.6516,11.8202,14.0449,14.9681,2.248,2.2579,11.4752,11.5346,50.0,1,1,normal,0
IC_6755,LOT_A,W08,10.0083,11.4048,12.7994,14.0934,2.6585,2.7305,11.6603,11.7847,50.0,1,1,normal,0
IC_6756,LOT_F,W23,9.2463,10.7504,12.0138,12.3836,1.9748,2.0871,13.1616,13.4322,50.0,1,1,normal,0
IC_6757,LOT_B,W05,10.4151,11.7124,12.7544,12.9436,3.1309,3.1784,10.3398,10.5673,50.0,1,1,normal,0
IC_6758,LOT_C,W19,10.8838,12.4844,13.8592,15.1554,2.1122,2.216,10.5277,10.6898,50.0,1,1,normal,0
IC_6759,LOT_A,W23,8.7185,12.6273,33.0727,63.0984,2.13,2.3531,10.9529,11.434,50.0,1,1,early_drifter,1
IC_6760,LOT_D,W19,8.6056,10.3734,12.0913,13.8942,2.2968,2.4122,13.1689,13.3932,50.0,1,1,normal,0
IC_6761,LOT_D,W20,10.5043,11.6735,13.2171,13.1597,2.804,2.913,12.8004,12.9219,50.0,1,1,normal,0
IC_6762,LOT_F,W23,10.7907,11.9649,12.7993,13.6673,1.8173,1.8405,11.0713,11.2024,50.0,1,1,normal,0
IC_6763,LOT_D,W24,10.8577,11.95,12.8083,13.3377,2.4195,2.5603,13.1723,13.3176,50.0,1,1,normal,0
IC_6764,LOT_A,W03,9.6979,10.8569,11.8051,12.7435,2.7362,2.7443,11.1484,11.3214,50.0,1,1,normal,0
IC_6765,LOT_E,W20,12.2811,13.2556,14.3748,14.9623,2.5685,2.6169,12.9354,12.8689,50.0,1,1,normal,0
IC_6766,LOT_A,W08,10.6269,11.9644,13.4085,13.3051,2.3759,2.4593,11.1296,11.371,50.0,1,1,normal,0
IC_6767,LOT_F,W08,10.9662,16.6904,47.227,89.8661,2.0924,2.4818,15.9703,16.443,50.0,1,1,early_drifter,1
IC_6768,LOT_E,W10,36.5101,39.0898,41.1895,43.1315,3.9687,4.1555,16.6036,16.8243,50.0,1,1,latent_distribution_outlier,1
IC_6769,LOT_F,W22,12.0037,13.5746,15.2218,16.3369,2.0348,2.0733,14.9619,14.9852,50.0,1,1,normal,0
IC_6770,LOT_F,W02,10.6658,11.615,12.5654,13.2502,2.1692,2.1979,14.0954,14.2385,50.0,1,1,normal,0
IC_6771,LOT_B,W11,8.2246,9.7734,11.4414,11.974,2.7594,2.9141,10.519,10.6565,50.0,1,1,normal,0
IC_6772,LOT_E,W08,10.1906,11.4739,13.0499,14.1738,2.3872,2.5169,12.8852,13.0433,50.0,1,1,normal,0
IC_6773,LOT_B,W07,9.4885,10.5128,11.2456,11.2126,2.3815,2.472,10.9912,11.0738,50.0,1,1,normal,0
IC_6774,LOT_D,W06,8.3541,9.3608,10.3158,10.6802,2.4158,2.534,11.8932,11.9982,50.0,1,1,normal,0
IC_6775,LOT_C,W20,43.838,45.0802,45.6576,47.654,4.4803,4.5741,16.0899,16.1538,50.0,1,1,latent_distribution_outlier,1
IC_6776,LOT_E,W08,11.3893,13.0335,14.2686,15.7163,2.2092,2.3324,12.5423,12.6586,50.0,1,1,normal,0
IC_6777,LOT_B,W22,7.4209,8.817,10.6542,10.9611,2.315,2.3761,11.6287,11.933,50.0,1,1,normal,0
IC_6778,LOT_B,W16,9.3352,10.5035,11.8237,12.2612,2.5154,2.5232,12.839,13.0707,50.0,1,1,normal,0
IC_6779,LOT_D,W09,10.0949,11.2608,12.0206,13.1068,2.8524,2.9153,11.4902,11.6123,50.0,1,1,normal,0
IC_6780,LOT_C,W23,72.9388,81.2887,96.7391,117.6985,7.4039,7.9065,19.7605,20.7388,50.0,0,0,gross_failure,1
IC_6781,LOT_C,W20,11.0842,12.8995,14.6392,16.1713,2.344,2.4478,10.9532,11.0897,50.0,1,1,normal,0
IC_6782,LOT_C,W08,13.4319,14.2982,14.9704,15.0374,2.521,2.6287,11.7611,11.8067,50.0,1,1,normal,0
IC_6783,LOT_B,W01,5.7475,6.8289,7.8309,7.9484,2.2726,2.3323,11.0413,11.2205,50.0,1,1,normal,0
IC_6784,LOT_E,W14,10.1181,11.184,11.9233,12.5785,1.8279,1.9013,13.1818,13.3549,50.0,1,1,normal,0
IC_6785,LOT_A,W02,10.8981,12.2469,13.4758,14.0178,2.5014,2.5607,11.529,11.5943,50.0,1,1,normal,0
IC_6786,LOT_C,W14,12.419,18.717,53.3823,98.2812,2.3211,2.7112,11.0069,11.5786,50.0,1,1,early_drifter,1
IC_6787,LOT_E,W15,12.8682,14.2111,15.8646,16.8714,2.6806,2.7484,12.263,12.4711,50.0,1,1,normal,0
IC_6788,LOT_A,W15,10.807,11.716,12.832,13.0119,2.4902,2.5492,11.4097,11.2764,50.0,1,1,normal,0
IC_6789,LOT_E,W06,10.315,11.5818,13.0336,14.3923,2.238,2.3237,12.6558,12.6796,50.0,1,1,normal,0
IC_6790,LOT_E,W03,43.6627,45.5793,47.1467,49.8525,4.9159,4.9987,18.1173,18.3769,50.0,1,1,latent_distribution_outlier,1
IC_6791,LOT_E,W17,9.5906,10.534,11.5863,12.3669,1.7822,1.8527,12.3775,12.2773,50.0,1,1,normal,0
IC_6792,LOT_C,W07,11.614,13.0375,14.0255,15.0037,2.3581,2.3993,12.7964,13.0193,50.0,1,1,normal,0
IC_6793,LOT_E,W20,8.7876,10.031,11.3575,12.5576,2.2921,2.3562,12.5221,12.6731,50.0,1,1,normal,0
IC_6794,LOT_B,W09,8.4141,9.3515,10.1371,10.6882,2.4113,2.4745,10.0669,10.1374,50.0,1,1,normal,0
IC_6795,LOT_E,W03,59.6479,61.9573,70.8751,87.7086,6.0595,6.2557,20.8155,21.1123,50.0,0,0,gross_failure,1
IC_6796,LOT_B,W03,6.8356,7.9785,9.1871,10.1036,2.2978,2.355,10.7652,10.9213,50.0,1,1,normal,0
IC_6797,LOT_F,W09,10.8212,15.2847,41.585,75.9993,2.2632,2.5556,12.2347,12.6975,50.0,1,1,early_drifter,1
IC_6798,LOT_A,W12,7.6613,8.319,9.2723,9.9582,2.8969,2.9297,11.5132,11.581,50.0,1,1,normal,0
IC_6799,LOT_D,W05,11.3122,13.0247,14.02,15.1211,2.5212,2.6367,11.9448,12.1506,50.0,1,1,normal,0
IC_6800,LOT_A,W12,10.3616,11.3898,12.2233,12.749,2.4475,2.464,9.8344,9.9463,50.0,1,1,normal,0
IC_6801,LOT_D,W02,9.3914,10.7704,12.7538,13.6112,2.663,2.7776,11.5316,11.6822,50.0,1,1,normal,0
IC_6802,LOT_A,W07,9.3578,10.8187,12.3637,13.7314,2.4142,2.5363,12.0559,12.2872,50.0,1,1,normal,0
IC_6803,LOT_F,W01,10.5295,11.6777,12.8702,13.5601,2.5852,2.6762,12.8251,12.9321,50.0,1,1,normal,0
IC_6804,LOT_D,W14,6.6775,8.0395,9.8429,10.472,2.0844,2.2001,9.8868,10.0477,50.0,1,1,normal,0
IC_6805,LOT_C,W13,10.6275,11.8406,13.8273,14.2214,1.9435,2.0259,10.5251,10.7357,50.0,1,1,normal,0
IC_6806,LOT_E,W06,10.1991,11.37,12.2552,13.0764,2.2662,2.3512,13.1333,13.4616,50.0,1,1,normal,0
IC_6807,LOT_C,W11,9.3079,14.8395,46.2704,84.8906,2.3651,2.6776,12.4578,13.0987,50.0,1,1,early_drifter,1
IC_6808,LOT_E,W22,8.8859,9.7359,10.911,10.8269,1.9975,1.992,13.1157,13.1472,50.0,1,1,normal,0
IC_6809,LOT_C,W07,46.4831,48.3594,50.6564,51.5576,5.1059,5.1851,17.5964,17.8834,50.0,1,1,latent_distribution_outlier,1
IC_6810,LOT_B,W16,9.5234,10.5098,11.2184,11.9667,2.2744,2.3226,11.229,11.4878,50.0,1,1,normal,0
IC_6811,LOT_F,W11,11.7431,13.1066,14.1106,14.805,2.4432,2.5992,11.1075,11.3323,50.0,1,1,normal,0
IC_6812,LOT_C,W04,10.6886,16.7042,47.9693,91.1155,2.3248,2.7203,10.7709,11.5418,50.0,1,1,early_drifter,1
IC_6813,LOT_A,W16,7.738,8.9816,10.0888,10.523,2.5637,2.6205,9.6698,9.6865,50.0,1,1,normal,0
IC_6814,LOT_B,W11,13.2576,14.7232,16.465,17.6982,2.8234,2.909,11.5693,11.8566,50.0,1,1,normal,0
IC_6815,LOT_E,W14,9.0452,10.4378,11.2799,12.4201,2.1444,2.2219,11.5966,11.7227,50.0,1,1,normal,0
IC_6816,LOT_F,W18,8.0816,9.0224,10.5859,10.5445,1.881,1.9664,12.8433,12.6951,50.0,1,1,normal,0
IC_6817,LOT_B,W13,7.0,13.7109,48.7108,95.0087,2.5336,2.9559,10.796,11.4905,50.0,1,1,early_drifter,1
IC_6818,LOT_D,W24,11.4476,12.3117,13.0799,14.1028,2.3483,2.4195,12.622,12.6922,50.0,1,1,normal,0
IC_6819,LOT_C,W05,12.2995,13.7921,15.0358,16.7252,1.9652,2.0494,11.4542,11.6072,50.0,1,1,normal,0
IC_6820,LOT_D,W03,8.3822,9.7102,11.2331,12.6027,2.5265,2.5727,10.4359,10.5835,50.0,1,1,normal,0
IC_6821,LOT_D,W06,8.99,15.1588,49.0113,94.3462,2.4598,2.797,11.8479,12.5741,50.0,1,1,early_drifter,1
IC_6822,LOT_E,W07,9.9778,11.6431,13.0076,13.297,1.7723,1.8833,12.3803,12.611,50.0,1,1,normal,0
IC_6823,LOT_B,W02,6.9635,8.2816,9.1697,9.8286,2.6806,2.8055,10.2039,10.267,50.0,1,1,normal,0
IC_6824,LOT_B,W16,8.3065,9.7867,11.2481,11.4784,2.382,2.455,12.8992,13.0641,50.0,1,1,normal,0
IC_6825,LOT_C,W18,10.2254,11.9839,13.5869,14.3918,1.7356,1.8588,11.7458,11.979,50.0,1,1,normal,0
IC_6826,LOT_C,W08,9.412,11.0004,12.7582,13.1742,2.1701,2.2938,11.8896,12.0676,50.0,1,1,normal,0
IC_6827,LOT_C,W02,8.9396,10.2585,11.3621,12.6625,1.7531,1.828,11.0464,11.0725,50.0,1,1,normal,0
IC_6828,LOT_A,W18,7.2245,8.6167,10.0057,10.7957,2.7747,2.8642,11.5151,11.6389,50.0,1,1,normal,0
IC_6829,LOT_F,W23,11.2889,12.4193,13.6458,14.262,2.4634,2.5572,12.8355,12.7121,50.0,1,1,normal,0
IC_6830,LOT_D,W24,9.4559,10.9417,12.358,12.9691,2.6303,2.6999,11.8274,12.0735,50.0,1,1,normal,0
IC_6831,LOT_C,W23,10.5898,11.9668,13.3346,13.6571,2.1739,2.2461,11.4263,11.6468,50.0,1,1,normal,0
IC_6832,LOT_F,W09,9.1023,10.1571,11.1177,11.7497,2.0524,2.1345,11.931,11.9961,50.0,1,1,normal,0
IC_6833,LOT_E,W03,13.1415,14.1229,14.4402,15.6732,2.3494,2.4498,12.9642,12.8989,50.0,1,1,normal,0
IC_6834,LOT_B,W16,7.9028,8.8851,10.5147,10.9537,2.6156,2.648,10.5535,10.7746,50.0,1,1,normal,0
IC_6835,LOT_B,W01,10.6144,12.3058,13.4212,14.6152,2.5329,2.6274,12.0158,12.2179,50.0,1,1,normal,0
IC_6836,LOT_D,W08,10.1904,11.7535,13.04,14.4955,2.3708,2.4827,12.0961,12.1964,50.0,1,1,normal,0
IC_6837,LOT_B,W07,9.8047,10.4521,11.6671,13.0729,2.2369,2.3144,9.7366,9.8513,50.0,1,1,normal,0
IC_6838,LOT_D,W14,44.8596,47.4137,48.9219,50.1138,5.0763,5.2757,16.4928,17.0596,50.0,1,1,latent_distribution_outlier,1
IC_6839,LOT_A,W14,10.712,11.5077,12.597,12.9888,2.521,2.5856,11.9016,11.9735,50.0,1,1,normal,0
IC_6840,LOT_C,W24,12.7755,14.181,15.2927,16.1008,2.1238,2.2146,11.0936,11.3577,50.0,1,1,normal,0
IC_6841,LOT_E,W05,7.1117,8.7105,10.4847,10.9707,1.7612,1.8713,11.8055,11.9927,50.0,1,1,normal,0
IC_6842,LOT_A,W23,8.3677,9.3383,10.7917,10.6259,2.5866,2.686,11.9799,12.3498,50.0,1,1,normal,0
IC_6843,LOT_A,W21,74.3545,83.4119,90.3049,106.2283,7.5181,8.0421,22.6472,23.7762,50.0,0,0,gross_failure,1
IC_6844,LOT_B,W14,6.9059,7.6886,8.6241,9.2625,2.4731,2.5453,10.1024,10.2053,50.0,1,1,normal,0
IC_6845,LOT_C,W15,13.0091,14.1171,15.1968,16.2197,2.6304,2.688,11.2455,11.2998,50.0,1,1,normal,0
IC_6846,LOT_A,W20,8.5824,9.3818,10.3839,10.6536,2.3302,2.3674,12.1914,12.3824,50.0,1,1,normal,0
IC_6847,LOT_F,W11,10.4855,11.4715,12.4061,12.6475,1.9776,2.0172,14.1127,14.1977,50.0,1,1,normal,0
IC_6848,LOT_C,W06,9.4346,10.1773,11.3508,11.5954,1.7971,1.9086,12.534,12.641,50.0,1,1,normal,0
IC_6849,LOT_F,W18,10.5243,12.1854,13.4931,14.6479,2.549,2.6548,14.1324,14.3038,50.0,1,1,normal,0
IC_6850,LOT_E,W17,12.261,14.0121,15.2871,15.5551,2.2586,2.3473,12.5456,12.8206,50.0,1,1,normal,0
IC_6851,LOT_D,W06,9.1575,10.2131,11.9771,13.0797,2.6429,2.7278,12.8648,12.8976,50.0,1,1,normal,0
IC_6852,LOT_E,W08,10.2467,11.9608,13.4716,14.6479,2.6745,2.7766,11.2849,11.4886,50.0,1,1,normal,0
IC_6853,LOT_A,W18,8.9203,10.377,11.6291,12.4504,2.3982,2.4836,11.2243,11.5001,50.0,1,1,normal,0
IC_6854,LOT_E,W17,8.5126,9.8635,11.1537,12.0983,2.1671,2.2784,12.5824,12.8478,50.0,1,1,normal,0
IC_6855,LOT_E,W21,12.2465,13.2291,13.6198,14.1175,2.3304,2.3722,13.1232,13.1297,50.0,1,1,normal,0
IC_6856,LOT_D,W16,11.0393,11.6901,12.6021,13.3178,2.5213,2.5712,11.5264,11.5521,50.0,1,1,normal,0
IC_6857,LOT_E,W17,12.4372,13.3998,13.8923,14.3886,2.3006,2.3752,12.8311,13.0356,50.0,1,1,normal,0
IC_6858,LOT_A,W05,8.8259,9.7989,10.6277,11.1995,2.7253,2.7857,11.9106,11.9603,50.0,1,1,normal,0
IC_6859,LOT_F,W23,10.3107,11.3704,12.6785,13.1551,1.8317,1.9094,14.4317,14.5326,50.0,1,1,normal,0
IC_6860,LOT_B,W23,7.0,13.0362,48.113,93.5399,2.7388,3.14,9.4785,10.2738,50.0,1,1,early_drifter,1
IC_6861,LOT_E,W07,9.3609,10.5335,11.127,11.8405,1.7966,1.8643,13.4786,13.6461,50.0,1,1,normal,0
IC_6862,LOT_F,W04,33.1069,34.59,35.9473,37.9693,3.8525,3.9528,16.0382,16.1442,50.0,1,1,latent_distribution_outlier,1
IC_6863,LOT_F,W09,11.2009,12.501,13.5518,14.0373,2.4095,2.4804,13.3699,13.5756,50.0,1,1,normal,0
IC_6864,LOT_E,W13,8.5879,9.6101,10.3822,10.7035,1.8532,1.9234,12.3854,12.3558,50.0,1,1,normal,0
IC_6865,LOT_A,W04,10.7165,12.1412,13.6739,15.4185,2.2615,2.3564,11.6048,11.8523,50.0,1,1,normal,0
IC_6866,LOT_E,W18,8.1651,9.6705,11.0627,12.5365,1.579,1.6284,11.6862,11.8678,50.0,1,1,normal,0
IC_6867,LOT_A,W15,7.7635,9.1209,10.3763,11.8487,2.0534,2.1364,11.4356,11.6629,50.0,1,1,normal,0
IC_6868,LOT_D,W05,11.4935,13.1966,14.6794,14.9454,2.5638,2.6995,11.8277,12.1873,50.0,1,1,normal,0
IC_6869,LOT_E,W19,9.6123,10.7786,10.8067,11.8497,1.9196,2.0035,12.0658,12.3126,50.0,1,1,normal,0
IC_6870,LOT_B,W13,9.9906,11.6079,12.8001,14.0052,2.446,2.5014,11.1163,11.2751,50.0,1,1,normal,0
IC_6871,LOT_F,W23,9.3439,10.8336,12.4205,13.7936,1.9443,1.9949,13.3937,13.4172,50.0,1,1,normal,0
IC_6872,LOT_D,W24,12.2856,13.9085,15.2224,16.2992,2.5499,2.6627,11.6207,11.8408,50.0,1,1,normal,0
IC_6873,LOT_C,W12,12.6923,13.4637,14.0889,15.4994,2.3948,2.4598,11.1369,11.2743,50.0,1,1,normal,0
IC_6874,LOT_F,W05,11.4442,12.5497,12.8478,13.3834,2.0688,2.1139,14.4911,14.6323,50.0,1,1,normal,0
IC_6875,LOT_F,W04,8.6005,9.6275,10.8706,11.2932,1.8622,1.9583,12.6625,12.7063,50.0,1,1,normal,0
IC_6876,LOT_D,W15,11.5915,12.6023,13.8727,15.1173,2.5414,2.6308,12.8662,12.9729,50.0,1,1,normal,0
IC_6877,LOT_A,W12,7.5785,9.0856,10.3079,11.6575,2.3296,2.3954,10.6348,10.7597,50.0,1,1,normal,0
IC_6878,LOT_F,W02,80.7628,84.0631,102.2202,121.9162,7.8679,8.0773,23.6938,24.0816,50.0,0,0,gross_failure,1
IC_6879,LOT_C,W06,12.4947,13.9313,15.2377,16.0367,2.1327,2.2022,13.4747,13.6264,50.0,1,1,normal,0
IC_6880,LOT_D,W08,10.2386,11.7907,12.6403,13.8657,2.1597,2.2408,11.7519,11.8208,50.0,1,1,normal,0
IC_6881,LOT_B,W15,9.7515,10.765,11.5942,11.6242,2.2095,2.2542,10.8772,10.921,50.0,1,1,normal,0
IC_6882,LOT_B,W02,8.6496,10.3113,12.2301,12.5871,2.4201,2.5556,10.2597,10.584,50.0,1,1,normal,0
IC_6883,LOT_E,W18,12.678,13.8077,15.137,15.7761,2.024,2.085,12.4325,12.4864,50.0,1,1,normal,0
IC_6884,LOT_F,W12,11.0979,12.1765,12.0233,13.0607,2.3623,2.4344,11.8948,11.9616,50.0,1,1,normal,0
IC_6885,LOT_E,W10,10.417,11.2049,12.4436,13.0792,2.0003,2.0871,13.1615,13.1586,50.0,1,1,normal,0
IC_6886,LOT_E,W13,7.7617,9.1991,10.8296,12.295,2.389,2.4972,12.5096,12.7059,50.0,1,1,normal,0
IC_6887,LOT_E,W18,9.7779,10.8787,12.6709,12.302,2.0671,2.0948,12.9668,13.0012,50.0,1,1,normal,0
IC_6888,LOT_B,W22,11.5621,12.7726,14.331,15.0032,2.6677,2.7277,11.0419,11.1846,50.0,1,1,normal,0
IC_6889,LOT_E,W16,10.7117,11.8831,12.9831,13.9755,2.4643,2.5701,12.7918,12.8558,50.0,1,1,normal,0
IC_6890,LOT_F,W04,10.4425,15.284,41.9777,74.2725,2.3643,2.6435,13.5026,14.1685,50.0,1,1,early_drifter,1
IC_6891,LOT_A,W08,10.6378,11.5107,12.4134,11.806,2.7547,2.8017,11.6798,11.8717,50.0,1,1,normal,0
IC_6892,LOT_F,W13,10.6538,12.0413,13.6257,14.5863,2.4095,2.4687,12.7802,12.872,50.0,1,1,normal,0
IC_6893,LOT_F,W03,41.9595,42.6008,43.7628,44.8838,4.6454,4.7015,18.2961,18.2845,50.0,1,1,latent_distribution_outlier,1
IC_6894,LOT_B,W09,7.0,11.0763,36.9458,69.7786,1.767,1.9937,10.1972,10.6065,50.0,1,1,early_drifter,1
IC_6895,LOT_C,W09,14.485,16.0872,17.9354,18.041,2.9133,2.9973,12.731,13.0678,50.0,1,1,normal,0
IC_6896,LOT_F,W18,9.287,10.2661,10.8318,11.7395,1.8032,1.8895,14.2067,14.2151,50.0,1,1,normal,0
IC_6897,LOT_C,W02,11.4875,13.308,14.8175,16.2082,2.0891,2.2137,11.4876,11.8737,50.0,1,1,normal,0
IC_6898,LOT_A,W02,10.0558,11.6333,13.4512,14.2076,2.8746,2.9307,11.1095,11.2193,50.0,1,1,normal,0
IC_6899,LOT_F,W04,76.7863,80.9365,90.7719,106.9133,7.217,7.48,22.7195,23.2802,50.0,0,0,gross_failure,1
IC_6900,LOT_A,W11,8.3842,14.5027,47.0086,88.1933,2.5445,2.9516,10.8364,11.5871,50.0,1,1,early_drifter,1
IC_6901,LOT_B,W07,9.7175,11.2641,12.5171,13.3682,2.5005,2.58,11.1964,11.5643,50.0,1,1,normal,0
IC_6902,LOT_E,W11,10.2791,11.4061,11.8485,12.9998,2.3446,2.4004,13.0151,13.0386,50.0,1,1,normal,0
IC_6903,LOT_C,W20,10.516,11.8863,13.0894,13.9344,2.2181,2.316,12.0393,12.1733,50.0,1,1,normal,0
IC_6904,LOT_B,W05,11.6585,12.8227,13.843,15.2245,2.8774,2.929,12.5812,12.6321,50.0,1,1,normal,0
IC_6905,LOT_C,W13,10.5858,11.9553,13.0695,13.3886,2.2941,2.3531,11.5563,11.6192,50.0,1,1,normal,0
IC_6906,LOT_E,W01,12.3194,13.7663,14.626,15.7884,2.301,2.3537,11.8191,11.9824,50.0,1,1,normal,0
IC_6907,LOT_E,W18,9.7571,10.9838,12.4267,13.3739,1.9025,1.9842,12.181,12.2264,50.0,1,1,normal,0
IC_6908,LOT_B,W14,8.9542,10.5137,11.795,12.8082,2.5868,2.7007,11.7814,11.8499,50.0,1,1,normal,0
IC_6909,LOT_F,W12,10.489,11.2808,12.0051,12.4761,2.1084,2.1463,12.3115,12.2972,50.0,1,1,normal,0
IC_6910,LOT_D,W05,9.6354,12.3791,29.4667,51.5532,2.5113,2.6984,10.6323,11.1026,50.0,1,1,early_drifter,1
IC_6911,LOT_D,W10,8.4765,9.3602,10.3324,10.5285,2.6272,2.6635,11.2667,11.5079,50.0,1,1,normal,0
IC_6912,LOT_B,W13,8.432,10.0614,11.5357,12.2951,2.1457,2.2061,11.453,11.7287,50.0,1,1,normal,0
IC_6913,LOT_F,W03,10.199,11.5444,12.8692,14.1861,2.0072,2.0434,13.1841,13.3106,50.0,1,1,normal,0
IC_6914,LOT_A,W21,9.0195,9.9829,10.5544,11.1222,2.5203,2.6032,11.2106,11.2923,50.0,1,1,normal,0
IC_6915,LOT_B,W23,8.9923,10.6392,12.2232,13.3269,2.4197,2.5291,11.3328,11.6935,50.0,1,1,normal,0
IC_6916,LOT_F,W21,10.1011,11.9099,13.0795,14.8642,2.2127,2.3307,13.7861,13.9914,50.0,1,1,normal,0
IC_6917,LOT_F,W05,11.1297,11.8796,12.4116,13.2752,2.2311,2.2809,13.5694,13.6581,50.0,1,1,normal,0
IC_6918,LOT_C,W07,63.2839,70.8359,83.423,109.3174,6.3835,6.8501,19.1583,20.0417,50.0,0,0,gross_failure,1
IC_6919,LOT_C,W24,11.328,12.1793,13.4685,14.5697,2.3198,2.3757,12.1344,12.2366,50.0,1,1,normal,0
IC_6920,LOT_B,W12,8.9316,9.8251,10.3361,11.7103,2.2317,2.2361,13.1506,13.1854,50.0,1,1,normal,0
IC_6921,LOT_A,W22,7.9466,12.2781,36.2103,67.6663,2.4805,2.7474,12.3175,12.775,50.0,1,1,early_drifter,1
IC_6922,LOT_A,W06,9.7799,10.4285,11.3254,12.4979,2.5549,2.5857,11.8758,12.1698,50.0,1,1,normal,0
IC_6923,LOT_B,W04,8.3493,14.5532,49.632,96.9433,2.4156,2.8632,10.662,11.4558,50.0,1,1,early_drifter,1
IC_6924,LOT_E,W06,5.6045,6.7662,7.4791,8.3343,1.8723,1.9592,12.6995,12.8898,50.0,1,1,normal,0
IC_6925,LOT_F,W13,10.4105,11.3351,12.6593,13.1174,2.4687,2.5454,12.0591,12.1817,50.0,1,1,normal,0
IC_6926,LOT_E,W19,9.7119,10.9,12.2545,12.9751,2.5175,2.5721,14.1367,14.2646,50.0,1,1,normal,0
IC_6927,LOT_D,W13,32.2526,34.3522,35.7568,37.972,4.2976,4.4535,15.0873,15.3327,50.0,1,1,latent_distribution_outlier,1
IC_6928,LOT_D,W12,9.7158,10.8766,11.5659,12.0431,2.6476,2.7221,11.5917,11.6195,50.0,1,1,normal,0
IC_6929,LOT_A,W16,32.4837,34.1379,36.0371,37.8927,4.5768,4.609,14.7341,14.8989,50.0,1,1,latent_distribution_outlier,1
IC_6930,LOT_A,W21,9.4057,11.1879,12.5655,13.208,2.3095,2.4218,11.8466,12.2262,50.0,1,1,normal,0
IC_6931,LOT_D,W15,10.7566,12.3906,13.8309,14.9516,2.5361,2.628,12.5462,12.7705,50.0,1,1,normal,0
IC_6932,LOT_A,W18,9.5351,11.2685,12.3425,12.9084,2.6921,2.8028,12.3532,12.613,50.0,1,1,normal,0
IC_6933,LOT_E,W23,11.1864,11.9186,12.7581,13.2359,2.0,2.065,12.3498,12.3523,50.0,1,1,normal,0
IC_6934,LOT_D,W22,8.6943,10.4325,11.8781,13.9855,2.6862,2.7992,11.7237,12.0222,50.0,1,1,normal,0
IC_6935,LOT_E,W10,10.634,11.9638,13.2988,13.7317,2.5614,2.6849,12.6719,12.7976,50.0,1,1,normal,0
IC_6936,LOT_A,W06,10.2022,11.6955,13.4364,14.487,2.8334,2.8779,10.6391,10.7053,50.0,1,1,normal,0
IC_6937,LOT_B,W13,7.8606,9.6048,10.9667,12.41,2.5486,2.5833,10.6493,10.6821,50.0,1,1,normal,0
IC_6938,LOT_C,W01,13.1114,14.2835,15.5496,15.9735,2.1276,2.2054,11.9622,12.0079,50.0,1,1,normal,0
IC_6939,LOT_E,W07,9.744,11.121,11.976,12.7085,1.8275,1.9137,11.9931,12.1546,50.0,1,1,normal,0
IC_6940,LOT_E,W16,10.1625,11.6072,12.1876,13.5966,2.2348,2.3489,12.0971,12.2171,50.0,1,1,normal,0
IC_6941,LOT_C,W05,11.7534,12.9216,14.6176,15.8805,2.1633,2.2467,10.9129,11.1047,50.0,1,1,normal,0
IC_6942,LOT_E,W18,7.892,9.1908,10.7792,12.387,1.8169,1.8741,11.7496,11.9287,50.0,1,1,normal,0
IC_6943,LOT_A,W11,11.2193,12.5777,13.7544,14.0687,2.8376,2.8542,12.3266,12.5487,50.0,1,1,normal,0
IC_6944,LOT_C,W09,12.4099,13.1889,14.2226,14.7502,2.4043,2.4945,10.9056,10.9894,50.0,1,1,normal,0
IC_6945,LOT_E,W14,11.0812,12.2555,13.0049,13.8137,2.18,2.2765,13.1559,13.3882,50.0,1,1,normal,0
IC_6946,LOT_D,W11,15.1055,16.489,18.2103,19.7053,2.7995,2.8574,12.006,12.086,50.0,1,1,normal,0
IC_6947,LOT_D,W19,10.692,12.3956,13.8785,15.0711,2.5352,2.6231,12.0151,12.2158,50.0,1,1,normal,0
IC_6948,LOT_F,W13,7.5071,8.3761,9.2907,9.9548,1.8781,1.9019,12.5388,12.5608,50.0,1,1,normal,0
IC_6949,LOT_F,W10,11.7819,12.9181,14.3597,14.5063,2.3097,2.4018,13.3763,13.5603,50.0,1,1,normal,0
IC_6950,LOT_F,W22,11.8675,18.6214,53.6847,100.5041,2.3876,2.8088,13.1332,13.968,50.0,1,1,early_drifter,1
IC_6951,LOT_E,W15,10.6489,11.9696,13.1174,14.7371,1.8853,1.9768,11.969,12.0857,50.0,1,1,normal,0
IC_6952,LOT_E,W23,8.902,10.1335,11.3082,12.1566,2.253,2.2925,12.8186,12.9146,50.0,1,1,normal,0
IC_6953,LOT_C,W13,12.3507,13.9971,15.2581,16.4605,2.4851,2.6153,12.8627,13.0362,50.0,1,1,normal,0
IC_6954,LOT_C,W17,9.3204,10.6244,11.8299,12.8327,1.7867,1.8366,11.1651,11.3837,50.0,1,1,normal,0
IC_6955,LOT_C,W06,61.1215,64.0046,76.3531,97.3062,6.4137,6.604,18.9246,19.2371,50.0,0,0,gross_failure,1
IC_6956,LOT_C,W06,10.294,11.8413,13.3516,13.8047,2.1421,2.2326,11.3498,11.5543,50.0,1,1,normal,0
IC_6957,LOT_F,W18,8.9396,9.775,10.4968,10.6665,1.6146,1.6472,13.0682,13.1948,50.0,1,1,normal,0
IC_6958,LOT_C,W09,12.344,15.2426,31.7293,53.1134,2.4045,2.5661,10.312,10.7826,50.0,1,1,early_drifter,1
IC_6959,LOT_E,W23,11.0153,12.8649,14.112,14.9347,2.0935,2.1617,11.9028,12.2274,50.0,1,1,normal,0
IC_6960,LOT_D,W17,32.4286,34.052,35.6899,35.7893,4.4717,4.6151,16.0548,16.1741,50.0,1,1,latent_distribution_outlier,1
IC_6961,LOT_F,W23,11.3564,12.3323,14.4668,14.8919,2.0846,2.1301,13.3068,13.3947,50.0,1,1,normal,0
IC_6962,LOT_E,W10,8.3978,9.7977,10.7883,11.5944,2.3728,2.4626,12.0713,12.1343,50.0,1,1,normal,0
IC_6963,LOT_C,W22,11.5514,12.3487,13.3755,13.6309,2.0464,2.0906,12.926,13.0254,50.0,1,1,normal,0
IC_6964,LOT_E,W03,9.7657,10.6732,12.0916,12.8413,2.1882,2.2514,12.7035,12.8095,50.0,1,1,normal,0
IC_6965,LOT_D,W14,10.1674,11.8482,13.4855,13.9772,2.3775,2.4766,11.1144,11.254,50.0,1,1,normal,0
IC_6966,LOT_F,W10,10.8401,12.3305,14.4152,15.5168,2.0633,2.1583,13.3225,13.4379,50.0,1,1,normal,0
IC_6967,LOT_D,W01,7.343,8.3774,9.3209,9.816,2.1255,2.1479,10.4441,10.5869,50.0,1,1,normal,0
IC_6968,LOT_E,W08,11.435,13.0174,14.2278,14.7496,2.4788,2.5724,12.8924,13.1306,50.0,1,1,normal,0
IC_6969,LOT_E,W23,10.0793,11.3665,12.5413,13.5709,2.4141,2.5059,13.5871,13.6613,50.0,1,1,normal,0
IC_6970,LOT_C,W04,9.3644,10.336,11.1714,12.1963,2.2476,2.2771,10.7717,10.9026,50.0,1,1,normal,0
IC_6971,LOT_D,W23,9.0774,10.4421,11.445,11.8658,2.4556,2.5173,12.6477,12.8134,50.0,1,1,normal,0
IC_6972,LOT_E,W07,11.8965,12.5238,13.3122,14.344,2.1694,2.1866,12.7192,12.7648,50.0,1,1,normal,0
IC_6973,LOT_B,W14,8.1909,9.3066,10.482,11.5515,2.7519,2.8689,11.2288,11.3281,50.0,1,1,normal,0
IC_6974,LOT_E,W09,11.2078,12.0071,12.1893,13.4478,1.8729,1.9197,12.148,12.1422,50.0,1,1,normal,0
IC_6975,LOT_A,W18,32.9266,34.2157,35.7868,36.6442,4.4891,4.5613,14.7464,14.8717,50.0,1,1,latent_distribution_outlier,1
IC_6976,LOT_A,W16,9.9931,11.8779,13.5797,14.8517,2.5378,2.6791,11.3891,11.6598,50.0,1,1,normal,0
IC_6977,LOT_D,W19,7.9325,9.2032,10.1504,10.5687,2.4497,2.4755,12.0755,12.0349,50.0,1,1,normal,0
IC_6978,LOT_D,W18,40.137,41.6921,43.4582,44.1577,4.7399,4.8479,15.8382,16.0682,50.0,1,1,latent_distribution_outlier,1
IC_6979,LOT_E,W14,84.5431,90.1983,98.7954,122.6481,8.0321,8.346,23.8979,24.6401,50.0,0,0,gross_failure,1
IC_6980,LOT_D,W10,10.4492,11.2447,12.2943,13.0618,2.4544,2.5033,12.4256,12.457,50.0,1,1,normal,0
IC_6981,LOT_E,W14,36.1253,38.0607,40.6766,40.278,4.1783,4.2855,16.6466,16.9766,50.0,1,1,latent_distribution_outlier,1
IC_6982,LOT_E,W23,9.9053,10.65,11.2092,11.7728,2.0551,2.093,13.0715,13.0092,50.0,1,1,normal,0
IC_6983,LOT_B,W19,9.8096,11.2751,12.5434,13.3753,2.8698,2.9182,13.1659,13.3882,50.0,1,1,normal,0
IC_6984,LOT_A,W09,12.1618,13.1819,14.1559,14.9288,2.5236,2.6121,12.0548,12.1215,50.0,1,1,normal,0
IC_6985,LOT_B,W04,8.4439,9.6951,10.6821,12.2135,2.7745,2.8333,11.0143,11.0928,50.0,1,1,normal,0
IC_6986,LOT_F,W22,13.516,15.3104,17.0621,18.1629,2.5412,2.6655,13.2434,13.4056,50.0,1,1,normal,0
IC_6987,LOT_C,W16,12.62,14.057,16.0794,16.9135,2.4592,2.5819,12.3238,12.6834,50.0,1,1,normal,0
IC_6988,LOT_F,W16,9.5211,10.8404,12.8519,13.4659,2.4823,2.6053,13.1664,13.2373,50.0,1,1,normal,0
IC_6989,LOT_D,W11,10.6184,11.5941,12.1956,12.9623,2.5468,2.6599,12.3684,12.59,50.0,1,1,normal,0
IC_6990,LOT_C,W21,9.5913,11.194,12.9935,14.0563,2.2614,2.3254,11.1567,11.285,50.0,1,1,normal,0
IC_6991,LOT_B,W20,8.5008,10.0057,11.5787,11.901,2.2127,2.2924,10.1328,10.3299,50.0,1,1,normal,0
IC_6992,LOT_C,W24,12.9765,14.1407,15.456,16.4048,2.1978,2.2548,12.2731,12.3651,50.0,1,1,normal,0
IC_6993,LOT_E,W22,9.4917,10.773,11.9165,13.035,2.3008,2.3645,11.9752,11.9313,50.0,1,1,normal,0
IC_6994,LOT_E,W18,12.6247,13.8922,15.3281,16.205,2.4814,2.5683,12.7177,12.9348,50.0,1,1,normal,0
IC_6995,LOT_D,W05,10.6708,15.7582,44.7693,82.3623,2.449,2.8018,12.9424,13.4557,50.0,1,1,early_drifter,1
IC_6996,LOT_F,W24,9.2813,10.649,12.1561,13.1566,2.03,2.1372,11.6027,11.9078,50.0,1,1,normal,0
IC_6997,LOT_B,W13,42.6047,43.3992,45.0705,46.326,5.4728,5.4851,16.5637,16.7097,50.0,1,1,latent_distribution_outlier,1
IC_6998,LOT_C,W18,9.7078,10.3848,11.9017,12.5145,1.7411,1.8019,12.1047,12.0514,50.0,1,1,normal,0
IC_6999,LOT_A,W07,6.8893,7.5486,8.1099,9.4289,2.4222,2.4832,10.8322,10.8515,50.0,1,1,normal,0
